PROV_ID,DIST_ID,CORR_ID,LUPO_ID,BARR_ID,CODIGO,BARR_NOMB,BARR_CLASE,DESCRIP_ON
01,01,01,011,001,010101011001,BOCAS DEL TORO,3,BARRIO PARTE
01,01,01,011,003,010101011003,BARRIADA LA SOLUCIÓN,2,BARRIO COMPLETO
01,01,01,011,004,010101011004,LOMA DEL ESPINO,2,BARRIO COMPLETO
01,01,06,002,001,010106002001,BOCAS DEL TORO,3,BARRIO PARTE
01,01,06,002,002,010106002002,SAIGÓN,2,BARRIO COMPLETO
01,02,01,012,002,010201012002,BASE LINE,2,BARRIO COMPLETO
01,02,01,012,003,010201012003,CHANGUINOLA,2,BARRIO COMPLETO
01,02,01,012,006,010201012006,FINCA 11,3,BARRIO PARTE
01,02,01,012,014,010201012014,FINCA 66,3,BARRIO PARTE
01,02,01,012,033,010201012033,CORRUGADO,3,BARRIO PARTE
01,02,01,012,040,010201012040,SWITCH 4,2,BARRIO COMPLETO
01,02,01,012,043,010201012043,BARRIADA QUINTAS DE VILLA VERDE,2,BARRIO COMPLETO
01,02,01,012,044,010201012044,BARRIADA 21 DE SEPTIEMBRE,2,BARRIO COMPLETO
01,02,01,012,045,010201012045,BARRIADA NUEVA VISIÓN,2,BARRIO COMPLETO
01,02,01,012,046,010201012046,PRECARISMO DE CORRUGADO,3,BARRIO PARTE
01,02,03,011,001,010203011001,BARRIADA ADMINISTRACIÓN,2,BARRIO COMPLETO
01,02,03,011,002,010203011002,BARRIADA EL TECAL,2,BARRIO COMPLETO
01,02,03,011,003,010203011003,BARRIADA PATRIA NUEVA,2,BARRIO COMPLETO
01,02,03,011,004,010203011004,GUABITO,3,BARRIO PARTE
01,02,03,011,005,010203011005,RUBÉN DARÍO PAREDES,2,BARRIO COMPLETO
01,02,03,011,006,010203011006,BARRIADA 23 DE AGOSTO,2,BARRIO COMPLETO
01,02,03,011,007,010203011007,LA CÚCULA,2,BARRIO COMPLETO
01,02,03,011,008,010203011008,NUEVA GENERACIÓN,2,BARRIO COMPLETO
01,02,03,011,009,010203011009,GUABITO GARDENS,2,BARRIO COMPLETO
01,02,03,011,010,010203011010,BARRIADA 26 DE ENERO,2,BARRIO COMPLETO
01,02,06,015,001,010206015001,BARRIADA UNIVERSITARIA,2,BARRIO COMPLETO
01,02,06,015,002,010206015002,COIBITA,2,BARRIO COMPLETO
01,02,06,015,003,010206015003,EL EMPALME,2,BARRIO COMPLETO
01,02,06,015,004,010206015004,FINCA 13,2,BARRIO COMPLETO
01,02,06,015,005,010206015005,FINCA 15,2,BARRIO COMPLETO
01,02,06,015,006,010206015006,FINCA 65,3,BARRIO PARTE
01,02,06,015,007,010206015007,LUZÓN,2,BARRIO COMPLETO
01,02,06,015,008,010206015008,BARRIADA LINCOLN CREEK,2,BARRIO COMPLETO
01,02,06,015,009,010206015009,"BARRIADA EL MAYOR ""A""",2,BARRIO COMPLETO
01,02,06,015,010,010206015010,BALAS PIT,2,BARRIO COMPLETO
01,02,06,015,011,010206015011,"BARRIADA EL MAYOR ""B""",2,BARRIO COMPLETO
01,02,06,015,012,010206015012,LA LOMA O BARRIADA NUEVA ESPERANZA,2,BARRIO COMPLETO
01,02,06,015,013,010206015013,"LUZÓN ""D""",2,BARRIO COMPLETO
01,02,06,015,014,010206015014,PLANTA DE MOLDE,2,BARRIO COMPLETO
01,02,06,015,015,010206015015,FESTIVAL DEL BANANO,2,BARRIO COMPLETO
01,02,06,015,018,010206015018,BARRIO DULCE,2,BARRIO COMPLETO
01,02,06,015,019,010206015019,LA PRIMAVERA,2,BARRIO COMPLETO
01,02,06,015,020,010206015020,PUEBLO NUEVO DE TRANSPORTACIÓN,2,BARRIO COMPLETO
01,02,06,015,021,010206015021,BARRIADA LOS ÁNGELES,2,BARRIO COMPLETO
01,02,07,025,001,010207025001,LAS TABLAS,2,BARRIO COMPLETO
01,02,07,025,002,010207025002,100 CASAS,2,BARRIO COMPLETO
01,02,13,005,001,010213005001,BARRIADA 4 DE ABRIL O LOS PRECARISTAS,1,CABECERA
01,02,13,005,002,010213005002,BARRIADA 22 DE SEPTIEMBRE,2,BARRIO COMPLETO
01,02,13,005,003,010213005003,BARRIADA EL CARTÓN,2,BARRIO COMPLETO
01,02,13,005,004,010213005004,BARRIADA VISTA ALEGRE,2,BARRIO COMPLETO
01,02,13,005,005,010213005005,CORRUGADO,3,BARRIO PARTE
01,02,13,005,006,010213005006,EBEN EZER,2,BARRIO COMPLETO
01,02,13,005,007,010213005007,FINCA 11,3,BARRIO PARTE
01,02,15,003,002,010215003002,BARRIADA ARCO IRIS,2,BARRIO COMPLETO
01,02,15,003,003,010215003003,BARRIADA BETEL,2,BARRIO COMPLETO
01,02,15,003,004,010215003004,BARRIADA EL CANGREJO,2,BARRIO COMPLETO
01,02,15,003,005,010215003005,BARRIADA EL PARAÍSO O FINCA 42,2,BARRIO COMPLETO
01,02,15,003,006,010215003006,BARRIADA LOS LAURELES,2,BARRIO COMPLETO
01,02,15,003,007,010215003007,BARRIADA NUEVA ESPERANZA,2,BARRIO COMPLETO
01,02,15,003,009,010215003009,COBANA,2,BARRIO COMPLETO
01,02,15,003,010,010215003010,CORRUGADO,3,BARRIO PARTE
01,02,15,003,011,010215003011,FINCA 41,2,BARRIO COMPLETO
01,02,15,003,012,010215003012,FINCA 42,2,BARRIO COMPLETO
01,02,15,003,013,010215003013,FINCA 6,1,CABECERA
01,02,15,003,014,010215003014,SAN BOSCO,2,BARRIO COMPLETO
01,02,15,003,015,010215003015,URBANIZACIÓN VILLA ESPERANZA,2,BARRIO COMPLETO
01,02,15,003,016,010215003016,VILLA MARINA,2,BARRIO COMPLETO
01,02,15,003,020,010215003020,BARRIO ADONAI,2,BARRIO COMPLETO
01,02,15,003,022,010215003022,EL LERO,2,BARRIO COMPLETO
01,02,15,003,023,010215003023,PRECARISMO DE CORRUGADO,3,BARRIO PARTE
01,02,15,003,024,010215003024,SECTOR 3,2,BARRIO COMPLETO
01,02,15,003,025,010215003025,BARRIO SHALOM,2,BARRIO COMPLETO
01,02,15,003,026,010215003026,SECTOR 4 Ó 5 DE MAYO,2,BARRIO COMPLETO
01,02,20,001,001,010220001001,BARRIADA BARNETT,2,BARRIO COMPLETO
01,02,20,001,002,010220001002,BARRIADA SWITCH,2,BARRIO COMPLETO
01,02,20,001,003,010220001003,EL PURÉ,2,BARRIO COMPLETO
01,02,20,001,004,010220001004,FINCA 8,3,BARRIO PARTE
01,02,20,001,005,010220001005,FINCA 12,1,CABECERA
01,02,21,010,001,010221010001,GUABITO,3,BARRIO PARTE
01,02,22,001,001,010222001001,BARRIO LINDO,2,BARRIO COMPLETO
01,02,22,001,002,010222001002,EL CUADRANTE,2,BARRIO COMPLETO
01,02,22,001,003,010222001003,FINCA 8,3,BARRIO PARTE
01,02,22,001,004,010222001004,FINCA 65,3,BARRIO PARTE
01,02,22,001,005,010222001005,FINCA 66,4,CABECERA PARTE (Mixto)
01,03,01,017,001,010301017001,CHIRIQUÍ GRANDE,2,BARRIO COMPLETO
01,04,01,001,001,010401001001,ALMIRANTE,2,BARRIO COMPLETO
01,04,01,001,002,010401001002,BARRIO CONEJO,2,BARRIO COMPLETO
01,04,01,001,003,010401001003,BARRIO FRANCÉS,3,BARRIO PARTE
01,04,01,001,005,010401001005,LA ZONA,2,BARRIO COMPLETO
01,04,01,001,006,010401001006,MEDIA MILLA,3,BARRIO PARTE
01,04,01,001,007,010401001007,MILLA UNO,3,BARRIO PARTE
01,04,01,001,011,010401001011,ZEGLA,2,BARRIO COMPLETO
01,04,01,001,013,010401001013,BARRIADA LAS VEGAS,2,BARRIO COMPLETO
01,04,01,001,014,010401001014,BARRIADA MIVI,3,BARRIO PARTE
01,04,01,001,015,010401001015,BARRIADA SAN JOSÉ,2,BARRIO COMPLETO
01,04,01,001,017,010401001017,LA GOLONDRINA,3,BARRIO PARTE
01,04,01,001,019,010401001019,BARRIADA LOMA BRAVA,2,BARRIO COMPLETO
01,04,02,001,002,010402001002,BARRIO FRANCÉS,4,CABECERA PARTE (Mixto)
01,04,02,001,003,010402001003,LA GOLONDRINA,3,BARRIO PARTE
01,04,02,001,004,010402001004,LA LOMA DE GOLONDRINA,2,BARRIO COMPLETO
01,04,02,001,006,010402001006,MEDIA MILLA,3,BARRIO PARTE
01,04,02,001,007,010402001007,PUNTA DOMÍNGUEZ,2,BARRIO COMPLETO
01,04,02,001,008,010402001008,TAMPICO,2,BARRIO COMPLETO
01,04,03,001,001,010403001001,BARRIADA AEROPUERTO,2,BARRIO COMPLETO
01,04,03,001,002,010403001002,BARRIADA MIVI,3,BARRIO PARTE
01,04,03,001,005,010403001005,BARRIO GUAYMÍ,1,CABECERA
01,04,03,001,006,010403001006,MILLA UNO,3,BARRIO PARTE
01,04,03,001,007,010403001007,VILLA DEL INDIO,2,BARRIO COMPLETO
02,01,01,001,001,020101001001,AGUADULCE,2,BARRIO COMPLETO
02,01,01,001,003,020101001003,BARRIADA POZO AZUL,3,BARRIO PARTE
02,01,01,001,004,020101001004,BARRIADA CHOPO REAL,2,BARRIO COMPLETO
02,01,01,001,006,020101001006,BARRIO LA SIESTA,2,BARRIO COMPLETO
02,01,01,001,007,020101001007,BARRIO LINDO,3,BARRIO PARTE
02,01,01,001,008,020101001008,BARRIADA LOS MARINEROS,2,BARRIO COMPLETO
02,01,01,001,009,020101001009,BARRIADA MALAMBO,2,BARRIO COMPLETO
02,01,01,001,010,020101001010,BARRIADA PUEBLO NUEVO,2,BARRIO COMPLETO
02,01,01,001,012,020101001012,URBANIZACIÓN BOULEVAR,2,BARRIO COMPLETO
02,01,01,001,013,020101001013,URBANIZACIÓN LA LUNA,2,BARRIO COMPLETO
02,01,01,001,014,020101001014,BARRIO EL ARRANQUE NO.1,2,BARRIO COMPLETO
02,01,01,001,015,020101001015,BARRIADA EL NANCE O VIRGEN GUADALUPE,2,BARRIO COMPLETO
02,01,01,001,016,020101001016,BARRIADA LA PROVIDENCIA,2,BARRIO COMPLETO
02,01,01,001,017,020101001017,BARRIADA SAN ROQUE,2,BARRIO COMPLETO
02,01,01,001,018,020101001018,BARRIADA LA TRINIDAD,2,BARRIO COMPLETO
02,01,01,001,019,020101001019,BARRIADA LA VENCEDORA,2,BARRIO COMPLETO
02,01,01,001,020,020101001020,BARRIADA LOS ÁNGELES,2,BARRIO COMPLETO
02,01,01,001,021,020101001021,VILLA VERÓNICA,2,BARRIO COMPLETO
02,01,01,001,022,020101001022,URBANIZACIÓN LA CONDESA,2,BARRIO COMPLETO
02,01,01,001,023,020101001023,URBANIZACIÓN VILLAS DEL SOL,2,BARRIO COMPLETO
02,01,01,001,024,020101001024,VILLA BELÉN,2,BARRIO COMPLETO
02,01,01,001,025,020101001025,BARRIADA LA ESMERALDA,2,BARRIO COMPLETO
02,01,01,001,026,020101001026,RESIDENCIAL COOPEVE,2,BARRIO COMPLETO
02,01,01,001,027,020101001027,RESIDENCIAL LA FLORIDA,2,BARRIO COMPLETO
02,01,01,001,028,020101001028,BARRIADA LA PILARICA,2,BARRIO COMPLETO
02,01,01,001,029,020101001029,LAS JOYAS DE LA CORONA,2,BARRIO COMPLETO
02,01,01,001,030,020101001030,RESIDENCIAL QUINTAS DE SAN JUAN,2,BARRIO COMPLETO
02,01,04,006,001,020104006001,BARRIADA LAS MERCEDES,2,BARRIO COMPLETO
02,01,04,006,002,020104006002,BARRIO SAN MARTÍN,2,BARRIO COMPLETO
02,01,04,006,003,020104006003,EL PARAÍSO,2,BARRIO COMPLETO
02,01,04,006,004,020104006004,LLANO BONITO,2,BARRIO COMPLETO
02,01,04,006,006,020104006006,POCRÍ,3,BARRIO PARTE
02,01,04,006,007,020104006007,URBANIZACIÓN EL CARMEN,2,BARRIO COMPLETO
02,01,04,006,008,020104006008,VILLA MÓNICA,2,BARRIO COMPLETO
02,01,04,006,009,020104006009,BARRIO HOLLYWOOD,2,BARRIO COMPLETO
02,01,04,006,012,020104006012,BARRIADA SAN JUDAS TADEO,2,BARRIO COMPLETO
02,01,04,006,013,020104006013,BARRIADA CAICEDO,2,BARRIO COMPLETO
02,01,04,006,016,020104006016,MATAMOROS,2,BARRIO COMPLETO
02,01,04,006,017,020104006017,NUEVO REPARTO EL CARMEN,2,BARRIO COMPLETO
02,01,04,006,020,020104006020,ALTOS DE LLANO BONITO,2,BARRIO COMPLETO
02,01,04,006,023,020104006023,BARRIADA LA UNIÓN,2,BARRIO COMPLETO
02,01,04,006,024,020104006024,RESIDENCIAL EL ALTO,2,BARRIO COMPLETO
02,01,04,006,025,020104006025,URBANIZACIÓN BELLA VISTA,2,BARRIO COMPLETO
02,01,05,002,001,020105002001,BARRIADA DON BOSCO,2,BARRIO COMPLETO
02,01,05,002,002,020105002002,BARRIO EL COCO,2,BARRIO COMPLETO
02,01,05,002,003,020105002003,BARRIADA JESÚS NAZARENO,2,BARRIO COMPLETO
02,01,05,002,004,020105002004,BARRIO LINDO,3,BARRIO PARTE
02,01,05,002,005,020105002005,BARRIADA POZO AZUL,3,BARRIO PARTE
02,01,05,002,006,020105002006,BARRIADA SAN JUAN DE DIOS,2,BARRIO COMPLETO
02,01,05,002,007,020105002007,BARRIOS UNIDOS,2,BARRIO COMPLETO
02,01,05,002,008,020105002008,BARRIADA VISTA DEL MAR,2,BARRIO COMPLETO
02,01,05,002,009,020105002009,RESIDENCIAL SAN FRANCISCO DE ASÍS,2,BARRIO COMPLETO
02,01,05,002,010,020105002010,PASEO DORAL,2,BARRIO COMPLETO
02,01,05,002,011,020105002011,VILLA DEL SUR,2,BARRIO COMPLETO
02,01,05,002,012,020105002012,BARRIADA COSTA DEL MAR,2,BARRIO COMPLETO
02,01,05,002,013,020105002013,URBANIZACIÓN 19 DE OCTUBRE,2,BARRIO COMPLETO
02,01,05,002,014,020105002014,VILLA FLORENCIA,2,BARRIO COMPLETO
02,01,05,002,015,020105002015,URBANIZACIÓN SAN JUAN,2,BARRIO COMPLETO
02,01,05,002,016,020105002016,URBANIZACIÓN TERRACOTA,2,BARRIO COMPLETO
02,01,07,004,001,020107004001,BARRIADA EL REFUGIO,2,BARRIO COMPLETO
02,01,07,004,002,020107004002,BARRIADA LAS MARGARITAS,2,BARRIO COMPLETO
02,01,07,004,003,020107004003,BARRIADA LOS GIRASOLES,2,BARRIO COMPLETO
02,01,07,004,004,020107004004,BRISAS DE AGUADULCE,2,BARRIO COMPLETO
02,01,07,004,005,020107004005,CAMINO AL CRISTO,2,BARRIO COMPLETO
02,01,07,004,006,020107004006,EL PLAYÓN,2,BARRIO COMPLETO
02,01,07,004,007,020107004007,NUEVO PERÚ,1,CABECERA
02,01,07,004,008,020107004008,POCRÍ,3,BARRIO PARTE
02,01,07,004,009,020107004009,RESIDENCIAL PERLA DORADA,2,BARRIO COMPLETO
02,01,07,004,010,020107004010,URBANIZACIÓN EL PLAYÓN,2,BARRIO COMPLETO
02,02,01,001,001,020201001001,ANTÓN,2,BARRIO COMPLETO
02,02,01,001,002,020201001002,BARRIO KENNEDY,2,BARRIO COMPLETO
02,02,01,001,003,020201001003,EL CIRUELITO,2,BARRIO COMPLETO
02,02,01,001,004,020201001004,LAS GUABAS ABAJO,2,BARRIO COMPLETO
02,02,01,001,005,020201001005,POZO RICO,2,BARRIO COMPLETO
02,02,01,001,006,020201001006,VILLA ELISA,2,BARRIO COMPLETO
02,02,01,001,007,020201001007,BELLAS BRISAS,2,BARRIO COMPLETO
02,02,01,001,008,020201001008,LAS DELICIAS,2,BARRIO COMPLETO
02,02,01,001,009,020201001009,BARRIADA 15 DE ENERO O CANTA RANA,2,BARRIO COMPLETO
02,02,01,001,010,020201001010,HACIENDA EL MIRADOR,2,BARRIO COMPLETO
02,02,01,001,011,020201001011,LOS GUAYACANES,2,BARRIO COMPLETO
02,02,01,001,012,020201001012,BARRIADA ARCO IRIS,2,BARRIO COMPLETO
02,02,01,001,013,020201001013,BRISAS DEL PANAMÁ,2,BARRIO COMPLETO
02,02,01,001,014,020201001014,BARRIADA SAN PANCRACIO,2,BARRIO COMPLETO
02,02,01,001,016,020201001016,SAN PANCRACIO,2,BARRIO COMPLETO
02,02,01,021,001,020201021001,SUNSET VILLAGE,2,BARRIO COMPLETO
02,02,01,021,002,020201021002,LOS BAMBÚS,2,BARRIO COMPLETO
02,02,02,048,001,020202048001,LAS MEDINAS,3,BARRIO PARTE
02,02,03,015,001,020203015001,BRISTOL LOFTS,2,BARRIO COMPLETO
02,02,03,015,002,020203015002,BRISTOL RESIDENCES,2,BARRIO COMPLETO
02,02,03,015,003,020203015003,BRISTOL VILLAS,2,BARRIO COMPLETO
02,02,03,015,004,020203015004,CLUB STATES,2,BARRIO COMPLETO
02,02,03,015,005,020203015005,DEL MAR,2,BARRIO COMPLETO
02,02,03,015,006,020203015006,HACIENDA DEL LAGO,2,BARRIO COMPLETO
02,02,03,015,007,020203015007,LOS PORTALES,2,BARRIO COMPLETO
02,02,03,015,008,020203015008,MARTINI BEACH,2,BARRIO COMPLETO
02,02,03,015,009,020203015009,OCEANLAKE GOLF VILLAS,2,BARRIO COMPLETO
02,02,03,015,010,020203015010,PASEO DE LAS CASAS,2,BARRIO COMPLETO
02,02,03,015,011,020203015011,PENÍNSULA,2,BARRIO COMPLETO
02,02,03,015,012,020203015012,PUNTARENA OCEAN VILLAGE,2,BARRIO COMPLETO
02,02,03,015,013,020203015013,RIVIERA DEL MAR,2,BARRIO COMPLETO
02,02,05,001,001,020205001001,BARRIADA MARIAGAR,2,BARRIO COMPLETO
02,02,05,001,002,020205001002,CAPIRITA,2,BARRIO COMPLETO
02,02,05,001,003,020205001003,CAÑA BLANCA,2,BARRIO COMPLETO
02,02,05,001,004,020205001004,BARRIO LAS MOZAS O LA POMAROSA,2,BARRIO COMPLETO
02,02,05,001,005,020205001005,EL HATO,2,BARRIO COMPLETO
02,02,05,001,006,020205001006,EL VALLE,2,BARRIO COMPLETO
02,02,05,001,007,020205001007,LA COMPAÑÍA,2,BARRIO COMPLETO
02,02,05,001,008,020205001008,LA PINTADA,2,BARRIO COMPLETO
02,02,05,001,009,020205001009,LA REFORMA,2,BARRIO COMPLETO
02,02,05,001,010,020205001010,LAS MEDINAS,3,BARRIO PARTE
02,02,05,001,011,020205001011,LOS MILLONARIOS,2,BARRIO COMPLETO
02,02,05,001,012,020205001012,LA INDIA,2,BARRIO COMPLETO
02,02,05,001,013,020205001013,LLANO GRANDE,2,BARRIO COMPLETO
02,02,07,030,001,020207030001,BARRIO LINDO,2,BARRIO COMPLETO
02,02,07,030,002,020207030002,CANTA RANA,2,BARRIO COMPLETO
02,02,07,030,003,020207030003,LA LOMA,2,BARRIO COMPLETO
02,02,07,030,004,020207030004,LA FRONTERA,2,BARRIO COMPLETO
02,02,07,030,005,020207030005,LA TUZA,2,BARRIO COMPLETO
02,02,07,030,006,020207030006,LOMA BONITA,2,BARRIO COMPLETO
02,02,07,030,007,020207030007,MARAÑÓN,2,BARRIO COMPLETO
02,02,07,030,008,020207030008,RÍO HATO CENTRO,2,BARRIO COMPLETO
02,02,07,030,009,020207030009,RÍO HATO SUR O BIQUE,2,BARRIO COMPLETO
02,02,07,030,010,020207030010,URBANIZACIÓN LOMA BONITA,2,BARRIO COMPLETO
02,02,07,030,011,020207030011,BARRIADA MILLA DE ORO,2,BARRIO COMPLETO
02,02,07,059,001,020207059001,BALBOA TOWER,2,BARRIO COMPLETO
02,02,07,059,002,020207059002,COCOLÍ,2,BARRIO COMPLETO
02,02,07,059,003,020207059003,GATÚN,2,BARRIO COMPLETO
02,02,07,059,004,020207059004,MIRAFLORES,2,BARRIO COMPLETO
02,02,07,059,005,020207059005,QUARRY HEIGHTS,2,BARRIO COMPLETO
02,02,07,059,006,020207059006,QUARRY HEIGHTS STATES,2,BARRIO COMPLETO
02,02,07,059,007,020207059007,RODMAN,2,BARRIO COMPLETO
02,02,07,059,008,020207059008,SHERMAN,2,BARRIO COMPLETO
02,02,07,063,001,020207063001,LAGUNA,2,BARRIO COMPLETO
02,02,07,063,002,020207063002,MARINA VILLAGE,2,BARRIO COMPLETO
02,02,07,063,003,020207063003,VELAMAR,2,BARRIO COMPLETO
02,03,01,014,001,020301014001,LA PINTADA,2,BARRIO COMPLETO
02,03,01,014,002,020301014002,BARRIADA DON BOSCO,2,BARRIO COMPLETO
02,04,01,013,001,020401013001,BARRIADA SAN JUAN DE DIOS,2,BARRIO COMPLETO
02,04,01,013,002,020401013002,NATÁ,2,BARRIO COMPLETO
02,04,01,013,003,020401013003,URBANIZACIÓN VILLA LOLA,2,BARRIO COMPLETO
02,04,01,013,004,020401013004,BARRIADA SAN CRISTÓBAL,2,BARRIO COMPLETO
02,04,01,013,005,020401013005,LA ZONA,2,BARRIO COMPLETO
02,04,01,013,006,020401013006,BARRIADA PUEBLO NUEVO,2,BARRIO COMPLETO
02,04,01,013,007,020401013007,BARRIADA NUESTRA SEÑORA DE LOS ÁNGELES,2,BARRIO COMPLETO
02,04,01,013,009,020401013009,VILLA SANTORINI,2,BARRIO COMPLETO
02,06,01,002,001,020601002001,CHIGORÉ,2,BARRIO COMPLETO
02,06,01,002,002,020601002002,BARRIADA CRISTO REY,2,BARRIO COMPLETO
02,06,01,002,003,020601002003,BARRIADA EL CARMEN,2,BARRIO COMPLETO
02,06,01,002,004,020601002004,RESIDENCIAL DON SAMY,2,BARRIO COMPLETO
02,06,01,002,005,020601002005,VILLAS DEL ZARATÍ,2,BARRIO COMPLETO
02,06,01,008,001,020601008001,ALTO EL CHORRO,2,BARRIO COMPLETO
02,06,01,008,002,020601008002,BARRIADA I.V.U.,2,BARRIO COMPLETO
02,06,01,008,003,020601008003,BARRIADA LA ALAMEDA,2,BARRIO COMPLETO
02,06,01,008,004,020601008004,BARRIO EL LÍMITE,2,BARRIO COMPLETO
02,06,01,008,005,020601008005,BRIZAS DEL ZARATÍ,2,BARRIO COMPLETO
02,06,01,008,006,020601008006,CALLE CHIQUITA,2,BARRIO COMPLETO
02,06,01,008,007,020601008007,BARRIADA CERRO CENTENARIO,2,BARRIO COMPLETO
02,06,01,008,008,020601008008,EL BAJITO,2,BARRIO COMPLETO
02,06,01,008,009,020601008009,EL CHORRILLO,2,BARRIO COMPLETO
02,06,01,008,010,020601008010,EL ENCANTO,2,BARRIO COMPLETO
02,06,01,008,011,020601008011,EL HIGUERÓN,2,BARRIO COMPLETO
02,06,01,008,012,020601008012,EL PRADO,2,BARRIO COMPLETO
02,06,01,008,013,020601008013,ENTRADA A SONADORA,2,BARRIO COMPLETO
02,06,01,008,014,020601008014,LA ESPERANZA,2,BARRIO COMPLETO
02,06,01,008,015,020601008015,LAS MENDOZAS,2,BARRIO COMPLETO
02,06,01,008,016,020601008016,MIRAFLORES,2,BARRIO COMPLETO
02,06,01,008,017,020601008017,NUEVO SAN ANTONIO,2,BARRIO COMPLETO
02,06,01,008,018,020601008018,BARRIO 11 DE OCTUBRE,2,BARRIO COMPLETO
02,06,01,008,019,020601008019,PENONOMÉ,2,BARRIO COMPLETO
02,06,01,008,020,020601008020,PUEBLO NUEVO,2,BARRIO COMPLETO
02,06,01,008,021,020601008021,SAN ANTONIO,2,BARRIO COMPLETO
02,06,01,008,022,020601008022,SAN ANTONIO FINAL,2,BARRIO COMPLETO
02,06,01,008,023,020601008023,SAN JOSÉ,2,BARRIO COMPLETO
02,06,01,008,024,020601008024,BARRIADA SANTA ROSA,2,BARRIO COMPLETO
02,06,01,008,025,020601008025,TRES DE NOVIEMBRE,2,BARRIO COMPLETO
02,06,01,008,026,020601008026,URBANIZACIÓN 8 DE DICIEMBRE,2,BARRIO COMPLETO
02,06,01,008,027,020601008027,URBANIZACIÓN BUENOS AIRES,2,BARRIO COMPLETO
02,06,01,008,028,020601008028,VILLA NOMÉ,2,BARRIO COMPLETO
02,06,01,008,029,020601008029,ALTOS DEL CHORRILLO,2,BARRIO COMPLETO
02,06,01,008,030,020601008030,BARRIADA SANTA EDUVIGES,2,BARRIO COMPLETO
02,06,01,008,031,020601008031,EL BAJO O BARRIADA SAN AGUSTÍN,2,BARRIO COMPLETO
02,06,01,008,032,020601008032,LAS RAÍCES,2,BARRIO COMPLETO
02,06,01,008,033,020601008033,URBANIZACIÓN CUMBRERAS,2,BARRIO COMPLETO
02,06,01,008,034,020601008034,VILLA ARANCA,2,BARRIO COMPLETO
02,06,01,008,035,020601008035,VILLA INMACULADA,2,BARRIO COMPLETO
02,06,01,008,036,020601008036,BARRIADA VILLA BONITA,2,BARRIO COMPLETO
02,06,01,008,037,020601008037,BARRIADA LA GRANJA,2,BARRIO COMPLETO
02,06,01,008,038,020601008038,VILLA NUEVA ESPERANZA,2,BARRIO COMPLETO
02,06,01,008,039,020601008039,VILLA ECOLÓGICA,2,BARRIO COMPLETO
02,06,01,008,040,020601008040,QUINTAS DEL ENCANTO,2,BARRIO COMPLETO
02,06,01,008,041,020601008041,VILLA BELÉN,2,BARRIO COMPLETO
02,06,01,008,042,020601008042,VILLA LUCY,2,BARRIO COMPLETO
02,06,01,008,043,020601008043,VILLA MARÍA,2,BARRIO COMPLETO
02,06,01,008,044,020601008044,VILLA KAROLA,2,BARRIO COMPLETO
02,06,01,008,045,020601008045,ALTO PRADO,2,BARRIO COMPLETO
02,06,01,008,046,020601008046,BRISAS DEL LLANO,2,BARRIO COMPLETO
02,06,01,008,047,020601008047,PRADERAS DE MONTE VERDE,2,BARRIO COMPLETO
02,06,01,008,049,020601008049,RESIDENCIAL SANTO DOMINGO,2,BARRIO COMPLETO
02,06,01,008,050,020601008050,RESIDENCIAL JARDINES DE SAN JOSÉ,2,BARRIO COMPLETO
02,06,01,008,051,020601008051,RESIDENCIAL LA ROSALEDA,2,BARRIO COMPLETO
02,06,01,008,052,020601008052,RESIDENCIAL MIRAFLORES,2,BARRIO COMPLETO
02,06,01,008,053,020601008053,RESIDENCIAL SAN MARTÍN,2,BARRIO COMPLETO
02,06,01,008,054,020601008054,VALLE DEL RÍO,2,BARRIO COMPLETO
02,06,01,008,055,020601008055,VILLA ENY,2,BARRIO COMPLETO
02,06,01,008,056,020601008056,VILLAS DE PENONOMÉ,2,BARRIO COMPLETO
02,06,01,008,057,020601008057,RESIDENCIAL LA TOSCANA,2,BARRIO COMPLETO
02,06,02,012,001,020602012001,VISTA HERMOSA,2,BARRIO COMPLETO
02,06,03,003,001,020603003001,COCLÉ,2,BARRIO COMPLETO
02,06,03,003,002,020603003002,EL CONGO,2,BARRIO COMPLETO
02,06,03,003,003,020603003003,RESIDENCIAL BRISAS DEL CONGO,2,BARRIO COMPLETO
02,06,03,003,004,020603003004,RESIDENCIAL LOS ABANICOS,2,BARRIO COMPLETO
02,06,03,003,005,020603003005,RESIDENCIAL LA RIVIERA,2,BARRIO COMPLETO
02,06,03,003,006,020603003006,RESIDENCIAL SANTA LUCÍA,2,BARRIO COMPLETO
02,06,05,013,001,020605013001,LLANO MARÍN,2,BARRIO COMPLETO
02,06,05,013,002,020605013002,BARRIADA CUARTO CENTENARIO,2,BARRIO COMPLETO
02,06,05,013,003,020605013003,PASEO DEL RÍO,2,BARRIO COMPLETO
02,06,05,013,004,020605013004,VILLAS DE LLANO MARÍN,2,BARRIO COMPLETO
02,06,05,013,005,020605013005,RESIDENCIAL PALO VERDE,2,BARRIO COMPLETO
02,06,05,013,006,020605013006,LLANO HERMOSO,2,BARRIO COMPLETO
02,06,05,013,007,020605013007,RESIDENCIAL VISTA VERDE,2,BARRIO COMPLETO
03,01,01,001,001,030101001001,BARRIO NORTE,2,BARRIO COMPLETO
03,01,02,001,001,030102001001,BARRIO SUR,2,BARRIO COMPLETO
03,01,03,004,001,030103004001,BUENA VISTA,2,BARRIO COMPLETO
03,01,03,004,002,030103004002,EL VIVERO,2,BARRIO COMPLETO
03,01,03,004,003,030103004003,CALLE 50,2,BARRIO COMPLETO
03,01,03,004,004,030103004004,EL LLANO,2,BARRIO COMPLETO
03,01,03,004,005,030103004005,ROCA FUERTE,2,BARRIO COMPLETO
03,01,03,004,006,030103004006,BRISAS DE BUENA VISTA,2,BARRIO COMPLETO
03,01,03,004,007,030103004007,RESIDENCIAL BUENA VISTA,2,BARRIO COMPLETO
03,01,03,004,008,030103004008,PRADERA DE BUENA VISTA,2,BARRIO COMPLETO
03,01,03,004,009,030103004009,VILLA DE ORO,2,BARRIO COMPLETO
03,01,03,004,010,030103004010,ALTOS DE VILLA DE ORO,2,BARRIO COMPLETO
03,01,03,004,011,030103004011,NUEVA GENERACIÓN,2,BARRIO COMPLETO
03,01,03,004,012,030103004012,LLANOS DE BUENA VISTA,2,BARRIO COMPLETO
03,01,04,002,001,030104002001,BARRIADA 11 DE OCTUBRE,2,BARRIO COMPLETO
03,01,04,002,003,030104002003,BARRIADA EL LÍMITE O GRACIAS A DIOS,2,BARRIO COMPLETO
03,01,04,002,004,030104002004,BARRIADA LOMA BONITA,2,BARRIO COMPLETO
03,01,04,002,005,030104002005,BARRIADA NUEVO OASIS,2,BARRIO COMPLETO
03,01,04,002,006,030104002006,BARRIADA PROGRESO KUNA,2,BARRIO COMPLETO
03,01,04,002,007,030104002007,BARRIADA SAN ISIDRO,2,BARRIO COMPLETO
03,01,04,002,008,030104002008,BARRIADA SAN JUDAS TADEO,2,BARRIO COMPLETO
03,01,04,002,009,030104002009,"BARRIADA SAN PEDRO ""C""",2,BARRIO COMPLETO
03,01,04,002,010,030104002010,"BARRIADA SAN PEDRO ""A"" O NO.1",2,BARRIO COMPLETO
03,01,04,002,011,030104002011,"BARRIADA SAN PEDRO ""B"" O NO.2",2,BARRIO COMPLETO
03,01,04,002,012,030104002012,BARRIADA VILLA GUADALUPE,2,BARRIO COMPLETO
03,01,04,002,013,030104002013,BARRIADA VISTA ALEGRE NO.1,2,BARRIO COMPLETO
03,01,04,002,014,030104002014,BARRIADA VISTA TROPICAL,2,BARRIO COMPLETO
03,01,04,002,015,030104002015,CATIVÁ,3,BARRIO PARTE
03,01,04,002,016,030104002016,EL VALLE DE SAN JUDAS TADEO,2,BARRIO COMPLETO
03,01,04,002,017,030104002017,GUAYABAL,2,BARRIO COMPLETO
03,01,04,002,018,030104002018,LA VERBENA,2,BARRIO COMPLETO
03,01,04,002,019,030104002019,PUEBLO NUEVO,2,BARRIO COMPLETO
03,01,04,002,020,030104002020,RESIDENCIAL LA AMISTAD,2,BARRIO COMPLETO
03,01,04,002,021,030104002021,RESIDENCIAL SIMÓN URBINA,2,BARRIO COMPLETO
03,01,04,002,022,030104002022,URBANIZACIÓN MARTIN LUTHER KING,2,BARRIO COMPLETO
03,01,04,002,023,030104002023,URBANIZACIÓN SAN MARTÍN,2,BARRIO COMPLETO
03,01,04,002,024,030104002024,VILLA LOS ÁNGELES,2,BARRIO COMPLETO
03,01,04,002,025,030104002025,VILLA LUZMILA,2,BARRIO COMPLETO
03,01,04,002,026,030104002026,ALTOS DE SAN JUDAS,2,BARRIO COMPLETO
03,01,04,002,027,030104002027,BARRIADA PROGRESO,2,BARRIO COMPLETO
03,01,04,002,028,030104002028,BARRIADA IBEORGUN,2,BARRIO COMPLETO
03,01,04,002,029,030104002029,BARRIADA SANTA TERESITA,2,BARRIO COMPLETO
03,01,04,002,030,030104002030,EL POLVORÍN,2,BARRIO COMPLETO
03,01,04,002,031,030104002031,EL ÉXODO,2,BARRIO COMPLETO
03,01,04,002,032,030104002032,LA LOMA,2,BARRIO COMPLETO
03,01,04,002,033,030104002033,LA POSADA DEL PEREGRINO,2,BARRIO COMPLETO
03,01,04,002,034,030104002034,ALTOS DE SAN MARTÍN,2,BARRIO COMPLETO
03,01,04,002,035,030104002035,RENOVACIÓN RESIDENCIAL VILLA,2,BARRIO COMPLETO
03,01,04,002,036,030104002036,URBANIZACIÓN LAS NUEVAS PALMERAS,2,BARRIO COMPLETO
03,01,04,002,037,030104002037,VILLA LIRIOLA,2,BARRIO COMPLETO
03,01,04,002,038,030104002038,BARRIADA VISTA ALEGRE NO.2,2,BARRIO COMPLETO
03,01,04,002,039,030104002039,NUEVO COLÓN NO.1,3,BARRIO PARTE
03,01,04,002,040,030104002040,URBANIZACIÓN COSTA DE ORO NO.1,3,BARRIO PARTE
03,01,04,002,041,030104002041,LOS PORTALES DE SAN JUDAS,2,BARRIO COMPLETO
03,01,04,002,042,030104002042,URBANIZACIÓN LA ALBORADA,2,BARRIO COMPLETO
03,01,04,002,043,030104002043,URBANIZACIÓN ALTOS DE SAN JUDAS,2,BARRIO COMPLETO
03,01,04,002,044,030104002044,BARRIADA EL PEREGRINO,2,BARRIO COMPLETO
03,01,04,002,046,030104002046,BARRIADA VILLA DEL CARMEN,3,BARRIO PARTE
03,01,04,002,047,030104002047,BARRIADA VISTA AL MAR,2,BARRIO COMPLETO
03,01,04,002,048,030104002048,SAMBA BONITA,2,BARRIO COMPLETO
03,01,04,002,051,030104002051,RESIDENCIAL ALTOS DE ZONA LIBRE,2,BARRIO COMPLETO
03,01,04,002,052,030104002052,RESIDENCIAL LOS PORTALES DE ALTOS DE SAN JUDAS,2,BARRIO COMPLETO
03,01,04,002,053,030104002053,ALTOS DE POLVORÍN O EXPLOSIVO,2,BARRIO COMPLETO
03,01,04,002,054,030104002054,BARRIO JEHOVÁ NISSI,2,BARRIO COMPLETO
03,01,04,002,055,030104002055,VILLA ESPERANZA,2,BARRIO COMPLETO
03,01,04,002,056,030104002056,ALTOS DE TAGARÓPULOS,2,BARRIO COMPLETO
03,01,04,002,057,030104002057,DIOS CON NOSOTROS,2,BARRIO COMPLETO
03,01,04,002,058,030104002058,LA PAZ,2,BARRIO COMPLETO
03,01,04,002,059,030104002059,ALTO DE VISTA DEL MAR,2,BARRIO COMPLETO
03,01,04,002,060,030104002060,RESIDENCIAL VILLAS DE CATIVÁ,2,BARRIO COMPLETO
03,01,06,004,002,030106004002,MARGARITA,3,BARRIO PARTE
03,01,06,004,012,030106004012,RESIDENCIAL CANAL VIEW,2,BARRIO COMPLETO
03,01,06,005,001,030106005001,GAMBOA,2,BARRIO COMPLETO
03,01,06,006,001,030106006001,CIUDAD ARCO IRIS,2,BARRIO COMPLETO
03,01,06,006,002,030106006002,VILLAS DE ARCO IRIS,2,BARRIO COMPLETO
03,01,06,024,001,030106024001,CRISTÓBAL,2,BARRIO COMPLETO
03,01,06,068,001,030106068001,NUEVO VIGÍA,3,BARRIO PARTE
03,01,06,084,001,030106084001,MINDI,2,BARRIO COMPLETO
03,01,06,096,001,030106096001,BARRIADA JUAN DEMÓSTENES AROSEMENA O EL VEINTE,3,BARRIO PARTE
03,01,10,008,001,030110008001,BARRIADA EL RÍO O RIBERAS DEL RÍO,2,BARRIO COMPLETO
03,01,10,008,002,030110008002,LLANO SUCIO,2,BARRIO COMPLETO
03,01,10,008,003,030110008003,NUEVO REPARTO SAN ISIDRO,2,BARRIO COMPLETO
03,01,10,008,004,030110008004,PUERTO PILÓN,2,BARRIO COMPLETO
03,01,10,008,005,030110008005,PUNTA AZUL,2,BARRIO COMPLETO
03,01,10,008,006,030110008006,URBANIZACIÓN ANAP,2,BARRIO COMPLETO
03,01,10,008,007,030110008007,VILLA LOMAR NO.1,2,BARRIO COMPLETO
03,01,10,008,008,030110008008,VILLA LOMAR NO.2,2,BARRIO COMPLETO
03,01,10,008,009,030110008009,VILLA LUISA,2,BARRIO COMPLETO
03,01,10,008,010,030110008010,PUERTO REAL,2,BARRIO COMPLETO
03,01,10,008,011,030110008011,VILLA CARTAGENA,2,BARRIO COMPLETO
03,01,10,008,012,030110008012,BRISAS DE SAN ISIDRO,2,BARRIO COMPLETO
03,01,10,008,013,030110008013,LAS QUINTAS DE PUERTO PILÓN,2,BARRIO COMPLETO
03,01,10,008,014,030110008014,DIVINO NIÑO,2,BARRIO COMPLETO
03,01,10,008,015,030110008015,RESIDENCIAL ALTOS DE SAN ISIDRO,2,BARRIO COMPLETO
03,01,10,008,016,030110008016,ALTOS DE SAN ANTONIO,2,BARRIO COMPLETO
03,01,10,008,017,030110008017,BARRIADA EL RÍO NO.2,2,BARRIO COMPLETO
03,01,10,008,018,030110008018,NUEVA VILLA LUISA,2,BARRIO COMPLETO
03,01,10,022,001,030110022001,VILLA CATALINA,2,BARRIO COMPLETO
03,01,10,029,001,030110029001,RÍO ALEJANDRO,2,BARRIO COMPLETO
03,01,10,029,002,030110029002,BILLGREY,2,BARRIO COMPLETO
03,01,10,030,001,030110030001,URBANIZACIÓN LAS PERLAS DE PILÓN PRIMERA ETAPA,2,BARRIO COMPLETO
03,01,10,030,002,030110030002,URBANIZACIÓN LAS PERLAS DE PILÓN SEGUNDA ETAPA,2,BARRIO COMPLETO
03,01,11,005,001,030111005001,PUERTO EL CAÑO,2,BARRIO COMPLETO
03,01,11,005,002,030111005002,CAÑO DEL MEDIO,2,BARRIO COMPLETO
03,01,11,008,001,030111008001,URBANIZACIÓN DON BOSCO,2,BARRIO COMPLETO
03,01,11,008,002,030111008002,LA COLINA DE DON BOSCO,2,BARRIO COMPLETO
03,01,11,008,003,030111008003,NUEVO COLÓN NO.1,3,BARRIO PARTE
03,01,11,008,004,030111008004,NUEVO COLÓN NO.2,2,BARRIO COMPLETO
03,01,11,008,005,030111008005,NUEVO MÉXICO,2,BARRIO COMPLETO
03,01,11,008,006,030111008006,SABANITAS,2,BARRIO COMPLETO
03,01,11,008,007,030111008007,URBANIZACIÓN SAN MATEO,2,BARRIO COMPLETO
03,01,11,008,008,030111008008,URBANIZACIÓN SANTA RITA,2,BARRIO COMPLETO
03,01,11,008,009,030111008009,BARRIADA EL MAESTRO O TAGARÓPULOS,2,BARRIO COMPLETO
03,01,11,008,010,030111008010,BARRIADA LO NUESTRO,2,BARRIO COMPLETO
03,01,11,008,011,030111008011,JABÓN FLECHA,2,BARRIO COMPLETO
03,01,11,008,012,030111008012,URBANIZACIÓN COSTA DE ORO NO.1,3,BARRIO PARTE
03,01,11,008,013,030111008013,URBANIZACIÓN COSTA DE ORO NO.2,2,BARRIO COMPLETO
03,01,11,008,014,030111008014,SANTA RITA ARRIBA,2,BARRIO COMPLETO
03,01,11,008,015,030111008015,COMPLEJO HABITACIONAL IRVING SALADINO,2,BARRIO COMPLETO
03,01,11,008,016,030111008016,SANTA BÁRBARA,2,BARRIO COMPLETO
03,01,11,008,017,030111008017,VISTA ALEGRE HILLS,2,BARRIO COMPLETO
03,01,13,001,001,030113001001,BARRIADA JUAN DEMÓSTENES AROSEMENA O EL VEINTE,3,BARRIO PARTE
03,01,13,001,002,030113001002,BARRIADA 23 DE AGOSTO,2,BARRIO COMPLETO
03,01,13,001,003,030113001003,MADROÑAL,2,BARRIO COMPLETO
03,01,13,001,004,030113001004,VISTA TROPICAL,2,BARRIO COMPLETO
03,01,13,001,005,030113001005,SECTOR MORENITA,2,BARRIO COMPLETO
03,01,13,001,006,030113001006,BELLA VISTA,2,BARRIO COMPLETO
03,01,13,001,007,030113001007,VILLA DE LOS ÁNGELES,2,BARRIO COMPLETO
03,01,13,001,008,030113001008,LAS PALMITAS,2,BARRIO COMPLETO
03,01,13,001,009,030113001009,PUENTE EL LIMÓN,3,BARRIO PARTE
03,01,13,001,010,030113001010,LA CHANGA,2,BARRIO COMPLETO
03,01,13,001,011,030113001011,BRISAS DEL VALLE,2,BARRIO COMPLETO
03,01,13,001,012,030113001012,VILLA DE VALLE VERDE,2,BARRIO COMPLETO
03,01,13,001,013,030113001013,LOS LOTES,2,BARRIO COMPLETO
03,01,13,008,001,030113008001,GATUNCILLO NORTE,2,BARRIO COMPLETO
03,01,13,008,002,030113008002,GATUNCILLO SUR,2,BARRIO COMPLETO
03,01,13,008,003,030113008003,BARRIADA LAS TORRES,2,BARRIO COMPLETO
03,01,13,008,004,030113008004,PUENTE EL LIMÓN,3,BARRIO PARTE
03,01,13,008,005,030113008005,ALTOS DE GATUNCILLO O LOS LOTES DE GATUNCILLO,2,BARRIO COMPLETO
03,01,13,008,006,030113008006,VILLA ENTRE DOS RÍOS,2,BARRIO COMPLETO
03,01,13,012,001,030113012001,NUEVO BELÉN,2,BARRIO COMPLETO
03,01,13,012,002,030113012002,NUEVO VIGÍA,3,BARRIO PARTE
03,01,13,012,003,030113012003,PUEBLO NUEVO,2,BARRIO COMPLETO
03,01,15,001,001,030115001001,BARRIADA MEDALLA MILAGROSA,2,BARRIO COMPLETO
03,01,15,001,002,030115001002,BARRIADA VILLA DEL CARMEN,3,BARRIO PARTE
03,01,15,001,003,030115001003,EL ÉXODO,2,BARRIO COMPLETO
03,01,15,001,004,030115001004,COLINA DE LOS LAGOS,2,BARRIO COMPLETO
03,01,15,002,001,030115002001,CATIVÁ,3,BARRIO PARTE
03,01,15,004,001,030115004001,BRAZOS HEIGHTS,2,BARRIO COMPLETO
03,01,15,004,002,030115004002,MARGARITA,3,BARRIO PARTE
03,01,15,004,003,030115004003,ESPINAR,2,BARRIO COMPLETO
03,01,15,004,004,030115004004,URBANIZACIÓN ALBADER,2,BARRIO COMPLETO
03,01,15,004,005,030115004005,URBANIZACIÓN ALHAMBRA,2,BARRIO COMPLETO
03,01,15,004,006,030115004006,LAS VILLAS DE ESPINAR,2,BARRIO COMPLETO
03,01,15,004,007,030115004007,QUINTAS DE ESPINAR NO.1,2,BARRIO COMPLETO
03,01,15,004,008,030115004008,QUINTAS DE ESPINAR NO.2,2,BARRIO COMPLETO
03,01,15,004,009,030115004009,LA CRESTA,2,BARRIO COMPLETO
03,01,15,004,010,030115004010,URBANIZACIÓN ALBADER NO.2 O CIUDAD DEL SOL,2,BARRIO COMPLETO
03,01,15,004,011,030115004011,ATLANTIC VILLAGE,2,BARRIO COMPLETO
03,01,15,005,001,030115005001,PUERTO ESCONDIDO O URBANIZACIÓN EL ESFUERZO,2,BARRIO COMPLETO
03,01,15,005,002,030115005002,ALTOS DEL ATLÁNTICO,2,BARRIO COMPLETO
03,01,15,005,003,030115005003,ALTOS DEL MIVI,2,BARRIO COMPLETO
03,01,15,005,004,030115005004,BARRIADA EL LÍMITE,2,BARRIO COMPLETO
03,01,15,005,005,030115005005,BARRIADA EL NAZARENO,2,BARRIO COMPLETO
03,01,15,005,006,030115005006,BARRIADA SAGRADA RESURRECCIÓN,2,BARRIO COMPLETO
03,01,15,005,007,030115005007,BARRIADA 16 DE JUNIO,2,BARRIO COMPLETO
03,01,15,005,009,030115005009,COCO SOLO,2,BARRIO COMPLETO
03,01,15,005,010,030115005010,GÉNESIS,2,BARRIO COMPLETO
03,01,15,005,011,030115005011,LOMA DORADA O DORADO HILL,2,BARRIO COMPLETO
03,01,15,005,012,030115005012,RESIDENCIAL VEREDA TROPICAL,2,BARRIO COMPLETO
03,01,15,005,013,030115005013,VILLA EL CRISOL,2,BARRIO COMPLETO
03,01,15,005,014,030115005014,VILLA CRISOR,2,BARRIO COMPLETO
03,01,15,005,016,030115005016,"VALLE VERDE NO.2 O ""B""",2,BARRIO COMPLETO
03,01,15,005,017,030115005017,EBEN EZER,2,BARRIO COMPLETO
03,01,15,005,018,030115005018,"VALLE VERDE NO.1 O ""A""",2,BARRIO COMPLETO
03,01,15,005,019,030115005019,BARRIADA NUEVO ARCOÍRIS,2,BARRIO COMPLETO
03,01,15,005,020,030115005020,URBANIZACIÓN LA VICTORIA,2,BARRIO COMPLETO
03,01,15,005,021,030115005021,URBANIZACIÓN RENACIMIENTO,2,BARRIO COMPLETO
03,01,15,005,022,030115005022,LOS LLANOS DE EBEN EZER,2,BARRIO COMPLETO
03,01,15,005,023,030115005023,ALTOS DE RESURRECCIÓN,2,BARRIO COMPLETO
03,01,15,007,001,030115007001,RESIDENCIAL JOSÉ DOMINADOR BAZÁN,2,BARRIO COMPLETO
03,01,15,008,001,030115008001,NUEVA PRIMAVERA,2,BARRIO COMPLETO
03,01,15,008,002,030115008002,SANTA TERESITA,2,BARRIO COMPLETO
03,01,15,008,003,030115008003,URBANIZACIÓN LOS LAGOS O LA FERIA,2,BARRIO COMPLETO
03,01,15,008,004,030115008004,URBANIZACIÓN PUEBLO NUEVO,2,BARRIO COMPLETO
03,01,15,008,005,030115008005,VILLA ATLÁNTICA,2,BARRIO COMPLETO
03,01,15,008,006,030115008006,VILLA VENECIA,2,BARRIO COMPLETO
03,01,15,008,007,030115008007,URBANIZACIÓN PUEBLO NUEVO NO.2,2,BARRIO COMPLETO
03,01,15,008,008,030115008008,PRADERA DE DIOS,2,BARRIO COMPLETO
03,01,15,008,009,030115008009,LAS COLINAS DE JEHOVÁ,2,BARRIO COMPLETO
03,01,15,008,010,030115008010,ALTOS DE CANAÁN,2,BARRIO COMPLETO
03,01,15,008,011,030115008011,ALTOS DE SIÓN,2,BARRIO COMPLETO
03,01,15,008,012,030115008012,DESIERTO DE SINAÍ,2,BARRIO COMPLETO
03,01,15,008,013,030115008013,LA NUEVA JERUSALÉN,2,BARRIO COMPLETO
03,01,15,008,014,030115008014,LOS PORTALES DE SIÓN,2,BARRIO COMPLETO
03,01,15,008,016,030115008016,PRADERAS DE DIOS NO.2,2,BARRIO COMPLETO
03,01,15,009,001,030115009001,URBANIZACIÓN VILLA DEL CARIBE,2,BARRIO COMPLETO
03,01,15,009,002,030115009002,CIUDAD DE DIOS,2,BARRIO COMPLETO
03,01,15,010,001,030115010001,ALTOS DE LOS LAGOS,2,BARRIO COMPLETO
03,01,15,010,002,030115010002,ALTOS DE LOS LAGOS II,2,BARRIO COMPLETO
04,01,01,001,001,040101001001,ALANJE ,1,CABECERA
04,01,01,001,002,040101001002,BARRIADA ETCHELECU,2,BARRIO COMPLETO
04,01,01,001,003,040101001003,MOSTRENCO,3,BARRIO PARTE
04,01,01,001,004,040101001004,RESIDENCIAL VILLA VINCENT,2,BARRIO COMPLETO
04,01,02,005,001,040102005001,DIVALÁ,2,BARRIO COMPLETO
04,01,04,005,001,040104005001,GUARUMAL ,1,CABECERA
04,01,04,005,002,040104005002,GUÁSIMO,2,BARRIO COMPLETO
04,01,04,005,003,040104005003,LOS POCITOS,2,BARRIO COMPLETO
04,01,04,005,004,040104005004,MOSTRENCO,3,BARRIO PARTE
04,01,04,005,005,040104005005,URBANIZACIÓN LAS BRISAS DE ALANJE,2,BARRIO COMPLETO
04,02,01,074,001,040201074001,URBANIZACIÓN CALIFORNIA,2,BARRIO COMPLETO
04,02,01,074,002,040201074002,BARRIADA NUEVO AMANECER,2,BARRIO COMPLETO
04,02,01,074,003,040201074003,URBANIZACIÓN SAN JOSÉ,2,BARRIO COMPLETO
04,02,01,074,004,040201074004,BARRIADA DEL SEGURO SOCIAL,2,BARRIO COMPLETO
04,02,01,074,005,040201074005,BARRIO EL CARMEN,2,BARRIO COMPLETO
04,02,01,074,006,040201074006,BARRIO NACIONAL,2,BARRIO COMPLETO
04,02,01,074,007,040201074007,BARRIADA BUENA VISTA,2,BARRIO COMPLETO
04,02,01,074,008,040201074008,BARRIADA EL PORVENIR,2,BARRIO COMPLETO
04,02,01,074,009,040201074009,EL RETORNO,2,BARRIO COMPLETO
04,02,01,074,010,040201074010,LA ZONA O LAS PALMAS,2,BARRIO COMPLETO
04,02,01,074,011,040201074011,LAS LOMAS,2,BARRIO COMPLETO
04,02,01,074,012,040201074012,PUEBLO NUEVO,2,BARRIO COMPLETO
04,02,01,074,013,040201074013,BARRIADA RÍO MAR,2,BARRIO COMPLETO
04,02,01,074,014,040201074014,SAN VICENTE,2,BARRIO COMPLETO
04,02,01,074,015,040201074015,BARRIADA SANTA FE,2,BARRIO COMPLETO
04,02,01,074,016,040201074016,URBANIZACIÓN LAS ACACIAS,2,BARRIO COMPLETO
04,02,01,074,017,040201074017,URBANIZACIÓN LAS LOMAS,2,BARRIO COMPLETO
04,02,01,074,018,040201074018,URBANIZACIÓN LOS ÁNGELES,2,BARRIO COMPLETO
04,02,01,074,019,040201074019,VILLA SOBERANÍA,2,BARRIO COMPLETO
04,02,01,074,020,040201074020,NUEVA FLORIDA,2,BARRIO COMPLETO
04,02,01,074,021,040201074021,PUERTO ARMUELLES,2,BARRIO COMPLETO
04,02,01,074,022,040201074022,BARRIADA 12 DE ENERO,2,BARRIO COMPLETO
04,02,01,074,023,040201074023,BARRIADA FLOR DE LIMA,2,BARRIO COMPLETO
04,02,01,074,024,040201074024,BARRIADA FÁBRICA DE CAJAS,2,BARRIO COMPLETO
04,02,01,074,025,040201074025,BARRIADA SAN ANTONIO,2,BARRIO COMPLETO
04,02,03,023,001,040203023001,BARRIADA EL TRIUNFO,2,BARRIO COMPLETO
04,02,03,023,002,040203023002,PASO CANOA INTERNACIONAL,2,BARRIO COMPLETO
04,02,03,024,001,040203024001,PROGRESO,2,BARRIO COMPLETO
04,02,04,009,001,040204009001,BERBA,2,BARRIO COMPLETO
04,02,04,009,002,040204009002,FINCA BACO,2,BARRIO COMPLETO
04,02,04,009,003,040204009003,FINCA TECA,2,BARRIO COMPLETO
04,02,04,009,004,040204009004,LA ESPERANZA ,1,CABECERA
04,02,04,009,005,040204009005,MAJAGUAL,2,BARRIO COMPLETO
04,02,04,009,006,040204009006,SAN VALENTÍN,2,BARRIO COMPLETO
04,02,06,007,001,040206007001,BELLA VISTA,2,BARRIO COMPLETO
04,02,06,007,002,040206007002,BARRIADA NUEVO HORIZONTE,2,BARRIO COMPLETO
04,02,06,007,003,040206007003,BARRIADA CORAZÓN DE JESÚS,2,BARRIO COMPLETO
04,02,06,007,004,040206007004,EL PALMAR,2,BARRIO COMPLETO
04,02,06,007,005,040206007005,LA CUCHILLA,2,BARRIO COMPLETO
04,02,06,007,006,040206007006,NUEVA VICTORIA O SAN IGNACIO DEL CUCUY,2,BARRIO COMPLETO
04,02,06,007,007,040206007007,PALMAR CENTRO,2,BARRIO COMPLETO
04,02,06,007,008,040206007008,PALMAR SUR,2,BARRIO COMPLETO
04,02,06,007,009,040206007009,BARRIADA PETRO TERMINAL,2,BARRIO COMPLETO
04,02,06,007,010,040206007010,VILLA VICTORIA,2,BARRIO COMPLETO
04,02,06,007,011,040206007011,BARRIADA CORONADO,2,BARRIO COMPLETO
04,02,07,025,001,040207025001,AGUACATÓN,2,BARRIO COMPLETO
04,02,07,025,002,040207025002,COCO BEACH COMMUNITY,2,BARRIO COMPLETO
04,02,07,025,003,040207025003,LOS OLIVOS,2,BARRIO COMPLETO
04,02,07,025,004,040207025004,MANACA CIVIL,2,BARRIO COMPLETO
04,02,07,025,005,040207025005,MANACA NORTE ,1,CABECERA
04,02,07,025,006,040207025006,URBANIZACIÓN MANACA,2,BARRIO COMPLETO
04,03,01,002,001,040301002001,BOQUERÓN,2,BARRIO COMPLETO
04,03,01,002,002,040301002002,BRISAS DE BOQUERÓN,2,BARRIO COMPLETO
04,03,01,002,003,040301002003,RESIDENCIAL ALPHA,2,BARRIO COMPLETO
04,03,01,002,004,040301002004,RESIDENCIAL VILLA SICILIA,2,BARRIO COMPLETO
04,03,02,001,001,040302001001,BÁGALA,4,CABECERA PARTE (Mixto)
04,03,02,001,002,040302001002,RESIDENCIAL HACIENDA DEL BOSQUE,2,BARRIO COMPLETO
04,03,02,001,003,040302001003,RESIDENCIAL LAS VILLAS DE BÁGALA,2,BARRIO COMPLETO
04,03,02,001,004,040302001004,RESIDENCIAL VILLA OLIVA,2,BARRIO COMPLETO
04,03,02,001,005,040302001005,URBANIZACIÓN SANTA MARÍA,3,BARRIO PARTE
04,03,02,004,001,040302004001,LAS FUENTES,2,BARRIO COMPLETO
04,03,02,004,002,040302004002,OJO DE AGUA,2,BARRIO COMPLETO
04,03,02,004,003,040302004003,RESIDENCIAL MARÍA BONITA,2,BARRIO COMPLETO
04,03,02,004,004,040302004004,RESIDENCIAL SALOMÉ,2,BARRIO COMPLETO
04,03,02,004,005,040302004005,URBANIZACIÓN CONDADO DEL RÍO,2,BARRIO COMPLETO
04,04,01,005,001,040401005001,BAJO BOQUETE,4,CABECERA PARTE (Mixto)
04,04,01,005,002,040401005002,VALLE ESCONDIDO,2,BARRIO COMPLETO
04,04,01,005,003,040401005003,LOS PINOS,2,BARRIO COMPLETO
04,04,01,005,004,040401005004,CAMINO AL SALTO,2,BARRIO COMPLETO
04,04,01,005,005,040401005005,PUEBLO NUEVO,2,BARRIO COMPLETO
04,04,01,005,006,040401005006,PANAMONTE ESTATES,2,BARRIO COMPLETO
04,04,01,033,001,040401033001,SANTA LUCÍA O BARRIADA SANTA LUCÍA,2,BARRIO COMPLETO
04,04,01,033,002,040401033002,VOLCANCITO,3,BARRIO PARTE
04,04,01,033,003,040401033003,VOLCANCITO VILLAGE,2,BARRIO COMPLETO
04,04,04,002,001,040404002001,ALTO BOQUETE,1,CABECERA
04,04,04,002,002,040404002002,BARRIADA MARCOS A. CABALLERO,2,BARRIO COMPLETO
04,04,04,002,003,040404002003,BARRIADA VILLA DE LA PAZ,2,BARRIO COMPLETO
04,04,04,002,004,040404002004,BAJO BOQUETE,3,BARRIO PARTE
04,04,04,002,005,040404002005,URBANIZACIÓN ALTO DORADO,2,BARRIO COMPLETO
04,04,04,002,006,040404002006,BARRIADA VIRGEN DE GUADALUPE,2,BARRIO COMPLETO
04,04,04,002,007,040404002007,BARRIADA LAS BRISAS,2,BARRIO COMPLETO
04,04,04,002,008,040404002008,CONDOMINIOS BOQUETE,2,BARRIO COMPLETO
04,04,04,002,009,040404002009,DON BOSCO,2,BARRIO COMPLETO
04,04,04,002,010,040404002010,JARDINES DE BOQUETE,2,BARRIO COMPLETO
04,04,04,002,011,040404002011,LOS OLIMPOS,2,BARRIO COMPLETO
04,04,04,002,012,040404002012,LOTIFICACIÓN SAN JUAN DE DIOS,2,BARRIO COMPLETO
04,04,04,002,013,040404002013,NAURE BOQUETE,2,BARRIO COMPLETO
04,04,04,002,014,040404002014,NUEVO AMANECER,2,BARRIO COMPLETO
04,04,04,002,015,040404002015,BRISAS DE ALTO BOQUETE,2,BARRIO COMPLETO
04,04,04,002,016,040404002016,SAN FRANCISCO DE ASÍS,2,BARRIO COMPLETO
04,04,04,002,018,040404002018,URBANIZACIÓN ORIANA,2,BARRIO COMPLETO
04,04,04,002,019,040404002019,URBANIZACIÓN VILLA ROSALES,2,BARRIO COMPLETO
04,04,04,002,020,040404002020,VOLCANCITO,3,BARRIO PARTE
04,04,04,002,021,040404002021,BOQUETE COUNTRY CLUB,2,BARRIO COMPLETO
04,04,04,002,022,040404002022,MYSTIC GARDEN,2,BARRIO COMPLETO
04,04,04,002,023,040404002023,BARRIADA SAMBONI,2,BARRIO COMPLETO
04,04,04,002,024,040404002024,BOQUETE VILLAGE I,2,BARRIO COMPLETO
04,04,04,002,025,040404002025,BOQUETE VILLAGE II,2,BARRIO COMPLETO
04,04,04,002,026,040404002026,BOUGANVILLEA ESTATE,2,BARRIO COMPLETO
04,04,04,002,027,040404002027,LAS MARGARITAS,2,BARRIO COMPLETO
04,04,04,002,028,040404002028,RESIDENCIAL EL BOSQUE,2,BARRIO COMPLETO
04,04,04,002,029,040404002029,RESIDENCIAL VILLA BAJAREQUE,2,BARRIO COMPLETO
04,04,04,002,030,040404002030,RESIDENCIAL MILÁN VILLAGE,2,BARRIO COMPLETO
04,04,04,010,001,040404010001,EL FRANCÉS ARRIBA,2,BARRIO COMPLETO
04,04,04,010,002,040404010002,HACIENDA LOS MOLINOS,2,BARRIO COMPLETO
04,04,04,010,003,040404010003,LAS TRANCAS,2,BARRIO COMPLETO
04,04,04,010,004,040404010004,MATA FRANCÉS,2,BARRIO COMPLETO
04,04,04,010,005,040404010005,URBANIZACIÓN BRISAS BOQUETEÑAS,2,BARRIO COMPLETO
04,04,04,010,006,040404010006,URBANIZACIÓN NUEVO DAVID,2,BARRIO COMPLETO
04,04,04,010,007,040404010007,LOS MANDARINOS DEL FRANCÉS,2,BARRIO COMPLETO
04,04,04,010,008,040404010008,RESIDENCIAL VISTABELLA,2,BARRIO COMPLETO
04,04,04,010,009,040404010009,RESIDENCIAL ISABELLA GARDENS,2,BARRIO COMPLETO
04,04,04,010,010,040404010010,URBANIZACIÓN AGUAVIVA,2,BARRIO COMPLETO
04,04,04,010,011,040404010011,RESIDENCIAL JOHNNY WOODLAND,2,BARRIO COMPLETO
04,05,01,004,001,040501004001,BUGABITA ARRIBA,2,BARRIO COMPLETO
04,05,01,004,002,040501004002,URBANIZACIÓN NUEVO ARCO IRIS,2,BARRIO COMPLETO
04,05,01,004,003,040501004003,URBANIZACIÓN PALMAR DEL RÍO,2,BARRIO COMPLETO
04,05,01,004,004,040501004004,RESIDENCIAL MARANATHA,2,BARRIO COMPLETO
04,05,01,004,005,040501004005,VALLE REAL DE BUGABITA,2,BARRIO COMPLETO
04,05,01,004,006,040501004006,VILLA MAGNOLIA,2,BARRIO COMPLETO
04,05,01,015,001,040501015001,BARRIADA BELLO HORIZONTE,2,BARRIO COMPLETO
04,05,01,015,003,040501015003,BARRIADA EL ENCANTO,2,BARRIO COMPLETO
04,05,01,015,004,040501015004,BARRIADA LA PAZ,2,BARRIO COMPLETO
04,05,01,015,005,040501015005,BARRIADA SANTA FE,2,BARRIO COMPLETO
04,05,01,015,006,040501015006,BARRIADA SANTA ISABEL,2,BARRIO COMPLETO
04,05,01,015,007,040501015007,BARRIADA BELÉN,2,BARRIO COMPLETO
04,05,01,015,009,040501015009,EL PORVENIR,3,BARRIO PARTE
04,05,01,015,010,040501015010,LA CONCEPCIÓN,4,CABECERA PARTE (Mixto)
04,05,01,015,011,040501015011,BARRIADA LOS PINOS,2,BARRIO COMPLETO
04,05,01,015,012,040501015012,EL ESTUDIANTE,2,BARRIO COMPLETO
04,05,01,015,014,040501015014,NUEVA ORLEANS,2,BARRIO COMPLETO
04,05,01,015,017,040501015017,VISTA HERMOSA,2,BARRIO COMPLETO
04,05,01,015,020,040501015020,DULCE HOGAR,2,BARRIO COMPLETO
04,05,01,015,021,040501015021,BARRIADA SAN RAMÓN,2,BARRIO COMPLETO
04,05,01,015,022,040501015022,VILLA DEL RÍO,2,BARRIO COMPLETO
04,05,01,015,023,040501015023,BARRIO JUSTO ABEL,2,BARRIO COMPLETO
04,05,01,015,024,040501015024,BRISAS DEL RÍO,2,BARRIO COMPLETO
04,05,01,015,025,040501015025,BARRIO LAS PALMERAS,2,BARRIO COMPLETO
04,05,01,015,026,040501015026,BUGABITA ABAJO,2,BARRIO COMPLETO
04,05,01,015,027,040501015027,ALTOS DEL GUACAL,2,BARRIO COMPLETO
04,05,01,015,028,040501015028,LA CANDELARIA,2,BARRIO COMPLETO
04,05,01,015,029,040501015029,RESIDENCIAL LOS CENTAUROS,2,BARRIO COMPLETO
04,05,01,015,030,040501015030,LOS SENDEROS,2,BARRIO COMPLETO
04,05,01,015,031,040501015031,RESIDENCIAL LOS BOSQUES,2,BARRIO COMPLETO
04,05,01,015,032,040501015032,RESIDENCIAL VIRGINIA I,2,BARRIO COMPLETO
04,05,01,015,033,040501015033,RESIDENCIAL VIRGINIA II,2,BARRIO COMPLETO
04,05,01,015,034,040501015034,RESIDENCIAL VIRGINIA III,2,BARRIO COMPLETO
04,05,01,015,035,040501015035,URBANIZACIÓN LA PRADERA,2,BARRIO COMPLETO
04,05,01,015,036,040501015036,BRISAS DE LOS CENTAUROS,2,BARRIO COMPLETO
04,05,01,015,037,040501015037,RESIDENCIAL PARQUE CENTRAL,2,BARRIO COMPLETO
04,05,01,015,038,040501015038,RESIDENCIAL VILLA JORLYN,2,BARRIO COMPLETO
04,05,01,015,039,040501015039,RESIDENCIAL VIRGINIA V,2,BARRIO COMPLETO
04,05,01,015,040,040501015040,RESIDENCIAL VIRGINIA VI,2,BARRIO COMPLETO
04,05,01,015,041,040501015041,URBANIZACIÓN LA HACIENDA,2,BARRIO COMPLETO
04,05,01,015,042,040501015042,URBANIZACIÓN LOS GUAYACANES,2,BARRIO COMPLETO
04,05,01,015,043,040501015043,VILLA LAUREN,2,BARRIO COMPLETO
04,05,01,015,044,040501015044,RESIDENCIAL ALTOS DE LA CONCEPCIÓN,2,BARRIO COMPLETO
04,05,01,015,045,040501015045,BARRIO CRUCIGRAMA,2,BARRIO COMPLETO
04,05,01,015,046,040501015046,RESIDENCIAL SANTA ANA,2,BARRIO COMPLETO
04,05,01,015,047,040501015047,SORTOVÁ,3,BARRIO PARTE
04,05,01,020,001,040501020001,LOS ROBLES DE SAN MIGUEL,2,BARRIO COMPLETO
04,05,01,020,002,040501020002,PRADERAS DE SAN MIGUEL,2,BARRIO COMPLETO
04,05,01,020,003,040501020003,RESIDENCIAL VILLAS DE SAN MIGUEL,2,BARRIO COMPLETO
04,05,01,020,004,040501020004,SAN MIGUEL DEL YUCO,2,BARRIO COMPLETO
04,05,01,020,005,040501020005,SAN VICENTE,2,BARRIO COMPLETO
04,05,01,026,001,040501026001,SEGUNDA BARRIADA,3,BARRIO PARTE
04,05,01,026,002,040501026002,RESIDENCIAL SANTA CLARA,2,BARRIO COMPLETO
04,05,02,002,001,040502002001,ASERRÍO DE GARICHÉ,1,CABECERA
04,05,02,002,002,040502002002,EL ROBLE,2,BARRIO COMPLETO
04,05,02,002,003,040502002003,EXQUISITO,2,BARRIO COMPLETO
04,05,02,002,004,040502002004,GARICHÉ,2,BARRIO COMPLETO
04,05,03,001,001,040503001001,BUGABA ABAJO,2,BARRIO COMPLETO
04,05,03,001,002,040503001002,LA MATA DE BUGABA,2,BARRIO COMPLETO
04,05,03,001,003,040503001003,NUEVO AMANECER,2,BARRIO COMPLETO
04,05,03,001,004,040503001004,SEGUNDA BARRIADA,3,BARRIO PARTE
04,05,03,001,005,040503001005,TERCERA BARRIADA,2,BARRIO COMPLETO
04,05,03,001,006,040503001006,20 DE ENERO,2,BARRIO COMPLETO
04,05,03,001,007,040503001007,DOÑA FELA,2,BARRIO COMPLETO
04,05,03,001,008,040503001008,QUINTA BARRIADA,2,BARRIO COMPLETO
04,05,03,001,009,040503001009,SAN DIEGO,2,BARRIO COMPLETO
04,05,03,001,010,040503001010,BARRIADA LOS GUAYACANES,2,BARRIO COMPLETO
04,05,03,001,011,040503001011,ZARATÍ,2,BARRIO COMPLETO
04,05,03,001,012,040503001012,RESIDENCIAL ALTOS DE BUGABA,2,BARRIO COMPLETO
04,05,03,001,013,040503001013,URBANIZACIÓN ATLANTIS,2,BARRIO COMPLETO
04,05,08,004,001,040508004001,SANTA MARTA,2,BARRIO COMPLETO
04,05,08,004,002,040508004002,SANTA MARTA NORTE,2,BARRIO COMPLETO
04,05,08,004,003,040508004003,RESIDENCIAL CIUDAD JARDÍN SANTA MARTA,2,BARRIO COMPLETO
04,05,10,009,001,040510009001,BARRIADA SAN AGUSTÍN,2,BARRIO COMPLETO
04,05,10,009,002,040510009002,SANTA MARTA,1,CABECERA
04,05,10,009,003,040510009003,SANTO DOMINGO ,3,BARRIO PARTE
04,05,11,008,001,040511008001,RESIDENCIAL COLINAS DE SORTOVÁ,2,BARRIO COMPLETO
04,05,11,008,002,040511008002,SORTOVÁ,4,CABECERA PARTE (Mixto)
04,05,14,001,001,040514001001,BARRIADA ARCO IRIS NO.1,2,BARRIO COMPLETO
04,05,14,001,002,040514001002,BARRIADA NUEVA ESPERANZA,2,BARRIO COMPLETO
04,05,14,001,003,040514001003,BRISAS DEL VOLCÁN,2,BARRIO COMPLETO
04,05,14,001,004,040514001004,EL PORVENIR,3,BARRIO PARTE
04,05,14,001,005,040514001005,LA CONCEPCIÓN,3,BARRIO PARTE
04,05,14,001,006,040514001006,SOLANO,1,CABECERA
04,05,14,001,007,040514001007,URBANIZACIÓN DOS RÍOS,2,BARRIO COMPLETO
04,05,14,001,008,040514001008,URBANIZACIÓN OPCIONES,2,BARRIO COMPLETO
04,05,14,001,009,040514001009,RESIDENCIAL VALLE DEL SOL,2,BARRIO COMPLETO
04,05,14,001,010,040514001010,URBANIZACIÓN VILLAS DE BORINQUITO,2,BARRIO COMPLETO
04,05,15,002,001,040515002001,CELMIRA,2,BARRIO COMPLETO
04,05,15,002,002,040515002002,PORTÓN,2,BARRIO COMPLETO
04,05,15,002,003,040515002003,SAN PEDRO,2,BARRIO COMPLETO
04,05,15,008,001,040515008001,JACÚ,2,BARRIO COMPLETO
04,05,15,008,002,040515008002,SAN ISIDRO ,1,CABECERA
04,05,15,008,003,040515008003,QUEBRADA GRANDE,2,BARRIO COMPLETO
04,06,01,001,004,040601001004,BALBUENA,2,BARRIO COMPLETO
04,06,01,001,005,040601001005,BARRIADA 20 DE DICIEMBRE,2,BARRIO COMPLETO
04,06,01,001,007,040601001007,BARRIADA ARCO IRIS,2,BARRIO COMPLETO
04,06,01,001,010,040601001010,BARRIADA EL ROCÍO,2,BARRIO COMPLETO
04,06,01,001,020,040601001020,BARRIO BOLÍVAR,3,BARRIO PARTE
04,06,01,001,021,040601001021,BARRIO ESTUDIANTE,2,BARRIO COMPLETO
04,06,01,001,022,040601001022,BARRIO MANUEL QUINTERO VILLARREAL,2,BARRIO COMPLETO
04,06,01,001,025,040601001025,DAVID,2,BARRIO COMPLETO
04,06,01,001,026,040601001026,DOLEGUITA,2,BARRIO COMPLETO
04,06,01,001,029,040601001029,EL CARMEN,3,BARRIO PARTE
04,06,01,001,034,040601001034,EL VARITAL,2,BARRIO COMPLETO
04,06,01,001,042,040601001042,LAS ACACIAS,2,BARRIO COMPLETO
04,06,01,001,052,040601001052,SAN MATEO,3,BARRIO PARTE
04,06,01,001,053,040601001053,SANTA CRUZ,2,BARRIO COMPLETO
04,06,01,001,055,040601001055,SANTA CRUZ NORTE,2,BARRIO COMPLETO
04,06,01,001,057,040601001057,TERRONAL,2,BARRIO COMPLETO
04,06,01,001,059,040601001059,URBANIZACIÓN ALTOS DE MORAZÁN,3,BARRIO PARTE
04,06,01,001,062,040601001062,URBANIZACIÓN EMELIA,2,BARRIO COMPLETO
04,06,01,001,065,040601001065,URBANIZACIÓN LA PRINCESA,2,BARRIO COMPLETO
04,06,01,001,068,040601001068,URBANIZACIÓN LAS PERLAS,2,BARRIO COMPLETO
04,06,01,001,069,040601001069,URBANIZACIÓN LOS RÍOS,2,BARRIO COMPLETO
04,06,01,001,070,040601001070,URBANIZACIÓN SAN VICENTE,2,BARRIO COMPLETO
04,06,01,001,071,040601001071,URBANIZACIÓN SOSSA Y BARBERO,2,BARRIO COMPLETO
04,06,01,001,074,040601001074,VILLA DE LAS BRISAS,2,BARRIO COMPLETO
04,06,01,001,075,040601001075,VILLA DORA,2,BARRIO COMPLETO
04,06,01,001,080,040601001080,VILLA OLGA,2,BARRIO COMPLETO
04,06,01,001,084,040601001084,BARRIADA FRANCISCO CLARK,2,BARRIO COMPLETO
04,06,01,001,085,040601001085,BARRIADA LA ESPERANZA,2,BARRIO COMPLETO
04,06,01,001,093,040601001093,BARRIADA VILLA DEL CARMEN,2,BARRIO COMPLETO
04,06,01,001,096,040601001096,LOS BOSQUES DE SAN FERNANDO,2,BARRIO COMPLETO
04,06,01,001,101,040601001101,URBANIZACIÓN LOS GUAYACANES,2,BARRIO COMPLETO
04,06,01,001,105,040601001105,URBANIZACIÓN SANTA MARÍA,2,BARRIO COMPLETO
04,06,01,001,107,040601001107,URBANIZACIÓN VILLA ISABEL,2,BARRIO COMPLETO
04,06,01,001,111,040601001111,BARRIO SUCRE,2,BARRIO COMPLETO
04,06,01,001,112,040601001112,NUEVO SAN VICENTE,2,BARRIO COMPLETO
04,06,01,001,113,040601001113,URBANIZACIÓN EL BOSQUE,2,BARRIO COMPLETO
04,06,01,001,115,040601001115,VILLA DEL SOL,2,BARRIO COMPLETO
04,06,01,001,121,040601001121,URBANIZACIÓN ANAYANSI,2,BARRIO COMPLETO
04,06,01,001,122,040601001122,VILLA NAZARETH,2,BARRIO COMPLETO
04,06,01,001,124,040601001124,VILLA VENICE,2,BARRIO COMPLETO
04,06,01,001,126,040601001126,RESIDENCIAL EL SOL,2,BARRIO COMPLETO
04,06,01,001,127,040601001127,URBANIZACIÓN LOS PAULINOS,2,BARRIO COMPLETO
04,06,01,001,129,040601001129,RESIDENCIAL EL BOSQUE,2,BARRIO COMPLETO
04,06,01,001,146,040601001146,LOS FAROLES,2,BARRIO COMPLETO
04,06,01,001,150,040601001150,RESIDENCIAL KASA MÍA,2,BARRIO COMPLETO
04,06,01,001,151,040601001151,RESIDENCIAL LOS PORTALES,2,BARRIO COMPLETO
04,06,01,001,156,040601001156,VILLAS DEL RÍO,2,BARRIO COMPLETO
04,06,01,001,158,040601001158,RESIDENCIAL SAN JOSÉ,2,BARRIO COMPLETO
04,06,01,001,161,040601001161,ALTOS DEL TERRONAL,2,BARRIO COMPLETO
04,06,01,001,162,040601001162,JARDINES DE LAS PERLAS,2,BARRIO COMPLETO
04,06,04,004,001,040604004001,CHIRIQUÍ,2,BARRIO COMPLETO
04,06,04,004,002,040604004002,BELLA VISTA,2,BARRIO COMPLETO
04,06,04,004,003,040604004003,BETANIA,2,BARRIO COMPLETO
04,06,04,004,004,040604004004,LA AMISTAD,2,BARRIO COMPLETO
04,06,04,004,005,040604004005,LA PLAZA,2,BARRIO COMPLETO
04,06,04,004,006,040604004006,URBANIZACIÓN VALLE DEL SOL,2,BARRIO COMPLETO
04,06,06,004,001,040606004001,QUITEÑO,2,BARRIO COMPLETO
04,06,06,004,002,040606004002,RESIDENCIAL COLINAS DE QUITEÑO,2,BARRIO COMPLETO
04,06,06,004,003,040606004003,RESIDENCIAL VALLE VERDE,2,BARRIO COMPLETO
04,06,06,004,004,040606004004,VILLA VIDELI,2,BARRIO COMPLETO
04,06,06,009,001,040606009001,BARRIADA 19 DE ABRIL O VILLA DEL INDIO,2,BARRIO COMPLETO
04,06,06,009,002,040606009002,ESCOBAL,2,BARRIO COMPLETO
04,06,06,009,003,040606009003,LAS LOMAS O LLANO DEL MEDIO,2,BARRIO COMPLETO
04,06,06,009,004,040606009004,LOS MANGOS,2,BARRIO COMPLETO
04,06,06,009,005,040606009005,SAN JOSÉ,2,BARRIO COMPLETO
04,06,06,009,006,040606009006,LLANO GRANDE ABAJO,2,BARRIO COMPLETO
04,06,06,009,007,040606009007,URBANIZACIÓN SAN ANTONIO,2,BARRIO COMPLETO
04,06,06,009,008,040606009008,LLANO GRANDE ARRIBA,2,BARRIO COMPLETO
04,06,06,009,009,040606009009,BARRIADA GUAYMÍ,2,BARRIO COMPLETO
04,06,06,009,010,040606009010,BARRIADA SAN VALENTÍN,2,BARRIO COMPLETO
04,06,06,009,011,040606009011,RESIDENCIAL CASA HACIENDA,2,BARRIO COMPLETO
04,06,06,009,012,040606009012,URBANIZACIÓN LA FLORESTA,2,BARRIO COMPLETO
04,06,06,009,013,040606009013,LAS MARÍAS,2,BARRIO COMPLETO
04,06,06,009,014,040606009014,RESIDENCIAL SUEÑO DORADO,2,BARRIO COMPLETO
04,06,06,009,015,040606009015,VILLA AMPARO,2,BARRIO COMPLETO
04,06,06,009,016,040606009016,RESIDENCIAL LOS LLANOS,2,BARRIO COMPLETO
04,06,06,009,017,040606009017,NUEVO SAN JOSÉ,2,BARRIO COMPLETO
04,06,06,009,018,040606009018,RESIDENCIAL HERMOSILLO,2,BARRIO COMPLETO
04,06,06,009,019,040606009019,SAN ANTONIO HILLS,2,BARRIO COMPLETO
04,06,06,009,020,040606009020,MATA DE LIMÓN,2,BARRIO COMPLETO
04,06,06,009,021,040606009021,RESIDENCIAL ALTOS DE LAS LOMAS,2,BARRIO COMPLETO
04,06,06,009,022,040606009022,RESIDENCIAL LOS SENDEROS,2,BARRIO COMPLETO
04,06,06,009,023,040606009023,RESIDENCIAL MÁLAGA,2,BARRIO COMPLETO
04,06,06,009,024,040606009024,RESIDENCIAL PRADO VERDE,2,BARRIO COMPLETO
04,06,06,009,025,040606009025,RESIDENCIAL VISTA BELLA II,2,BARRIO COMPLETO
04,06,06,009,026,040606009026,URBANIZACIÓN SAN MIGUEL,2,BARRIO COMPLETO
04,06,06,009,027,040606009027,RESIDENCIAL SEVILLA,2,BARRIO COMPLETO
04,06,06,009,028,040606009028,RESIDENCIAL ALTA VISTA,2,BARRIO COMPLETO
04,06,06,017,001,040606017001,MATA DE NANCE,2,BARRIO COMPLETO
04,06,06,017,002,040606017002,SANTA ROSA DE LIMA,2,BARRIO COMPLETO
04,06,06,017,003,040606017003,MIRABELLA PARK,2,BARRIO COMPLETO
04,06,06,017,004,040606017004,RESIDENCIAL ALTOS DE SAN ANTONIO,2,BARRIO COMPLETO
04,06,06,017,005,040606017005,RESIDENCIAL VALLE DEL NANCE,2,BARRIO COMPLETO
04,06,06,017,006,040606017006,RESIDENCIAL VILLA NUEVA,2,BARRIO COMPLETO
04,06,06,017,007,040606017007,RESIDENCIAL VILLA SERENA,2,BARRIO COMPLETO
04,06,06,017,008,040606017008,RESIDENCIAL VISTA BELLA,2,BARRIO COMPLETO
04,06,06,017,009,040606017009,RESIDENCIAL QUINTAS DE SAN ANTONIO,2,BARRIO COMPLETO
04,06,07,017,001,040607017001,PEDREGAL,2,BARRIO COMPLETO
04,06,07,017,002,040607017002,BARRIADA 16 DE DICIEMBRE,2,BARRIO COMPLETO
04,06,07,017,003,040607017003,BARRIADA VISTA HERMOSA,2,BARRIO COMPLETO
04,06,07,017,004,040607017004,BARRIADA LAS SABANAS,2,BARRIO COMPLETO
04,06,07,017,005,040607017005,BARRIADA SAN JOSÉ,3,BARRIO PARTE
04,06,07,017,006,040607017006,LA ORQUÍDEA,2,BARRIO COMPLETO
04,06,07,017,007,040607017007,VILLA LA PAZ,2,BARRIO COMPLETO
04,06,07,017,008,040607017008,VILLA NEREIDA,2,BARRIO COMPLETO
04,06,07,017,009,040607017009,BARRIADA COSTA DEL SOL,2,BARRIO COMPLETO
04,06,07,017,010,040607017010,BARRIADA 9 DE ABRIL,2,BARRIO COMPLETO
04,06,07,017,011,040607017011,BARRIADA 16 DE MARZO,2,BARRIO COMPLETO
04,06,07,017,015,040607017015,BARRIADA EL ISLOTE,2,BARRIO COMPLETO
04,06,07,017,016,040607017016,LOMA LINDA,2,BARRIO COMPLETO
04,06,07,017,017,040607017017,URBANIZACIÓN DON BOSCO,2,BARRIO COMPLETO
04,06,07,017,018,040607017018,PROYECTO BARRÍA,2,BARRIO COMPLETO
04,06,07,017,019,040607017019,VILLA GALO,2,BARRIO COMPLETO
04,06,07,017,020,040607017020,VILLA GALO NO.3,2,BARRIO COMPLETO
04,06,07,017,021,040607017021,BARRIADA VILLA ESCONDIDA,2,BARRIO COMPLETO
04,06,07,017,022,040607017022,BARRIADA BELLAS COLINAS,2,BARRIO COMPLETO
04,06,07,017,023,040607017023,BRISAS DEL MAR NO.1,2,BARRIO COMPLETO
04,06,07,017,024,040607017024,VILLA UNIÓN,2,BARRIO COMPLETO
04,06,07,017,025,040607017025,EL PAÍS DE LAS MUJERES O VISTA HERMOSA,2,BARRIO COMPLETO
04,06,07,017,026,040607017026,BRISAS DEL MAR NO.2,2,BARRIO COMPLETO
04,06,07,017,027,040607017027,BARRIO ACAPULCO,2,BARRIO COMPLETO
04,06,07,017,028,040607017028,BARRIO EL PESCADOR,2,BARRIO COMPLETO
04,06,07,017,029,040607017029,BARRIO VILLARREAL,2,BARRIO COMPLETO
04,06,07,017,030,040607017030,BARRIADA VISTA LINDA,2,BARRIO COMPLETO
04,06,07,017,031,040607017031,BARRIADA 4 DE ENERO,2,BARRIO COMPLETO
04,06,07,017,032,040607017032,PARCELACIÓN DON BOSCO,2,BARRIO COMPLETO
04,06,07,017,033,040607017033,PUERTO EL MUERTITO,2,BARRIO COMPLETO
04,06,07,017,034,040607017034,PUERTO LA ESTRELLA,2,BARRIO COMPLETO
04,06,07,017,035,040607017035,VILLA GARIBALDI NO.1,2,BARRIO COMPLETO
04,06,07,017,036,040607017036,VILLA GARIBALDI NO.2,2,BARRIO COMPLETO
04,06,08,004,001,040608004001,COLINAS DE SAN CARLOS,2,BARRIO COMPLETO
04,06,08,004,002,040608004002,COLINAS DE SANTA CRUZ,2,BARRIO COMPLETO
04,06,08,004,003,040608004003,LAS LOMAS DE SAN CARLOS,2,BARRIO COMPLETO
04,06,08,004,004,040608004004,NUEVO SAN CARLITOS,2,BARRIO COMPLETO
04,06,08,004,005,040608004005,RESIDENCIAL EL VALLE,2,BARRIO COMPLETO
04,06,08,004,006,040608004006,RESIDENCIAL VILLA GUADALUPANA,2,BARRIO COMPLETO
04,06,08,004,007,040608004007,URBANIZACIÓN DOÑA JOSEFA,2,BARRIO COMPLETO
04,06,08,004,008,040608004008,URBANIZACIÓN VILLA PAOLA,2,BARRIO COMPLETO
04,06,08,004,009,040608004009,VILLA LAURA,2,BARRIO COMPLETO
04,06,08,004,010,040608004010,VILLA SANTA RITA,2,BARRIO COMPLETO
04,06,08,004,011,040608004011,VILLAS DE SAN CARLITOS,2,BARRIO COMPLETO
04,06,08,004,012,040608004012,PEJE PERRO,2,BARRIO COMPLETO
04,06,08,004,013,040608004013,BARRIADA LA ESPERANZA,2,BARRIO COMPLETO
04,06,08,004,014,040608004014,RESIDENCIAL GOLDEN HILLS,2,BARRIO COMPLETO
04,06,08,004,015,040608004015,HACIENDA EL LAGO,2,BARRIO COMPLETO
04,06,08,004,016,040608004016,MADRE TIERRA,2,BARRIO COMPLETO
04,06,09,001,001,040609001001,BÁGALA,3,BARRIO PARTE
04,06,09,001,002,040609001002,RESIDENCIAL LOS ÁNGELES,2,BARRIO COMPLETO
04,06,09,001,003,040609001003,URBANIZACIÓN SANTA MARÍA,3,BARRIO PARTE
04,06,10,004,001,040610004001,AGUACATAL,2,BARRIO COMPLETO
04,06,10,004,002,040610004002,HACIENDA EL TECAL,2,BARRIO COMPLETO
04,06,10,004,003,040610004003,HACIENDA REAL,2,BARRIO COMPLETO
04,06,10,004,004,040610004004,HIBISCUS VILLA,2,BARRIO COMPLETO
04,06,10,004,005,040610004005,MONTILLA,2,BARRIO COMPLETO
04,06,10,004,006,040610004006,RESIDENCIAL AQUALINA,2,BARRIO COMPLETO
04,06,10,004,007,040610004007,RESIDENCIAL LOMAS DE AGUACATAL,3,BARRIO PARTE
04,06,10,004,008,040610004008,RESIDENCIAL LOS TULIPANES,2,BARRIO COMPLETO
04,06,10,004,009,040610004009,RESIDENCIAL MONTILLA,2,BARRIO COMPLETO
04,06,10,004,010,040610004010,RESIDENCIAL PIAMONTE,2,BARRIO COMPLETO
04,06,10,004,011,040610004011,RESIDENCIAL VERANDA,2,BARRIO COMPLETO
04,06,10,004,012,040610004012,RESIDENCIAL VILLA ANA,2,BARRIO COMPLETO
04,06,10,004,013,040610004013,VILLA PATRICIA,2,BARRIO COMPLETO
04,06,10,006,001,040610006001,SAN PABLO VIEJO ABAJO,2,BARRIO COMPLETO
04,06,10,006,002,040610006002,COQUITO,2,BARRIO COMPLETO
04,06,10,006,003,040610006003,RESIDENCIAL COLINAS DE SANTA ISABEL,2,BARRIO COMPLETO
04,06,10,006,004,040610006004,LAS ACACIAS O EL ROBLE,2,BARRIO COMPLETO
04,06,10,006,005,040610006005,VILLA MARÍA,2,BARRIO COMPLETO
04,06,10,006,006,040610006006,RESIDENCIAL LA ARBOLEDA,2,BARRIO COMPLETO
04,06,10,006,007,040610006007,NUEVO COQUITO,2,BARRIO COMPLETO
04,06,10,006,008,040610006008,RESIDENCIAL PORTO DI ORO,2,BARRIO COMPLETO
04,06,10,006,009,040610006009,LA FONTANA,2,BARRIO COMPLETO
04,06,10,006,010,040610006010,BARRIADA EL HIGO,2,BARRIO COMPLETO
04,06,10,006,011,040610006011,EL ROBLEDAL,2,BARRIO COMPLETO
04,06,10,006,012,040610006012,RESIDENCIAL QUINTAS DE VALERIA,2,BARRIO COMPLETO
04,06,10,006,013,040610006013,URBANIZACIÓN BELLA VISTA,2,BARRIO COMPLETO
04,06,10,006,014,040610006014,BARRIADA SANTO DOMINGO DE GUZMÁN,2,BARRIO COMPLETO
04,06,10,006,015,040610006015,URBANIZACIÓN SANTA MÓNICA,2,BARRIO COMPLETO
04,06,10,006,016,040610006016,RESIDENCIAL VISTA VERDE,2,BARRIO COMPLETO
04,06,10,006,017,040610006017,SANTA TERESA,2,BARRIO COMPLETO
04,06,10,006,018,040610006018,RESIDENCIAL COQUITO HILLS,2,BARRIO COMPLETO
04,06,10,006,019,040610006019,RESIDENCIAL VALLE BONITO,2,BARRIO COMPLETO
04,06,10,006,020,040610006020,TERRAZAS DE SAN PABLO,2,BARRIO COMPLETO
04,06,10,006,021,040610006021,URBANIZACIÓN VILLA GUADALUPE,2,BARRIO COMPLETO
04,06,10,006,022,040610006022,VILLAS DE SAN PABLO VIEJO,2,BARRIO COMPLETO
04,06,10,006,023,040610006023,TERRAZAS DE SAN PABLO II,2,BARRIO COMPLETO
04,06,10,006,024,040610006024,URBANIZACIÓN SANTA MÓNICA II,2,BARRIO COMPLETO
04,06,10,006,025,040610006025,RESIDENCIAL LAS CUMBRES,2,BARRIO COMPLETO
04,06,10,006,026,040610006026,RESIDENCIAL LOS TECALES,2,BARRIO COMPLETO
04,06,10,006,027,040610006027,RESIDENCIAL LLANO DORADO,2,BARRIO COMPLETO
04,06,10,006,028,040610006028,URBANIZACIÓN PARQUES DE SAN PABLO,2,BARRIO COMPLETO
04,06,10,006,029,040610006029,URBANIZACIÓN SAN PABLO COUNTRY,2,BARRIO COMPLETO
04,06,10,006,030,040610006030,RESIDENCIAL LAS HELAS,2,BARRIO COMPLETO
04,06,10,006,031,040610006031,COQUITO ABAJO,2,BARRIO COMPLETO
04,06,10,006,032,040610006032,RESIDENCIAL COQUITO HEIGHTS,2,BARRIO COMPLETO
04,06,10,007,001,040610007001,P.H. VILLA DE LAS ROSAS,2,BARRIO COMPLETO
04,06,10,007,002,040610007002,RESIDENCIAL BUENOS AIRES,2,BARRIO COMPLETO
04,06,10,007,003,040610007003,RESIDENCIAL COLINAS DE SAN JUAN,2,BARRIO COMPLETO
04,06,10,007,004,040610007004,RESIDENCIAL EL DORADO,2,BARRIO COMPLETO
04,06,10,007,005,040610007005,RESIDENCIAL VALLE DE SAN PABLO,2,BARRIO COMPLETO
04,06,10,007,006,040610007006,SAN JUAN DEL TEJAL,2,BARRIO COMPLETO
04,06,10,007,007,040610007007,SAN PABLO VIEJO ARRIBA,2,BARRIO COMPLETO
04,06,11,001,001,040611001001,ALTOS DE MORAZÁN NO.3,2,BARRIO COMPLETO
04,06,11,001,002,040611001002,ALTOS DEL RÍO,2,BARRIO COMPLETO
04,06,11,001,003,040611001003,BAJO LA UNIÓN O LAS FLORES,2,BARRIO COMPLETO
04,06,11,001,004,040611001004,BAJOS DEL RÍO,2,BARRIO COMPLETO
04,06,11,001,005,040611001005,BARRIADA 15 DE MARZO,2,BARRIO COMPLETO
04,06,11,001,006,040611001006,BARRIADA ALBA,2,BARRIO COMPLETO
04,06,11,001,007,040611001007,BARRIADA ALTAMIRA,2,BARRIO COMPLETO
04,06,11,001,008,040611001008,BARRIADA ALTO DE LAS MORAS,2,BARRIO COMPLETO
04,06,11,001,009,040611001009,BARRIADA DON BOSCO O REVOLUCIÓN,2,BARRIO COMPLETO
04,06,11,001,010,040611001010,BARRIADA ELISA CHIARI,2,BARRIO COMPLETO
04,06,11,001,011,040611001011,BARRIADA LA FLORIDA,2,BARRIO COMPLETO
04,06,11,001,012,040611001012,BARRIADA LAS MORAS,2,BARRIO COMPLETO
04,06,11,001,013,040611001013,BARRIADA LOMA LINDA,2,BARRIO COMPLETO
04,06,11,001,014,040611001014,BARRIADA LOS ANDES NO.2,2,BARRIO COMPLETO
04,06,11,001,015,040611001015,BARRIADA LOS LIRIOS,2,BARRIO COMPLETO
04,06,11,001,016,040611001016,BARRIADA LOURDES,2,BARRIO COMPLETO
04,06,11,001,017,040611001017,BARRIADA MONTE FRESCO,2,BARRIO COMPLETO
04,06,11,001,018,040611001018,BARRIADA PARAÍSO,2,BARRIO COMPLETO
04,06,11,001,019,040611001019,"BARRIADA PARAÍSO ""SECTOR 6""",2,BARRIO COMPLETO
04,06,11,001,020,040611001020,BARRIADA TARILÚ,2,BARRIO COMPLETO
04,06,11,001,021,040611001021,BARRIADA VISTA LINDA,2,BARRIO COMPLETO
04,06,11,001,022,040611001022,BARRIO BOLÍVAR,4,CABECERA PARTE (Mixto)
04,06,11,001,023,040611001023,BRISAS DEL RÍO,2,BARRIO COMPLETO
04,06,11,001,024,040611001024,CUESTA DEL SOL NO.1,2,BARRIO COMPLETO
04,06,11,001,025,040611001025,EL PINAR,2,BARRIO COMPLETO
04,06,11,001,026,040611001026,EL VEDADO O NUEVO VEDADO,3,BARRIO PARTE
04,06,11,001,027,040611001027,I.V.U. CEMENTERIO,2,BARRIO COMPLETO
04,06,11,001,028,040611001028,I.V.U. PUEBLO NUEVO,2,BARRIO COMPLETO
04,06,11,001,029,040611001029,LA ALAMEDA,2,BARRIO COMPLETO
04,06,11,001,030,040611001030,LA JUVENTUD,2,BARRIO COMPLETO
04,06,11,001,031,040611001031,LA LEALTAD,2,BARRIO COMPLETO
04,06,11,001,032,040611001032,LA PROSPERIDAD,2,BARRIO COMPLETO
04,06,11,001,033,040611001033,LOMA COLORADA,2,BARRIO COMPLETO
04,06,11,001,034,040611001034,LOS ALMENDROS,2,BARRIO COMPLETO
04,06,11,001,035,040611001035,LOS ANDES,2,BARRIO COMPLETO
04,06,11,001,036,040611001036,PUEBLO NUEVO,2,BARRIO COMPLETO
04,06,11,001,037,040611001037,RESIDENCIAL EL PALITO,2,BARRIO COMPLETO
04,06,11,001,038,040611001038,SANTA LUCÍA,2,BARRIO COMPLETO
04,06,11,001,039,040611001039,URBANIZACIÓN AEROPUERTO,2,BARRIO COMPLETO
04,06,11,001,040,040611001040,URBANIZACIÓN ALTOS DE MORAZÁN,3,BARRIO PARTE
04,06,11,001,041,040611001041,URBANIZACIÓN LA ALONDRA,2,BARRIO COMPLETO
04,06,11,001,042,040611001042,URBANIZACIÓN LA AURORA,2,BARRIO COMPLETO
04,06,11,001,043,040611001043,URBANIZACIÓN LOS PINOS,2,BARRIO COMPLETO
04,06,11,001,044,040611001044,URBANIZACIÓN NAZARETH,2,BARRIO COMPLETO
04,06,11,001,045,040611001045,URBANIZACIÓN VILLA GRISELDA,2,BARRIO COMPLETO
04,06,11,001,046,040611001046,VALLE DE LA LUNA,2,BARRIO COMPLETO
04,06,11,001,047,040611001047,VILLA BELÉN,2,BARRIO COMPLETO
04,06,11,001,048,040611001048,VILLA ESPERANZA,2,BARRIO COMPLETO
04,06,11,001,049,040611001049,VILLA GALO NO.1,2,BARRIO COMPLETO
04,06,11,001,050,040611001050,VILLA GALO NO.2,2,BARRIO COMPLETO
04,06,11,001,051,040611001051,VILLA PAREDES,2,BARRIO COMPLETO
04,06,11,001,052,040611001052,BARRIADA SAN JOSÉ,3,BARRIO PARTE
04,06,11,001,053,040611001053,BARRIADA VALLE DE LAS MORAS,2,BARRIO COMPLETO
04,06,11,001,054,040611001054,CUESTA DEL SOL NO.2,2,BARRIO COMPLETO
04,06,11,001,055,040611001055,LOMA ESMERALDA,2,BARRIO COMPLETO
04,06,11,001,056,040611001056,RESIDENCIAL LOMA ESMERALDA,2,BARRIO COMPLETO
04,06,11,001,057,040611001057,RESIDENCIAL VILLA REAL,2,BARRIO COMPLETO
04,06,11,001,058,040611001058,URBANIZACIÓN JARDINES DE VILLA REAL,2,BARRIO COMPLETO
04,06,11,001,059,040611001059,URBANIZACIÓN LOMA LINDA,2,BARRIO COMPLETO
04,06,11,001,060,040611001060,VILLA MAGDA,2,BARRIO COMPLETO
04,06,11,001,061,040611001061,RESIDENCIAL HACIENDA MARÍA,2,BARRIO COMPLETO
04,06,11,001,062,040611001062,RESIDENCIAL ALEXANDRA,2,BARRIO COMPLETO
04,06,11,001,063,040611001063,RESIDENCIAL NOVA SUR,2,BARRIO COMPLETO
04,06,11,001,064,040611001064,RESIDENCIAL VILLA GABRIELA,2,BARRIO COMPLETO
04,06,11,001,065,040611001065,LA TIERRA PROMETIDA,2,BARRIO COMPLETO
04,06,11,001,066,040611001066,VILLA GRISELDA,2,BARRIO COMPLETO
04,06,12,001,001,040612001001,ALTO VERDE,2,BARRIO COMPLETO
04,06,12,001,002,040612001002,BARRIADA ALTOS DE SAN CRISTÓBAL,2,BARRIO COMPLETO
04,06,12,001,003,040612001003,BARRIADA EL RETORNO,2,BARRIO COMPLETO
04,06,12,001,004,040612001004,BARRIADA JERUSALÉN,2,BARRIO COMPLETO
04,06,12,001,005,040612001005,BARRIADA LA LIBERTAD,2,BARRIO COMPLETO
04,06,12,001,006,040612001006,BARRIADA LASSONDE,2,BARRIO COMPLETO
04,06,12,001,007,040612001007,BARRIADA LEVIS,2,BARRIO COMPLETO
04,06,12,001,008,040612001008,BARRIADA NUEVO AMANECER,2,BARRIO COMPLETO
04,06,12,001,009,040612001009,BARRIADA REPARTO UNIVERSAL,2,BARRIO COMPLETO
04,06,12,001,010,040612001010,BARRIADA VICTORIANO LORENZO,2,BARRIO COMPLETO
04,06,12,001,011,040612001011,BARRIADA VILLA ROCA,2,BARRIO COMPLETO
04,06,12,001,012,040612001012,BARRIO UNIVERSITARIO,2,BARRIO COMPLETO
04,06,12,001,013,040612001013,CIUDAD ACUARIO,2,BARRIO COMPLETO
04,06,12,001,014,040612001014,DIVINO NIÑO,2,BARRIO COMPLETO
04,06,12,001,015,040612001015,EL CARMEN,3,BARRIO PARTE
04,06,12,001,016,040612001016,EL RETIRO,2,BARRIO COMPLETO
04,06,12,001,017,040612001017,EL SANTO,2,BARRIO COMPLETO
04,06,12,001,018,040612001018,EL VEDADO O NUEVO VEDADO,3,BARRIO PARTE
04,06,12,001,019,040612001019,ENRIQUE MALEK,2,BARRIO COMPLETO
04,06,12,001,020,040612001020,GRAN DAVID,2,BARRIO COMPLETO
04,06,12,001,021,040612001021,I.V.U. PRIMAVERA,2,BARRIO COMPLETO
04,06,12,001,022,040612001022,JARDINES DE SAN CRISTÓBAL,2,BARRIO COMPLETO
04,06,12,001,023,040612001023,LAS MARGARITAS,2,BARRIO COMPLETO
04,06,12,001,024,040612001024,LAS VILLAS DE PRAGA,2,BARRIO COMPLETO
04,06,12,001,025,040612001025,LOS ABANICOS,2,BARRIO COMPLETO
04,06,12,001,026,040612001026,LOS ÁNGELES,2,BARRIO COMPLETO
04,06,12,001,027,040612001027,MIRADOR,2,BARRIO COMPLETO
04,06,12,001,028,040612001028,NUEVA ESPERANZA,2,BARRIO COMPLETO
04,06,12,001,029,040612001029,PALO VERDE,2,BARRIO COMPLETO
04,06,12,001,030,040612001030,READ GREAY,2,BARRIO COMPLETO
04,06,12,001,031,040612001031,RESIDENCIAL EL DORADO,2,BARRIO COMPLETO
04,06,12,001,032,040612001032,SAN CRISTÓBAL,1,CABECERA
04,06,12,001,033,040612001033,SAN MATEO,3,BARRIO PARTE
04,06,12,001,034,040612001034,URBANIZACIÓN ALTOS DEL LAGO,2,BARRIO COMPLETO
04,06,12,001,035,040612001035,URBANIZACIÓN EL CABRERO O VILLA UNIVERSITARIA,2,BARRIO COMPLETO
04,06,12,001,036,040612001036,URBANIZACIÓN GUILLERMO DERUX,2,BARRIO COMPLETO
04,06,12,001,037,040612001037,URBANIZACIÓN LA FERIA,2,BARRIO COMPLETO
04,06,12,001,038,040612001038,URBANIZACIÓN LA FERIA NO.2,2,BARRIO COMPLETO
04,06,12,001,039,040612001039,URBANIZACIÓN LA FERIA NO.3,2,BARRIO COMPLETO
04,06,12,001,040,040612001040,URBANIZACIÓN LA PRADERA,2,BARRIO COMPLETO
04,06,12,001,041,040612001041,URBANIZACIÓN LA RIVIERA,2,BARRIO COMPLETO
04,06,12,001,042,040612001042,URBANIZACIÓN LA VEREDA,2,BARRIO COMPLETO
04,06,12,001,043,040612001043,URBANIZACIÓN LEFEVRE,2,BARRIO COMPLETO
04,06,12,001,044,040612001044,URBANIZACIÓN PORTAL DE LAS MARGARITAS,2,BARRIO COMPLETO
04,06,12,001,045,040612001045,URBANIZACIÓN SANTA ROSA,2,BARRIO COMPLETO
04,06,12,001,046,040612001046,URBANIZACIÓN VILLA MERCEDES,2,BARRIO COMPLETO
04,06,12,001,047,040612001047,VILLA AURA,2,BARRIO COMPLETO
04,06,12,001,048,040612001048,VILLA CLARA,2,BARRIO COMPLETO
04,06,12,001,049,040612001049,VILLA ISABELA,2,BARRIO COMPLETO
04,06,12,001,050,040612001050,VILLA LORENA,2,BARRIO COMPLETO
04,06,12,001,051,040612001051,VILLA SAN CRISTÓBAL,2,BARRIO COMPLETO
04,06,12,001,052,040612001052,VILLA ZIA ELENA,2,BARRIO COMPLETO
04,06,12,001,053,040612001053,BARRIADA WALKIRIA,2,BARRIO COMPLETO
04,06,12,001,054,040612001054,BRISAS DE SAN CRISTÓBAL,2,BARRIO COMPLETO
04,06,12,001,055,040612001055,LOS ABANICOS NO.3,2,BARRIO COMPLETO
04,06,12,001,056,040612001056,MIRADOR NO.2,2,BARRIO COMPLETO
04,06,12,001,057,040612001057,QUINTAS DE LA RIVIERA,2,BARRIO COMPLETO
04,06,12,001,058,040612001058,RESIDENCIAL CIUDAD MALEK,2,BARRIO COMPLETO
04,06,12,001,059,040612001059,URBANIZACIÓN CIUDAD ORIÓN,2,BARRIO COMPLETO
04,06,12,001,060,040612001060,VILLA ISABELA II,2,BARRIO COMPLETO
04,07,01,004,001,040701004001,DOLEGA,2,BARRIO COMPLETO
04,07,01,004,002,040701004002,ALTOS DE SAN FRANCISCO,2,BARRIO COMPLETO
04,07,01,004,003,040701004003,BAJO LA TUMBA,2,BARRIO COMPLETO
04,07,01,004,004,040701004004,BARRIADA DON CARLOS,2,BARRIO COMPLETO
04,07,01,004,005,040701004005,BARRIADA LINA,2,BARRIO COMPLETO
04,07,01,004,006,040701004006,EL CAÑO,2,BARRIO COMPLETO
04,07,01,004,007,040701004007,SAN FRANCISCO,2,BARRIO COMPLETO
04,07,01,004,008,040701004008,SECTOR LA LÍNEA,2,BARRIO COMPLETO
04,07,01,004,009,040701004009,URBANIZACIÓN NUEVO DOLEGA,2,BARRIO COMPLETO
04,07,02,003,001,040702003001,DOS RÍOS O DOS RÍOS ABAJO,1,CABECERA
04,07,02,003,002,040702003002,DOS RÍOS ARRIBA,2,BARRIO COMPLETO
04,07,02,003,003,040702003003,EL NARANJAL,2,BARRIO COMPLETO
04,07,03,001,001,040703001001,CAIMITO,2,BARRIO COMPLETO
04,07,03,001,002,040703001002,RESIDENCIAL SAN AGUSTÍN,2,BARRIO COMPLETO
04,07,03,001,003,040703001003,RESIDENCIAL BOSQUE REAL,2,BARRIO COMPLETO
04,07,03,001,004,040703001004,RESIDENCIAL NATASHA,2,BARRIO COMPLETO
04,07,03,001,005,040703001005,RESIDENCIAL CAIMITO VILLAGE,2,BARRIO COMPLETO
04,07,03,001,006,040703001006,RESIDENCIAL SANTA MARÍA,2,BARRIO COMPLETO
04,07,03,001,007,040703001007,RESIDENCIAL VIVE,2,BARRIO COMPLETO
04,07,03,001,008,040703001008,RESIDENCIAL PASEO DEL BOSQUE,2,BARRIO COMPLETO
04,07,03,002,001,040703002001,LOS ANASTACIOS,2,BARRIO COMPLETO
04,07,05,003,001,040705003001,POTRERILLOS ABAJO ,1,CABECERA
04,07,08,001,001,040708001001,ALGARROBOS ARRIBA,2,BARRIO COMPLETO
04,07,08,001,002,040708001002,ALTOS DE LOS ALGARROBOS,2,BARRIO COMPLETO
04,07,08,001,003,040708001003,EL TUCÁN,2,BARRIO COMPLETO
04,07,08,001,004,040708001004,RESIDENCIAL ALTAMAR I,2,BARRIO COMPLETO
04,07,08,001,005,040708001005,RESIDENCIAL ALTAMAR II,2,BARRIO COMPLETO
04,07,08,001,006,040708001006,RESIDENCIAL LOS ALGARROBOS ARRIBA,2,BARRIO COMPLETO
04,07,08,001,007,040708001007,URBANIZACIÓN NUEVO HORIZONTE,2,BARRIO COMPLETO
04,07,08,001,008,040708001008,VILLA JULIANA,2,BARRIO COMPLETO
04,07,08,001,009,040708001009,VILLA KRISTAL,2,BARRIO COMPLETO
04,07,08,001,010,040708001010,URBANIZACIÓN LOS ÁLAMOS,2,BARRIO COMPLETO
04,07,08,001,011,040708001011,DORAL VILLAS,2,BARRIO COMPLETO
04,07,08,001,012,040708001012,DORAL VILLAS II,2,BARRIO COMPLETO
04,07,08,001,013,040708001013,RESIDENCIAL VILLA ALEANA,2,BARRIO COMPLETO
04,07,08,006,001,040708006001,LOS ALGARROBOS,2,BARRIO COMPLETO
04,07,08,006,002,040708006002,RESIDENCIAL LAS LAJAS,2,BARRIO COMPLETO
04,07,08,006,003,040708006003,RESIDENCIAL LOS TECALES,2,BARRIO COMPLETO
04,07,08,006,004,040708006004,URBANIZACIÓN SAN GABRIEL,2,BARRIO COMPLETO
04,07,08,006,005,040708006005,JARDINES LOS ALGARROBOS,2,BARRIO COMPLETO
04,07,08,006,006,040708006006,PARQUES DE LA BELLA SUIZA,2,BARRIO COMPLETO
04,07,08,006,007,040708006007,RESIDENCIAL CELÍN NO.1 Y NO.2,2,BARRIO COMPLETO
04,07,08,006,008,040708006008,RESIDENCIAL CHARCO AZUL,2,BARRIO COMPLETO
04,07,08,006,009,040708006009,VILLA DEL SOL,2,BARRIO COMPLETO
04,07,08,006,010,040708006010,URBANIZACIÓN BELLA VISTA,2,BARRIO COMPLETO
04,07,08,006,011,040708006011,VILLA JULIE,2,BARRIO COMPLETO
04,07,08,006,012,040708006012,URBANIZACIÓN JARDINES DE LOS ALGARROBOS,2,BARRIO COMPLETO
04,07,08,006,013,040708006013,ALGARROBOS PARK,2,BARRIO COMPLETO
04,07,08,006,014,040708006014,RESIDENCIAL CIUDAD JARDÍN,2,BARRIO COMPLETO
04,07,08,006,015,040708006015,RESIDENCIAL LAS MARÍAS,2,BARRIO COMPLETO
04,07,08,006,016,040708006016,RESIDENCIAL LOS VALLES DE ALGARROBOS,2,BARRIO COMPLETO
04,07,08,006,017,040708006017,RESIDENCIAL VILLA ADRIANA,2,BARRIO COMPLETO
04,07,08,006,018,040708006018,RESIDENCIAL VISTA HERMOSA,2,BARRIO COMPLETO
04,07,08,006,019,040708006019,BALMORAL,2,BARRIO COMPLETO
04,07,08,006,020,040708006020,BELLA SUIZA GOLD,2,BARRIO COMPLETO
04,07,08,006,021,040708006021,RESIDENCIAL LLANO GRANDE,2,BARRIO COMPLETO
04,07,08,006,022,040708006022,RESIDENCIAL MARÍA GLORIA,2,BARRIO COMPLETO
04,07,08,006,023,040708006023,URBANIZACIÓN DEL CARMEN VILLAGE,2,BARRIO COMPLETO
04,07,08,006,024,040708006024,VILLA ESMERALDA,2,BARRIO COMPLETO
04,07,08,006,025,040708006025,RESIDENCIAL VILLA GLORIA,2,BARRIO COMPLETO
04,07,08,006,026,040708006026,RESIDENCIAL VILLA VERDE,2,BARRIO COMPLETO
04,07,08,006,027,040708006027,RESIDENCIAL VILLA EMMA,2,BARRIO COMPLETO
04,07,08,006,028,040708006028,RESIDENCIAL COLONIAS LOS ALGARROBOS,2,BARRIO COMPLETO
04,08,01,035,001,040801035001,DOLEGUITA,2,BARRIO COMPLETO
04,08,01,035,002,040801035002,GUALACA,2,BARRIO COMPLETO
04,08,01,035,003,040801035003,LA ESPERANZA,2,BARRIO COMPLETO
04,08,01,035,004,040801035004,LA FLORIDA,2,BARRIO COMPLETO
04,08,01,035,005,040801035005,VARITAL,2,BARRIO COMPLETO
04,08,01,035,006,040801035006,LOS GUAYACANES,2,BARRIO COMPLETO
04,08,01,035,007,040801035007,NUEVA ESPERANZA,2,BARRIO COMPLETO
04,10,05,005,001,041005005001,ALTO DE LA MINA,2,BARRIO COMPLETO
04,10,05,005,002,041005005002,CAISÁN CENTRO O CAISÁN ABAJO,2,BARRIO COMPLETO
04,10,05,005,003,041005005003,PLAZA CAISÁN ,1,CABECERA
04,10,08,002,001,041008002001,PALMARITO ,2,BARRIO COMPLETO
04,10,08,002,002,041008002002,RÍO GUISADO,2,BARRIO COMPLETO
04,10,08,002,003,041008002003,SANTA CLARA,1,CABECERA
04,11,04,009,001,041104009001,BARRIADA NUEVA,2,BARRIO COMPLETO
04,11,04,009,002,041104009002,EL SILENCIO,2,BARRIO COMPLETO
04,11,04,009,003,041104009003,SAMARIA,2,BARRIO COMPLETO
04,11,04,009,004,041104009004,SAN FÉLIX,1,CABECERA
04,11,04,009,005,041104009005,LAS MATAS,2,BARRIO COMPLETO
04,13,01,042,001,041301042001,3 DE NOVIEMBRE,2,BARRIO COMPLETO
04,13,01,042,002,041301042002,PORTUGAL,2,BARRIO COMPLETO
04,13,01,042,003,041301042003,PUEBLO VIEJO,2,BARRIO COMPLETO
04,13,01,042,004,041301042004,TOLÉ,2,BARRIO COMPLETO
04,13,01,042,005,041301042005,VILLA LA FUENTE,2,BARRIO COMPLETO
04,13,01,042,006,041301042006,LA MESETA,2,BARRIO COMPLETO
04,13,09,011,001,041309011001,LLANO LIMÓN,2,BARRIO COMPLETO
04,13,09,011,002,041309011002,VELADERO ,1,CABECERA
04,14,01,028,001,041401028001,BARRIADA 6 DE AGOSTO,3,BARRIO PARTE
04,14,01,028,004,041401028004,COLONIA DEL VALLE,3,BARRIO PARTE
04,14,01,028,005,041401028005,EL VALLE,3,BARRIO PARTE
04,14,01,028,009,041401028009,VOLCÁN,3,BARRIO PARTE
04,14,01,028,010,041401028010,LA FLORIDA,3,BARRIO PARTE
04,14,01,028,011,041401028011,BRISAS DEL NORTE,2,BARRIO COMPLETO
04,14,01,028,012,041401028012,CERRO BRUJO,2,BARRIO COMPLETO
04,14,01,028,013,041401028013,LA FLORISTERÍA,2,BARRIO COMPLETO
04,14,01,028,014,041401028014,LA FUENTE,2,BARRIO COMPLETO
04,14,01,028,015,041401028015,LA PRIMAVERA,2,BARRIO COMPLETO
04,14,01,028,016,041401028016,BRISAS DE VOLCÁN,2,BARRIO COMPLETO
04,14,01,028,017,041401028017,MOUNTAIN PEACE,2,BARRIO COMPLETO
04,14,01,028,018,041401028018,URBANIZACIÓN LOS EUCALIPTOS,2,BARRIO COMPLETO
04,14,01,028,019,041401028019,URBANIZACIÓN VISTA VOLCÁN,2,BARRIO COMPLETO
04,14,02,004,001,041402004001,CERRO PUNTA,2,BARRIO COMPLETO
04,14,04,019,001,041404019001,BARRIADA 6 DE AGOSTO,3,BARRIO PARTE
04,14,04,019,002,041404019002,BARRIADA LAS PERLAS,2,BARRIO COMPLETO
04,14,04,019,003,041404019003,COLONIA DEL VALLE,3,BARRIO PARTE
04,14,04,019,004,041404019004,EL VALLE,3,BARRIO PARTE
04,14,04,019,005,041404019005,LA FLORIDA,3,BARRIO PARTE
04,14,04,019,006,041404019006,NUEVA CALIFORNIA,1,CABECERA
04,14,04,019,007,041404019007,VOLCÁN,3,BARRIO PARTE
04,14,04,019,008,041404019008,RESIDENCIAL VALLE DEL BARÚ,2,BARRIO COMPLETO
04,14,04,019,009,041404019009,RESIDENCIAL VALLE DEL BARÚ II,2,BARRIO COMPLETO
04,14,05,013,001,041405013001,BELLA VISTA,2,BARRIO COMPLETO
04,14,05,013,002,041405013002,NUEVO BAMBITO,2,BARRIO COMPLETO
04,14,05,013,003,041405013003,PASO ANCHO,1,CABECERA
05,01,01,047,001,050101047001,CALLE ABAJO,2,BARRIO COMPLETO
05,01,01,047,002,050101047002,CENTRAL ARRIBA,2,BARRIO COMPLETO
05,01,01,047,003,050101047003,EL COPOSO,2,BARRIO COMPLETO
05,01,01,047,004,050101047004,LA NORIA,2,BARRIO COMPLETO
05,01,01,047,005,050101047005,LA PAZ,2,BARRIO COMPLETO
05,01,01,047,006,050101047006,LA PUNTITA,2,BARRIO COMPLETO
05,01,01,047,007,050101047007,"LOMA ""B""",2,BARRIO COMPLETO
05,01,01,047,008,050101047008,"LOMA ""C""",2,BARRIO COMPLETO
05,01,01,047,009,050101047009,VISTA HERMOSA,2,BARRIO COMPLETO
05,01,01,047,010,050101047010,ALTOS DE LA NORIA,2,BARRIO COMPLETO
05,01,01,047,011,050101047011,LA HERRADURA,2,BARRIO COMPLETO
05,02,08,032,001,050208032001,BELLO HORIZONTE,2,BARRIO COMPLETO
05,02,08,032,002,050208032002,EL TECAL,2,BARRIO COMPLETO
05,02,08,032,003,050208032003,METETÍ,2,BARRIO COMPLETO
05,02,08,032,004,050208032004,NUEVA ESPERANZA,2,BARRIO COMPLETO
05,02,08,032,005,050208032005,SAN ANTONIO,2,BARRIO COMPLETO
05,02,08,032,006,050208032006,SAN JOSÉ,2,BARRIO COMPLETO
06,01,01,003,004,060101003004,BARRIADA SAN MARTÍN,2,BARRIO COMPLETO
06,01,01,003,005,060101003005,BARRIADA SANTA RITA,2,BARRIO COMPLETO
06,01,01,003,007,060101003007,CHITRÉ,3,BARRIO PARTE
06,01,01,003,009,060101003009,URBANIZACIÓN LAS PEÑITAS NO.1,2,BARRIO COMPLETO
06,01,01,003,011,060101003011,RESIDENCIAL ALTOS DEL MAR,2,BARRIO COMPLETO
06,01,01,003,012,060101003012,URBANIZACIÓN CANTARRANA,2,BARRIO COMPLETO
06,01,01,003,014,060101003014,URBANIZACIÓN EL ENCANTO,2,BARRIO COMPLETO
06,01,01,003,016,060101003016,URBANIZACIÓN LAS MARGARITAS,2,BARRIO COMPLETO
06,01,01,003,017,060101003017,URBANIZACIÓN LAS MERCEDES,2,BARRIO COMPLETO
06,01,01,003,018,060101003018,URBANIZACIÓN LOS RÍOS,2,BARRIO COMPLETO
06,01,01,003,019,060101003019,URBANIZACIÓN MANUEL COHEN,2,BARRIO COMPLETO
06,01,01,003,022,060101003022,URBANIZACIÓN SAN JUAN DE DIOS,2,BARRIO COMPLETO
06,01,01,003,023,060101003023,URBANIZACIÓN SANTA CRUZ,2,BARRIO COMPLETO
06,01,01,003,024,060101003024,URBANIZACIÓN VILLA SALVADORA,2,BARRIO COMPLETO
06,01,01,003,025,060101003025,URBANIZACIÓN LAS PEÑITAS NO.2,2,BARRIO COMPLETO
06,01,01,003,026,060101003026,BARRIADA RAYO DE LUZ,2,BARRIO COMPLETO
06,01,01,003,027,060101003027,CAMINO A LA TOMA DE AGUA,2,BARRIO COMPLETO
06,01,01,003,028,060101003028,EL GUAYABO,2,BARRIO COMPLETO
06,01,01,003,029,060101003029,REPARTO EL CARMEN,2,BARRIO COMPLETO
06,01,01,003,030,060101003030,RESIDENCIAL JALISCO,2,BARRIO COMPLETO
06,01,01,003,031,060101003031,URBANIZACIÓN CARIDE,2,BARRIO COMPLETO
06,01,01,003,032,060101003032,URBANIZACIÓN DE GRACIA,2,BARRIO COMPLETO
06,01,01,003,033,060101003033,URBANIZACIÓN ISABEL DELFINA,2,BARRIO COMPLETO
06,01,01,003,034,060101003034,URBANIZACIÓN RODRÍGUEZ BERNAL,2,BARRIO COMPLETO
06,01,01,003,035,060101003035,URBANIZACIÓN SANTA RITA,2,BARRIO COMPLETO
06,01,01,003,036,060101003036,URBANIZACIÓN VILLA AUGUSTA,2,BARRIO COMPLETO
06,01,01,003,037,060101003037,URBANIZACIÓN VILLA ROSA,2,BARRIO COMPLETO
06,01,01,003,038,060101003038,URBANIZACIÓN EL MESÓN,2,BARRIO COMPLETO
06,01,01,003,039,060101003039,URBANIZACIÓN VILLA DEL RÍO,2,BARRIO COMPLETO
06,01,01,003,040,060101003040,URBANIZACIÓN RAYO DE LUNA,2,BARRIO COMPLETO
06,01,01,003,041,060101003041,URBANIZACIÓN ALTOS DE MAREJOBO,3,BARRIO PARTE
06,01,01,003,042,060101003042,BARRIADA DON RAYMUNDO,3,BARRIO PARTE
06,01,01,003,043,060101003043,BARRIADA COTO,2,BARRIO COMPLETO
06,01,01,003,044,060101003044,BARRIADA DON DAVID,2,BARRIO COMPLETO
06,01,01,003,045,060101003045,URBANIZACIÓN BOLÍVAR MÁRQUEZ,2,BARRIO COMPLETO
06,01,01,003,046,060101003046,URBANIZACIÓN BRISAS DE LOS GUAYACANES,2,BARRIO COMPLETO
06,01,01,003,047,060101003047,URBANIZACIÓN LA FLORENTINA,2,BARRIO COMPLETO
06,01,01,003,048,060101003048,URBANIZACIÓN VILLAS DEL GOLF,2,BARRIO COMPLETO
06,01,01,003,049,060101003049,RESIDENCIAL ALTOS DE LOS GUAYACANES,2,BARRIO COMPLETO
06,01,01,003,050,060101003050,RESIDENCIAL BRISAS DEL SUR,2,BARRIO COMPLETO
06,01,01,003,051,060101003051,RESIDENCIAL PASEO DE LOS GUAYACANES,2,BARRIO COMPLETO
06,01,01,003,052,060101003052,RESIDENCIAL PRADERAS DEL GOLF,2,BARRIO COMPLETO
06,01,01,003,053,060101003053,BARRIO EL ANONAL,2,BARRIO COMPLETO
06,01,01,003,054,060101003054,URBANIZACIÓN LOS LLANOS,2,BARRIO COMPLETO
06,01,02,004,001,060102004001,BARRIADA BELLA AURORA,2,BARRIO COMPLETO
06,01,02,004,002,060102004002,BARRIADA LAS PALMIRAS,2,BARRIO COMPLETO
06,01,02,004,003,060102004003,BARRIADA EL CIRUELITO,2,BARRIO COMPLETO
06,01,02,004,004,060102004004,LA ARENA,2,BARRIO COMPLETO
06,01,02,004,005,060102004005,BARRIADA DON RAYMUNDO,3,BARRIO PARTE
06,01,02,004,006,060102004006,BARRIADA GUADALUPE,2,BARRIO COMPLETO
06,01,02,004,007,060102004007,BARRIADA MARÍA DELICIA,2,BARRIO COMPLETO
06,01,02,004,008,060102004008,EL GUAYABO,2,BARRIO COMPLETO
06,01,02,004,009,060102004009,VILLA PARAÍSO,2,BARRIO COMPLETO
06,01,02,004,010,060102004010,URBANIZACIÓN SAN PEDRO,2,BARRIO COMPLETO
06,01,02,004,011,060102004011,URBANIZACIÓN ALTOS DE MAREJOBO,3,BARRIO PARTE
06,01,02,004,012,060102004012,URBANIZACIÓN SERLÍN,3,BARRIO PARTE
06,01,02,004,013,060102004013,BARRIADA MAUMELLE,2,BARRIO COMPLETO
06,01,02,004,014,060102004014,LOS PINILLA,2,BARRIO COMPLETO
06,01,02,004,015,060102004015,VILLA NAZARETH,2,BARRIO COMPLETO
06,01,02,004,016,060102004016,BARRIADA DON ISAÍAS,2,BARRIO COMPLETO
06,01,02,004,017,060102004017,RESIDENCIAL VILLAS DE SAN PABLO,2,BARRIO COMPLETO
06,01,02,004,019,060102004019,RESIDENCIAL BRISAS DEL VALLE DOÑA LETI,2,BARRIO COMPLETO
06,01,02,004,020,060102004020,RESIDENCIAL SAN PABLO,2,BARRIO COMPLETO
06,01,02,004,021,060102004021,RESIDENCIAL CUBITÁ,2,BARRIO COMPLETO
06,01,02,004,022,060102004022,BARRIADA CHACHO RUÍZ,2,BARRIO COMPLETO
06,01,02,004,023,060102004023,RESIDENCIAL GEMAR,2,BARRIO COMPLETO
06,01,02,004,024,060102004024,RESIDENCIAL MILÁN,2,BARRIO COMPLETO
06,01,03,001,001,060103001001,BOCA DE PARITA,2,BARRIO COMPLETO
06,01,03,001,002,060103001002,BARRIADA LAS FLORES O VÍA EL PUERTO,2,BARRIO COMPLETO
06,01,03,001,003,060103001003,RESIDENCIAL TAGUA VILLAGE,2,BARRIO COMPLETO
06,01,03,001,004,060103001004,RESIDENCIAL VISTA MAR,2,BARRIO COMPLETO
06,01,03,001,005,060103001005,RESIDENCIAL QUINTAS DEL RETÉN,2,BARRIO COMPLETO
06,01,03,001,006,060103001006,URBANIZACIÓN DOÑA CLARA,2,BARRIO COMPLETO
06,01,03,002,001,060103002001,BARRIADA BELLA VISTA,3,BARRIO PARTE
06,01,03,002,002,060103002002,BARRIADA DON BOSCO,2,BARRIO COMPLETO
06,01,03,002,003,060103002003,BARRIADA EL ENCANTO,2,BARRIO COMPLETO
06,01,03,002,004,060103002004,BARRIO LOMA BONITA,2,BARRIO COMPLETO
06,01,03,002,005,060103002005,MONAGRILLO,2,BARRIO COMPLETO
06,01,03,002,006,060103002006,URBANIZACIÓN LOS ÁNGELES,2,BARRIO COMPLETO
06,01,03,002,007,060103002007,URBANIZACIÓN SAN MIGUEL,2,BARRIO COMPLETO
06,01,03,002,008,060103002008,LA DORMIDERA,3,BARRIO PARTE
06,01,03,002,009,060103002009,URBANIZACIÓN PEDRO SOLÍS,2,BARRIO COMPLETO
06,01,03,002,010,060103002010,URBANIZACIÓN SERLÍN,3,BARRIO PARTE
06,01,03,002,011,060103002011,URBANIZACIÓN VILLA CECILIA,2,BARRIO COMPLETO
06,01,03,002,012,060103002012,URBANIZACIÓN VILLA LINETH,2,BARRIO COMPLETO
06,01,03,002,013,060103002013,URBANIZACIÓN VILLA DORADA,2,BARRIO COMPLETO
06,01,03,002,014,060103002014,URBANIZACIÓN LUCRECIA,2,BARRIO COMPLETO
06,01,03,002,015,060103002015,BARRIADA DON RAFAEL,2,BARRIO COMPLETO
06,01,03,002,016,060103002016,ENTRADA DE MONAGRILLO,2,BARRIO COMPLETO
06,01,03,002,017,060103002017,URBANIZACIÓN COSTA DEL NORTE,2,BARRIO COMPLETO
06,01,03,002,018,060103002018,REPARTO ALEXIS,2,BARRIO COMPLETO
06,01,03,002,019,060103002019,URBANIZACIÓN LOS PERALES,2,BARRIO COMPLETO
06,01,03,002,020,060103002020,URBANIZACIÓN MARIMAR,2,BARRIO COMPLETO
06,01,03,002,021,060103002021,URBANIZACIÓN VILLAS DE SAN MIGUEL,2,BARRIO COMPLETO
06,01,03,002,022,060103002022,BARRIADA VILLAS DEL SOL,2,BARRIO COMPLETO
06,01,03,002,023,060103002023,URBANIZACIÓN VILLAGE,2,BARRIO COMPLETO
06,01,03,002,024,060103002024,RESIDENCIAL VILLA HILDA,3,BARRIO PARTE
06,01,03,002,025,060103002025,RESIDENCIAL DON MANUEL,2,BARRIO COMPLETO
06,01,03,002,026,060103002026,RESIDENCIAL BRISAS DEL GOLFO,2,BARRIO COMPLETO
06,01,03,002,027,060103002027,RESIDENCIAL LA DIVINA PROVIDENCIA,2,BARRIO COMPLETO
06,01,03,002,028,060103002028,BARRIADA BRISAS MARINAS,2,BARRIO COMPLETO
06,01,03,002,029,060103002029,URBANIZACIÓN MARBELLA,2,BARRIO COMPLETO
06,01,03,002,030,060103002030,CAMPING CLUB VILLAGE,2,BARRIO COMPLETO
06,01,03,002,031,060103002031,COLONIA DEL ESTE,2,BARRIO COMPLETO
06,01,03,002,032,060103002032,RESIDENCIAL ALTOS DE LOMA BONITA,2,BARRIO COMPLETO
06,01,03,002,033,060103002033,RESIDENCIAL ANA MAE,2,BARRIO COMPLETO
06,01,03,002,034,060103002034,RESIDENCIAL EV VILLAS,2,BARRIO COMPLETO
06,01,03,002,035,060103002035,RESIDENCIAL ISABELLA'S,2,BARRIO COMPLETO
06,01,03,002,036,060103002036,RESIDENCIAL SAN GABRIEL,2,BARRIO COMPLETO
06,01,03,002,037,060103002037,RESIDENCIAL VILLA DE LAS MERCEDES,2,BARRIO COMPLETO
06,01,03,002,038,060103002038,RESIDENCIAL VISTA PACÍFICA,2,BARRIO COMPLETO
06,01,03,002,039,060103002039,RESIDENCIAL BUENAVENTURA,2,BARRIO COMPLETO
06,01,03,002,040,060103002040,RESIDENCIAL EL DORAL,2,BARRIO COMPLETO
06,01,03,002,041,060103002041,RESIDENCIAL LAS GAVIOTAS,2,BARRIO COMPLETO
06,01,03,002,042,060103002042,RESIDENCIAL LAURA ANTONIA,2,BARRIO COMPLETO
06,01,03,002,043,060103002043,RESIDENCIAL VILLA MAMÁ LAURA,2,BARRIO COMPLETO
06,01,03,002,044,060103002044,BARRIADA VILLA NAZARETH,2,BARRIO COMPLETO
06,01,03,002,045,060103002045,RESIDENCIAL ANA PATRICIA,2,BARRIO COMPLETO
06,01,03,002,046,060103002046,RESIDENCIAL EMMANUEL,2,BARRIO COMPLETO
06,01,03,002,047,060103002047,RESIDENCIAL LADERAS DE LAS MERCEDES,2,BARRIO COMPLETO
06,01,03,002,048,060103002048,RESIDENCIAL VENEZIA,2,BARRIO COMPLETO
06,01,03,002,049,060103002049,RESIDENCIAL VILLA NELLA,2,BARRIO COMPLETO
06,01,03,002,050,060103002050,URBANIZACIÓN VILLA ROCA,2,BARRIO COMPLETO
06,01,03,002,051,060103002051,RESIDENCIAL VILLA NAMEC,2,BARRIO COMPLETO
06,01,03,002,052,060103002052,RESIDENCIAL BRISAS DEL MAR,2,BARRIO COMPLETO
06,01,04,005,001,060104005001,BARRIADA BELLA VISTA,3,BARRIO PARTE
06,01,04,005,002,060104005002,BARRIADA EL ROSARIO,2,BARRIO COMPLETO
06,01,04,005,003,060104005003,BARRIADA ROSET,2,BARRIO COMPLETO
06,01,04,005,004,060104005004,BARRIO EL CARACOL,2,BARRIO COMPLETO
06,01,04,005,005,060104005005,BARRIO LLANO BONITO,2,BARRIO COMPLETO
06,01,04,005,006,060104005006,CHITRÉ,3,BARRIO PARTE
06,01,04,005,007,060104005007,URBANIZACIÓN ALTOS DEL MAR,2,BARRIO COMPLETO
06,01,04,005,008,060104005008,URBANIZACIÓN LOS MILAGROS,2,BARRIO COMPLETO
06,01,04,005,009,060104005009,VILLA AGUSTINA,2,BARRIO COMPLETO
06,01,04,005,010,060104005010,VILLA FAMILIAR,2,BARRIO COMPLETO
06,01,04,005,011,060104005011,URBANIZACIÓN LOS SAUCES,2,BARRIO COMPLETO
06,01,04,005,012,060104005012,URBANIZACIÓN VILLA 2000,2,BARRIO COMPLETO
06,01,04,005,013,060104005013,URBANIZACIÓN ALTOS DEL ROSARIO,2,BARRIO COMPLETO
06,01,04,005,014,060104005014,BARRIADA EL NAZARENO,2,BARRIO COMPLETO
06,01,04,005,015,060104005015,BARRIADA VILLA KAREN,2,BARRIO COMPLETO
06,01,04,005,016,060104005016,RESIDENCIAL DON ESTEBAN,2,BARRIO COMPLETO
06,01,04,005,017,060104005017,RESIDENCIAL JESÚS DE NAZARENO,2,BARRIO COMPLETO
06,01,04,005,018,060104005018,BARRIADA DOÑA ISABEL,2,BARRIO COMPLETO
06,01,04,005,019,060104005019,BARRIADA LA UNIÓN,2,BARRIO COMPLETO
06,01,04,005,020,060104005020,BARRIADA NUEVA SOBERANÍA,2,BARRIO COMPLETO
06,01,04,005,021,060104005021,BARRIADA SANTA EDUVIGES,2,BARRIO COMPLETO
06,01,04,005,022,060104005022,LA PLAYITA O EL CHUMICO,2,BARRIO COMPLETO
06,01,04,005,023,060104005023,PUERTO EL AGALLITO,2,BARRIO COMPLETO
06,01,04,005,024,060104005024,LA DORMIDERA,3,BARRIO PARTE
06,01,04,005,025,060104005025,RESIDENCIAL VILLA HILDA,3,BARRIO PARTE
06,01,04,005,026,060104005026,URBANIZACIÓN NUEVO VIGÍA,2,BARRIO COMPLETO
06,01,04,005,027,060104005027,BARRIADA SANTA TERESA,2,BARRIO COMPLETO
06,01,04,005,028,060104005028,RESIDENCIAL VILLAS DEL ROSARIO,2,BARRIO COMPLETO
06,01,05,002,001,060105002001,BARRIADA EL RENACIMIENTO,2,BARRIO COMPLETO
06,01,05,002,002,060105002002,BARRIO EL ACHIOTE O CORAZÓN DE MARÍA,2,BARRIO COMPLETO
06,01,05,002,004,060105002004,CHITRÉ,3,BARRIO PARTE
06,01,05,002,005,060105002005,URBANIZACIÓN ALTOS DEL FRAILE,2,BARRIO COMPLETO
06,01,05,002,006,060105002006,URBANIZACIÓN BARRERA,2,BARRIO COMPLETO
06,01,05,002,007,060105002007,URBANIZACIÓN BUENOS AIRES,2,BARRIO COMPLETO
06,01,05,002,008,060105002008,URBANIZACIÓN EL VIGÍA,2,BARRIO COMPLETO
06,01,05,002,009,060105002009,URBANIZACIÓN MIRAMAR,2,BARRIO COMPLETO
06,01,05,002,010,060105002010,URBANIZACIÓN MONTERREY,2,BARRIO COMPLETO
06,01,05,002,011,060105002011,URBANIZACIÓN SAN ANTONIO,2,BARRIO COMPLETO
06,01,05,002,012,060105002012,BARRIADA SAN JUAN BAUTISTA,2,BARRIO COMPLETO
06,01,05,002,013,060105002013,LA MARAÑONERA,2,BARRIO COMPLETO
06,01,05,002,014,060105002014,LAS HUERTAS DE JUAN GÓMEZ,2,BARRIO COMPLETO
06,01,05,002,015,060105002015,LAS FLORES,2,BARRIO COMPLETO
06,01,05,002,016,060105002016,LOS OLIVITOS,2,BARRIO COMPLETO
06,01,05,002,017,060105002017,URBANIZACIÓN BLAS TELLO,2,BARRIO COMPLETO
06,01,05,002,018,060105002018,URBANIZACIÓN CORREA,2,BARRIO COMPLETO
06,01,05,002,019,060105002019,URBANIZACIÓN MANANTIAL,2,BARRIO COMPLETO
06,01,05,002,021,060105002021,URBANIZACIÓN SAN JOSÉ,2,BARRIO COMPLETO
06,01,05,002,022,060105002022,URBANIZACIÓN VILLA MARÍA,2,BARRIO COMPLETO
06,01,05,002,023,060105002023,URBANIZACIÓN VILLA ANITA,2,BARRIO COMPLETO
06,01,05,002,024,060105002024,URBANIZACIÓN LA FLORESTA O NUEVA GENERACIÓN,2,BARRIO COMPLETO
06,01,05,002,025,060105002025,URBANIZACIÓN VILLA ALEYDA,2,BARRIO COMPLETO
06,01,05,002,026,060105002026,URBANIZACIÓN LOS PORTALES O DON POMPILIO,2,BARRIO COMPLETO
06,01,05,002,027,060105002027,URBANIZACIÓN SILVIA ROSA,2,BARRIO COMPLETO
06,01,05,002,028,060105002028,CAMINO AL CANGREJAL,2,BARRIO COMPLETO
06,01,05,002,029,060105002029,URBANIZACIÓN VILLAS DE CIABEL,2,BARRIO COMPLETO
06,01,05,002,030,060105002030,BARRIO DAMASCO,2,BARRIO COMPLETO
06,01,05,002,031,060105002031,EL ASERRÍO O VILLA GUADALUPE,2,BARRIO COMPLETO
06,01,05,002,032,060105002032,RESIDENCIAL DOÑA DENIA,2,BARRIO COMPLETO
06,01,05,002,033,060105002033,RESIDENCIAL ALTAMIRA,2,BARRIO COMPLETO
06,01,05,002,034,060105002034,RESIDENCIAL LA BENDICIÓN,2,BARRIO COMPLETO
06,01,05,002,035,060105002035,RESIDENCIAL NUEVO CHITRÉ,2,BARRIO COMPLETO
06,01,05,002,036,060105002036,RESIDENCIAL LA MOSQUETA,2,BARRIO COMPLETO
06,01,05,002,037,060105002037,RESIDENCIAL BRISAS DEL ESTE,2,BARRIO COMPLETO
06,01,05,002,038,060105002038,RESIDENCIAL DORAL GARDENS,2,BARRIO COMPLETO
06,01,05,002,039,060105002039,RESIDENCIAL NUEVA UNIÓN,2,BARRIO COMPLETO
06,01,05,002,040,060105002040,RESIDENCIAL COSTA DEL NORTE,2,BARRIO COMPLETO
06,01,05,002,041,060105002041,RESIDENCIAL VERSALLES,2,BARRIO COMPLETO
06,04,01,043,001,060401043001,BARRIADA ALTOS DEL LAGO,2,BARRIO COMPLETO
06,04,01,043,002,060401043002,BARRIADA BELLA VISTA,2,BARRIO COMPLETO
06,04,01,043,003,060401043003,BARRIADA EL MAMEY,2,BARRIO COMPLETO
06,04,01,043,004,060401043004,BARRIADA EL PALITO,2,BARRIO COMPLETO
06,04,01,043,005,060401043005,BARRIADA EL PARAÍSO,2,BARRIO COMPLETO
06,04,01,043,006,060401043006,BARRIADA SAN ISIDRO,2,BARRIO COMPLETO
06,04,01,043,007,060401043007,BARRIADA SAN JOSÉ,2,BARRIO COMPLETO
06,04,01,043,008,060401043008,OCÚ,2,BARRIO COMPLETO
06,04,01,043,010,060401043010,BARRIADA SANTA MARTA,2,BARRIO COMPLETO
06,04,01,043,011,060401043011,BARRIADA BELLA ESPERANZA,2,BARRIO COMPLETO
06,04,01,043,012,060401043012,BARRIADA GUADALUPE,2,BARRIO COMPLETO
06,04,01,043,013,060401043013,BARRIADA SAN ISIDRO NO.2,2,BARRIO COMPLETO
06,04,01,043,014,060401043014,EL HATILLO,2,BARRIO COMPLETO
06,04,01,043,015,060401043015,RESIDENCIAL DOMINGO BASTERRA,2,BARRIO COMPLETO
06,04,01,043,016,060401043016,RESIDENCIAL VILLA RAQUEL,2,BARRIO COMPLETO
06,04,01,043,017,060401043017,BRISAS DEL TIJERA,2,BARRIO COMPLETO
06,05,01,031,001,060501031001,BARRIADA PODER POPULAR,2,BARRIO COMPLETO
06,05,01,031,002,060501031002,BARRIADA SANTA ELENA,2,BARRIO COMPLETO
06,05,01,031,003,060501031003,BARRIADA SANTO DOMINGO,2,BARRIO COMPLETO
06,05,01,031,004,060501031004,EL MANANTIAL,2,BARRIO COMPLETO
06,05,01,031,005,060501031005,PARITA,2,BARRIO COMPLETO
06,05,01,031,006,060501031006,PUEBLO NUEVO,2,BARRIO COMPLETO
06,05,01,031,007,060501031007,DON BOSCO,2,BARRIO COMPLETO
06,05,01,031,008,060501031008,BRISAS NAVIDEÑAS,2,BARRIO COMPLETO
06,05,01,031,009,060501031009,LA ALCANCÍA,2,BARRIO COMPLETO
06,05,01,031,010,060501031010,LAS PALMITAS,2,BARRIO COMPLETO
06,05,01,031,011,060501031011,VISTA HERMOSA,2,BARRIO COMPLETO
06,05,01,031,012,060501031012,BRISAS DEL RÍO,2,BARRIO COMPLETO
06,05,01,031,013,060501031013,URBANIZACIÓN DON CONCE,2,BARRIO COMPLETO
06,05,01,031,014,060501031014,VILLAS DEL ROSARIO,2,BARRIO COMPLETO
06,05,01,031,015,060501031015,VILLAS DEL ROSARIO NO.2,2,BARRIO COMPLETO
06,05,01,031,016,060501031016,BARRIADA VILLA DEL ROSARIO,2,BARRIO COMPLETO
06,05,01,031,017,060501031017,RESIDENCIAL LOS PORTALES DE PARITA,2,BARRIO COMPLETO
06,05,01,031,018,060501031018,RESIDENCIAL ALTOS DE DON CONCE,2,BARRIO COMPLETO
06,06,01,001,001,060601001001,BARRIADA EL CARMEN,2,BARRIO COMPLETO
06,06,01,001,002,060601001002,BARRIADA EL EDÉN,2,BARRIO COMPLETO
06,06,01,001,003,060601001003,BARRIADA LOS MILAGROS,2,BARRIO COMPLETO
06,06,01,001,004,060601001004,BARRIADA SAN ISIDRO,2,BARRIO COMPLETO
06,06,01,001,005,060601001005,BARRIADA SAN JOSÉ NO.1,2,BARRIO COMPLETO
06,06,01,001,006,060601001006,BARRIADA SAN JOSÉ NO.2,2,BARRIO COMPLETO
06,06,01,001,007,060601001007,BARRIADA SAN MARTÍN,2,BARRIO COMPLETO
06,06,01,001,008,060601001008,BARRIADA SAN PABLO,2,BARRIO COMPLETO
06,06,01,001,009,060601001009,BARRIADA SANTA ANA,2,BARRIO COMPLETO
06,06,01,001,010,060601001010,BARRIADA VALLE DE ORIENTE,2,BARRIO COMPLETO
06,06,01,001,011,060601001011,PESÉ,2,BARRIO COMPLETO
06,06,01,001,012,060601001012,BARRIADA SANTA FAMILIA,2,BARRIO COMPLETO
06,06,01,001,013,060601001013,ALTOS DE LA CRUZ,2,BARRIO COMPLETO
06,06,01,001,014,060601001014,URBANIZACIÓN BRISAS DEL CARRIZAL,2,BARRIO COMPLETO
06,06,01,001,015,060601001015,URBANIZACIÓN LAS COLONIAS DE AZUERO,2,BARRIO COMPLETO
06,07,01,008,001,060701008001,BARRIADA DIVINO NIÑO,2,BARRIO COMPLETO
06,07,01,008,002,060701008002,BARRIADA EL CRISOL,2,BARRIO COMPLETO
06,07,01,008,003,060701008003,BARRIADA EL SOL,2,BARRIO COMPLETO
06,07,01,008,004,060701008004,BARRIADA LAS PAMPAS,2,BARRIO COMPLETO
06,07,01,008,005,060701008005,BARRIADA SAN BASILIO,2,BARRIO COMPLETO
06,07,01,008,006,060701008006,LA TOCUMEN,2,BARRIO COMPLETO
06,07,01,008,007,060701008007,SANTA MARÍA,2,BARRIO COMPLETO
06,07,01,008,008,060701008008,RESIDENCIAL ALTOS DE LOS CAÑAVERALES,2,BARRIO COMPLETO
06,07,01,008,009,060701008009,BARRIADA NUEVA ESPERANZA,2,BARRIO COMPLETO
06,07,01,008,010,060701008010,RESIDENCIAL PASO DEL REY,2,BARRIO COMPLETO
07,01,01,004,001,070101004001,GUARARÉ,2,BARRIO COMPLETO
07,01,01,004,002,070101004002,BARRIADA EL JOBO,2,BARRIO COMPLETO
07,01,01,004,003,070101004003,URBANIZACIÓN JULIO ACEVEDO,2,BARRIO COMPLETO
07,01,01,004,005,070101004005,EL SESTEO,2,BARRIO COMPLETO
07,01,01,004,006,070101004006,BELLA VISTA,2,BARRIO COMPLETO
07,01,01,012,001,070101012001,URBANIZACIÓN MIRADOR DEL BOSQUE,2,BARRIO COMPLETO
07,01,05,004,001,070105004001,LA ENEA,2,BARRIO COMPLETO
07,01,05,004,002,070105004002,EL CENTINELA,2,BARRIO COMPLETO
07,01,05,004,003,070105004003,LA PACHECA,2,BARRIO COMPLETO
07,01,05,004,004,070105004004,BARRIADA SAN ANTONIO,2,BARRIO COMPLETO
07,01,05,004,005,070105004005,BRISAS DEL MAR,2,BARRIO COMPLETO
07,01,05,004,006,070105004006,RESIDENCIAL DON BOSCO,2,BARRIO COMPLETO
07,02,01,001,001,070201001001,BARRIADA ANA,2,BARRIO COMPLETO
07,02,01,001,002,070201001002,BARRIADA LA ERMITA,2,BARRIO COMPLETO
07,02,01,001,003,070201001003,BARRIADA LA GLORIA,2,BARRIO COMPLETO
07,02,01,001,004,070201001004,BARRIADA LA PRIMAVERA,2,BARRIO COMPLETO
07,02,01,001,005,070201001005,BARRIADA LINDA VISTA,2,BARRIO COMPLETO
07,02,01,001,006,070201001006,BARRIADA NUEVO MÉXICO,2,BARRIO COMPLETO
07,02,01,001,007,070201001007,BARRIADA NUEVO TOCUMEN O REVOLUCIÓN,2,BARRIO COMPLETO
07,02,01,001,008,070201001008,BARRIADA SAN ANTONIO,3,BARRIO PARTE
07,02,01,001,009,070201001009,BARRIADA SANTA CRUZ,3,BARRIO PARTE
07,02,01,001,010,070201001010,BARRIADA SANTA ISABEL,2,BARRIO COMPLETO
07,02,01,001,011,070201001011,BARRIADA SANTA LIBRADA,2,BARRIO COMPLETO
07,02,01,001,012,070201001012,BARRIADA VILLA LEONES,2,BARRIO COMPLETO
07,02,01,001,013,070201001013,BARRIO LA TRONOSA,2,BARRIO COMPLETO
07,02,01,001,014,070201001014,BARRIADA LOS ÁNGELES,2,BARRIO COMPLETO
07,02,01,001,015,070201001015,LAS TABLAS,2,BARRIO COMPLETO
07,02,01,001,016,070201001016,BARRIADA LOS PINOS,2,BARRIO COMPLETO
07,02,01,001,017,070201001017,BARRIADA DON BOSCO,2,BARRIO COMPLETO
07,02,01,001,018,070201001018,BARRIO PRAGA,2,BARRIO COMPLETO
07,02,01,001,019,070201001019,URBANIZACIÓN DÍAZ,2,BARRIO COMPLETO
07,02,01,001,020,070201001020,URBANIZACIÓN VILLA ROSA,2,BARRIO COMPLETO
07,02,01,001,021,070201001021,BARRIADA VILLA MORITA,2,BARRIO COMPLETO
07,02,01,001,022,070201001022,BARRIADA QUINTA LAS FLORES,3,BARRIO PARTE
07,02,01,001,023,070201001023,BARRIADA ALTOS DE LOS ÁNGELES,2,BARRIO COMPLETO
07,02,01,001,024,070201001024,URBANIZACIÓN BELLA VISTA,2,BARRIO COMPLETO
07,02,01,001,025,070201001025,URBANIZACIÓN LOS ESPINOS,2,BARRIO COMPLETO
07,02,01,001,026,070201001026,URBANIZACIÓN DON GUILLE,2,BARRIO COMPLETO
07,02,01,001,027,070201001027,URBANIZACIÓN VIZCAYA,2,BARRIO COMPLETO
07,02,01,001,028,070201001028,URBANIZACIÓN VILLA DEL CERRITO,2,BARRIO COMPLETO
07,02,01,001,030,070201001030,BARRIADA KATHIA,2,BARRIO COMPLETO
07,02,01,001,031,070201001031,BARRIADA OMAR TORRIJOS,2,BARRIO COMPLETO
07,02,01,001,032,070201001032,BELLAS ARTES,2,BARRIO COMPLETO
07,02,01,001,033,070201001033,CERREZUELA,2,BARRIO COMPLETO
07,02,01,001,034,070201001034,RESIDENCIAL EUROPA,2,BARRIO COMPLETO
07,02,01,001,035,070201001035,URBANIZACIÓN MONTE RUÍZ,2,BARRIO COMPLETO
07,02,01,001,036,070201001036,URBANIZACIÓN VALLE DORADO,3,BARRIO PARTE
07,02,01,001,037,070201001037,URBANIZACIÓN VILLAS DE ESPAÑA,2,BARRIO COMPLETO
07,02,01,001,038,070201001038,URBANIZACIÓN VILLA ANDREA,2,BARRIO COMPLETO
07,02,01,001,039,070201001039,BARRIO LA PLACITA,2,BARRIO COMPLETO
07,02,01,001,040,070201001040,VILLA LAURA,2,BARRIO COMPLETO
07,02,01,001,041,070201001041,RESIDENCIAL SANTA TERESA DE JESÚS,2,BARRIO COMPLETO
07,02,01,001,042,070201001042,RESIDENCIAL NUEVA ZELANDA,2,BARRIO COMPLETO
07,02,12,002,001,070212002001,BARRIADA SAN ANTONIO,3,BARRIO PARTE
07,02,13,001,001,070213001001,EL CHOCLO O BARRIADA 8 DE NOVIEMBRE,2,BARRIO COMPLETO
07,02,13,001,002,070213001002,URBANIZACIÓN DON QUIQUE,2,BARRIO COMPLETO
07,02,13,001,003,070213001003,URBANIZACIÓN DOÑA ISABEL,2,BARRIO COMPLETO
07,02,14,017,001,070214017001,BARRIADA BOULEVAR,2,BARRIO COMPLETO
07,02,14,017,002,070214017002,BARRIADA QUINTA LAS FLORES,3,BARRIO PARTE
07,02,14,017,003,070214017003,URBANIZACIÓN VALLE DORADO,3,BARRIO PARTE
07,02,21,008,001,070221008001,SANTO DOMINGO,2,BARRIO COMPLETO
07,02,21,008,002,070221008002,BRISAS DE LA FRONTERA 1,2,BARRIO COMPLETO
07,02,21,008,003,070221008003,LAS LAJITAS,2,BARRIO COMPLETO
07,03,01,015,001,070301015001,BARRIADA ALTOS DE LA FERIA,2,BARRIO COMPLETO
07,03,01,015,002,070301015002,BARRIADA DOÑA JUANA,2,BARRIO COMPLETO
07,03,01,015,003,070301015003,BARRIADA GUADALUPE,2,BARRIO COMPLETO
07,03,01,015,004,070301015004,BARRIADA LA HEROICA,2,BARRIO COMPLETO
07,03,01,015,005,070301015005,BARRIADA LA RABELO,2,BARRIO COMPLETO
07,03,01,015,006,070301015006,URBANIZACIÓN VILLA DEL CARMEN,2,BARRIO COMPLETO
07,03,01,015,007,070301015007,BARRIADA LOS PINOS,2,BARRIO COMPLETO
07,03,01,015,008,070301015008,BARRIADA MONTEZA,2,BARRIO COMPLETO
07,03,01,015,009,070301015009,BARRIADA VILLA BONITA,2,BARRIO COMPLETO
07,03,01,015,010,070301015010,BARRIO EL BALO,2,BARRIO COMPLETO
07,03,01,015,011,070301015011,BARRIO PUEBLO NUEVO,2,BARRIO COMPLETO
07,03,01,015,012,070301015012,BARRIO SAN MATEO,2,BARRIO COMPLETO
07,03,01,015,013,070301015013,ALTOS DE LOS ROSALES,2,BARRIO COMPLETO
07,03,01,015,014,070301015014,LOS SANTOS,2,BARRIO COMPLETO
07,03,01,015,015,070301015015,REPARTO DON MARCEL,2,BARRIO COMPLETO
07,03,01,015,016,070301015016,URBANIZACIÓN GARMO,2,BARRIO COMPLETO
07,03,01,015,017,070301015017,URBANIZACIÓN LAS ACACIAS,2,BARRIO COMPLETO
07,03,01,015,018,070301015018,BARRIADA 1° DE NOVIEMBRE,2,BARRIO COMPLETO
07,03,01,015,019,070301015019,BARRIADA SANTA RITA,2,BARRIO COMPLETO
07,03,01,015,020,070301015020,BARRIADA BELLA VISTA,2,BARRIO COMPLETO
07,03,01,015,021,070301015021,BARRIADA GADECI,2,BARRIO COMPLETO
07,03,01,015,024,070301015024,BARRIADA SAN JUAN DE DIOS,2,BARRIO COMPLETO
07,03,01,015,025,070301015025,BARRIADA SAN JUDAS TADEO,2,BARRIO COMPLETO
07,03,01,015,026,070301015026,REPARTO 10 DE NOVIEMBRE,2,BARRIO COMPLETO
07,03,01,015,027,070301015027,RESIDENCIAL FUENTES DE LA VILLA,2,BARRIO COMPLETO
07,03,01,015,028,070301015028,RESIDENCIAL CORPUS CHRISTI,2,BARRIO COMPLETO
07,03,01,015,029,070301015029,URBANIZACIÓN DIVINO NIÑO,2,BARRIO COMPLETO
07,03,01,015,030,070301015030,BARRIADA JESÚS DE NAZARENO,2,BARRIO COMPLETO
07,03,01,015,031,070301015031,BARRIADA SAN JOSÉ,2,BARRIO COMPLETO
07,03,01,015,032,070301015032,BARRIADA EL JAZMÍN,2,BARRIO COMPLETO
07,03,01,015,033,070301015033,RESIDENCIAL PRADERAS DE LA VILLA,2,BARRIO COMPLETO
07,03,01,015,034,070301015034,BARRIADA LA FLORENTINA,2,BARRIO COMPLETO
07,03,01,015,035,070301015035,RESIDENCIAL MIRIAM ISABEL,2,BARRIO COMPLETO
07,03,01,015,037,070301015037,BARRIADA ALTOS DE LA PEÑA,2,BARRIO COMPLETO
07,03,01,015,038,070301015038,RESIDENCIAL DON BOSCO,2,BARRIO COMPLETO
07,03,01,015,039,070301015039,URBANIZACIÓN QUINTAS DE RUFINA,2,BARRIO COMPLETO
07,03,01,015,040,070301015040,URBANIZACIÓN VILLAGE PARK,2,BARRIO COMPLETO
07,03,01,015,041,070301015041,BARRIADA SANTA MÓNICA,2,BARRIO COMPLETO
07,03,01,015,042,070301015042,COUNTRY VILLAGE,2,BARRIO COMPLETO
07,03,01,015,043,070301015043,URBANIZACIÓN ALTOS DE LA VILLA,2,BARRIO COMPLETO
07,03,01,015,044,070301015044,RESIDENCIAL VILLAS DEL CAMPO,2,BARRIO COMPLETO
07,03,01,015,045,070301015045,URBANIZACIÓN VILLAS DEL AMANECER,2,BARRIO COMPLETO
07,03,01,015,046,070301015046,URBANIZACIÓN LAURA ESTHER,2,BARRIO COMPLETO
07,03,01,038,001,070301038001,TURQUESA,2,BARRIO COMPLETO
07,03,01,038,002,070301038002,AGUAMARINA,2,BARRIO COMPLETO
07,03,01,038,003,070301038003,CORAL,2,BARRIO COMPLETO
07,04,01,013,001,070401013001,MACARACAS,2,BARRIO COMPLETO
07,04,01,013,002,070401013002,BARRIADA BELLA VISTA,2,BARRIO COMPLETO
07,04,01,013,003,070401013003,BARRIADA EL COCO,2,BARRIO COMPLETO
07,04,01,013,005,070401013005,BARRIADA MEDALLA MILAGROSA,2,BARRIO COMPLETO
07,04,01,013,006,070401013006,BARRIADA LA NESTLÉ,2,BARRIO COMPLETO
07,04,01,013,007,070401013007,BARRIADA SAN MIGUEL,2,BARRIO COMPLETO
07,04,01,013,008,070401013008,BARRIADA VILLA ROSARITO,2,BARRIO COMPLETO
07,04,01,013,009,070401013009,BARRIADA EL NAZARENO,2,BARRIO COMPLETO
07,04,01,013,010,070401013010,BARRIADA LOS PLUMAS NEGRAS,2,BARRIO COMPLETO
07,04,01,013,011,070401013011,BARRIADA SAN PABLO,2,BARRIO COMPLETO
07,04,01,013,012,070401013012,BARRIADA SANTA EDUVIGES,2,BARRIO COMPLETO
07,04,01,013,013,070401013013,BARRIADA UNIDA,2,BARRIO COMPLETO
07,04,01,013,014,070401013014,BARRIADA VALLE DEL SOL,2,BARRIO COMPLETO
07,04,01,013,015,070401013015,PUEBLO NUEVO,2,BARRIO COMPLETO
07,05,01,012,001,070501012001,PEDASÍ,2,BARRIO COMPLETO
07,05,01,012,002,070501012002,BARRIO EL NARANJAL,2,BARRIO COMPLETO
07,05,01,012,003,070501012003,PRINCESA CONSOLATRIZ,2,BARRIO COMPLETO
07,05,01,012,004,070501012004,RESIDENCIAL DOVE VILLAGE,2,BARRIO COMPLETO
07,05,01,012,005,070501012005,URBANIZACIÓN MARIANELA,2,BARRIO COMPLETO
07,07,01,011,001,070701011001,TONOSÍ,2,BARRIO COMPLETO
08,05,01,016,001,080501016001,BARRIADA 11 DE OCTUBRE,2,BARRIO COMPLETO
08,05,01,016,002,080501016002,CHEPO,2,BARRIO COMPLETO
08,05,01,016,003,080501016003,LAS BRISAS,2,BARRIO COMPLETO
08,05,01,016,004,080501016004,LOMA DEL RÍO,2,BARRIO COMPLETO
08,05,01,016,005,080501016005,MADRE VIEJA,2,BARRIO COMPLETO
08,05,01,016,006,080501016006,SAN CRISTÓBAL,2,BARRIO COMPLETO
08,05,01,016,007,080501016007,BARRIADA SANTA ISABEL,2,BARRIO COMPLETO
08,05,01,016,008,080501016008,SANTA ROSA,2,BARRIO COMPLETO
08,05,01,016,009,080501016009,LA PITA O SERGIO JIMÉNEZ,2,BARRIO COMPLETO
08,05,01,016,010,080501016010,BARRIADA LA PRIMAVERA,2,BARRIO COMPLETO
08,05,01,016,011,080501016011,BARRIADA DUQUE,2,BARRIO COMPLETO
08,05,01,016,012,080501016012,BARRIADA LA GABRIELA,2,BARRIO COMPLETO
08,05,01,016,014,080501016014,URBANIZACIÓN JUAN PABLO II,2,BARRIO COMPLETO
08,05,01,016,015,080501016015,URBANIZACIÓN LA HIGUERA,2,BARRIO COMPLETO
08,05,01,016,016,080501016016,LA OLIMPIA,2,BARRIO COMPLETO
08,05,01,016,017,080501016017,SAN FRANCISCO DE ASÍS,2,BARRIO COMPLETO
08,05,01,016,018,080501016018,BARRIADA EL ZAPOTE,2,BARRIO COMPLETO
08,05,01,016,019,080501016019,EL MUNDITO O MADRE VIEJA,2,BARRIO COMPLETO
08,05,01,016,020,080501016020,LA BENDICIÓN,2,BARRIO COMPLETO
08,05,01,016,021,080501016021,RESIDENCIAL NUEVA LUZ,2,BARRIO COMPLETO
08,05,01,016,022,080501016022,LA GALLINERA Ó 20 DE ABRIL,2,BARRIO COMPLETO
08,05,01,016,023,080501016023,SAN JOSÉ,2,BARRIO COMPLETO
08,05,01,016,024,080501016024,BARRIADA DE LOS CARRERA,2,BARRIO COMPLETO
08,05,01,016,025,080501016025,BARRIADA LA FE,2,BARRIO COMPLETO
08,05,01,016,026,080501016026,VILLAS DE LA PROVIDENCIA,2,BARRIO COMPLETO
08,05,01,016,027,080501016027,RIVERAS DE LA PROVIDENCIA,2,BARRIO COMPLETO
08,05,01,016,028,080501016028,LOS BENDECIDOS,2,BARRIO COMPLETO
08,05,05,001,001,080505001001,CENTRAL DEL MADROÑO,2,BARRIO COMPLETO
08,05,05,001,002,080505001002,LA GLORIA,2,BARRIO COMPLETO
08,05,05,001,003,080505001003,LAS MARGARITAS O SECTOR 4,2,BARRIO COMPLETO
08,05,05,001,004,080505001004,SECTOR 1,2,BARRIO COMPLETO
08,05,05,001,005,080505001005,SECTOR 3,2,BARRIO COMPLETO
08,05,05,001,006,080505001006,SECTOR 5,2,BARRIO COMPLETO
08,05,05,001,007,080505001007,BARRIO PRECARISTA O LA TOSCA,2,BARRIO COMPLETO
08,05,05,001,008,080505001008,BENDICIÓN DE DIOS,2,BARRIO COMPLETO
08,08,01,001,001,080801001001,SAN FELIPE,2,BARRIO COMPLETO
08,08,02,001,001,080802001001,EL CHORRILLO,3,BARRIO PARTE
08,08,02,001,002,080802001002,BARRAZA,2,BARRIO COMPLETO
08,08,03,001,001,080803001001,HUERTA SANDOVAL,2,BARRIO COMPLETO
08,08,03,001,002,080803001002,PATIO PINEL,2,BARRIO COMPLETO
08,08,03,001,003,080803001003,RESIDENCIAL JARDÍN BALBOA,2,BARRIO COMPLETO
08,08,03,001,004,080803001004,SANTA ANA,2,BARRIO COMPLETO
08,08,04,001,001,080804001001,ALTOS DE BELLA VISTA,2,BARRIO COMPLETO
08,08,04,001,003,080804001003,CALIDONIA,2,BARRIO COMPLETO
08,08,04,001,004,080804001004,PEREJIL,2,BARRIO COMPLETO
08,08,04,001,005,080804001005,SAN MIGUEL,2,BARRIO COMPLETO
08,08,05,001,001,080805001001,BROOKLINCITO,2,BARRIO COMPLETO
08,08,05,001,002,080805001002,CABO VERDE,2,BARRIO COMPLETO
08,08,05,001,003,080805001003,CURUNDÚ,2,BARRIO COMPLETO
08,08,05,001,004,080805001004,HOLLYWOOD O PROYECTO CURUNDÚ,2,BARRIO COMPLETO
08,08,05,001,005,080805001005,LA LOCERÍA,3,BARRIO PARTE
08,08,05,001,006,080805001006,LLANO BONITO,2,BARRIO COMPLETO
08,08,05,001,008,080805001008,SANTA CRUZ,2,BARRIO COMPLETO
08,08,05,001,009,080805001009,VIEJO VERANILLO,2,BARRIO COMPLETO
08,08,05,001,010,080805001010,NUEVO AMANECER,3,BARRIO PARTE
08,08,06,001,001,080806001001,ALTOS DE BETANIA,2,BARRIO COMPLETO
08,08,06,001,004,080806001004,BETANIA,2,BARRIO COMPLETO
08,08,06,001,005,080806001005,CLUB X,2,BARRIO COMPLETO
08,08,06,001,008,080806001008,EL DORADO,2,BARRIO COMPLETO
08,08,06,001,009,080806001009,EL INGENIO,2,BARRIO COMPLETO
08,08,06,001,012,080806001012,LA GLORIA,2,BARRIO COMPLETO
08,08,06,001,015,080806001015,LOS ÁNGELES,2,BARRIO COMPLETO
08,08,06,001,018,080806001018,PRIBANCO,2,BARRIO COMPLETO
08,08,06,001,030,080806001030,URBANIZACIÓN INDUSTRIAL,2,BARRIO COMPLETO
08,08,06,001,031,080806001031,ALTOS DE CORREZA,2,BARRIO COMPLETO
08,08,06,001,032,080806001032,CORONA GARDENS,2,BARRIO COMPLETO
08,08,06,002,001,080806002001,DOS MARES,2,BARRIO COMPLETO
08,08,06,002,002,080806002002,LA ALAMEDA,2,BARRIO COMPLETO
08,08,06,002,003,080806002003,LA LOCERÍA,3,BARRIO PARTE
08,08,06,002,004,080806002004,URBANIZACIÓN LAS MERCEDES,2,BARRIO COMPLETO
08,08,06,002,005,080806002005,VILLA SOBERANÍA,2,BARRIO COMPLETO
08,08,06,003,001,080806003001,EDISON PARK,2,BARRIO COMPLETO
08,08,06,004,001,080806004001,MIRAFLORES,2,BARRIO COMPLETO
08,08,06,004,002,080806004002,ALTOS DE MIRAFLORES,2,BARRIO COMPLETO
08,08,06,004,003,080806004003,COLINAS DE MIRAFLORES,2,BARRIO COMPLETO
08,08,06,004,004,080806004004,EL MILAGRO,2,BARRIO COMPLETO
08,08,06,004,005,080806004005,LOS LIBERTADORES,2,BARRIO COMPLETO
08,08,06,004,006,080806004006,SAN ANTONIO,2,BARRIO COMPLETO
08,08,06,004,007,080806004007,URBANIZACIÓN COLONIAL,2,BARRIO COMPLETO
08,08,06,005,001,080806005001,SANTA MARÍA,2,BARRIO COMPLETO
08,08,06,005,002,080806005002,NUEVO PARAÍSO,2,BARRIO COMPLETO
08,08,06,005,003,080806005003,VILLA CÁCERES,2,BARRIO COMPLETO
08,08,06,006,001,080806006001,CONDADO DEL REY,3,BARRIO PARTE
08,08,06,006,002,080806006002,LINDA VISTA,3,BARRIO PARTE
08,08,06,006,003,080806006003,RESIDENCIAL SARA SOTILLO,2,BARRIO COMPLETO
08,08,06,006,004,080806006004,SAN JOSÉ,3,BARRIO PARTE
08,08,06,007,001,080806007001,VILLA DE LAS FUENTES,2,BARRIO COMPLETO
08,08,06,007,002,080806007002,ALTOS DEL CHASE,2,BARRIO COMPLETO
08,08,06,007,003,080806007003,VILLA DE LAS FUENTES NO.2,2,BARRIO COMPLETO
08,08,07,001,001,080807001001,BELLA VISTA,2,BARRIO COMPLETO
08,08,07,001,002,080807001002,CAMPO ALEGRE,2,BARRIO COMPLETO
08,08,07,001,003,080807001003,EL CANGREJO,2,BARRIO COMPLETO
08,08,07,001,004,080807001004,EL CARMEN,2,BARRIO COMPLETO
08,08,07,001,005,080807001005,HERBRUGER,2,BARRIO COMPLETO
08,08,07,001,006,080807001006,LA CRESTA,2,BARRIO COMPLETO
08,08,07,001,007,080807001007,MARBELLA,2,BARRIO COMPLETO
08,08,07,001,008,080807001008,NUEVO CAMPO ALEGRE,2,BARRIO COMPLETO
08,08,07,001,009,080807001009,NUEVO REPARTO EL CARMEN,2,BARRIO COMPLETO
08,08,07,001,010,080807001010,OBARRIO,2,BARRIO COMPLETO
08,08,07,001,011,080807001011,URBANIZACIÓN LINARES,2,BARRIO COMPLETO
08,08,08,001,001,080808001001,ALTO DE LOS SAUCES,2,BARRIO COMPLETO
08,08,08,001,003,080808001003,SECTOR CHELCA,2,BARRIO COMPLETO
08,08,08,001,005,080808001005,HATO PINTADO,2,BARRIO COMPLETO
08,08,08,001,006,080808001006,LA FLORIDA,2,BARRIO COMPLETO
08,08,08,001,007,080808001007,LA LOMA,2,BARRIO COMPLETO
08,08,08,001,008,080808001008,LA PRADERA,2,BARRIO COMPLETO
08,08,08,001,009,080808001009,LAS SABANAS,2,BARRIO COMPLETO
08,08,08,001,010,080808001010,LOS ANTARES,2,BARRIO COMPLETO
08,08,08,001,011,080808001011,LOS GUAYACANES,2,BARRIO COMPLETO
08,08,08,001,013,080808001013,LOS PINOS,2,BARRIO COMPLETO
08,08,08,001,015,080808001015,NIDIA ENDARA,2,BARRIO COMPLETO
08,08,08,001,016,080808001016,PUEBLO NUEVO,2,BARRIO COMPLETO
08,08,08,001,017,080808001017,RESIDENCIAL SAN FERNANDO,2,BARRIO COMPLETO
08,08,08,001,021,080808001021,URBANIZACIÓN EL NÁCAR,2,BARRIO COMPLETO
08,08,08,001,023,080808001023,URBANIZACIÓN LA COLINA,2,BARRIO COMPLETO
08,08,08,001,024,080808001024,VILLA BONANZA,2,BARRIO COMPLETO
08,08,08,001,025,080808001025,VILLA LUCENA,2,BARRIO COMPLETO
08,08,08,001,026,080808001026,VISTA HERMOSA,2,BARRIO COMPLETO
08,08,08,001,027,080808001027,P.H. CENTRAL PARK,2,BARRIO COMPLETO
08,08,08,001,028,080808001028,RESIDENCIAL HAMPTON COURT,2,BARRIO COMPLETO
08,08,09,001,003,080809001003,BOCA LA CAJA,2,BARRIO COMPLETO
08,08,09,001,005,080809001005,COCO DEL MAR,2,BARRIO COMPLETO
08,08,09,001,007,080809001007,LOMA ALEGRE,2,BARRIO COMPLETO
08,08,09,001,011,080809001011,SAN FRANCISCO,2,BARRIO COMPLETO
08,08,09,001,014,080809001014,VILLA LILLA,2,BARRIO COMPLETO
08,08,09,001,015,080809001015,VILLA LINDA,2,BARRIO COMPLETO
08,08,09,001,017,080809001017,VIÑA DEL MAR,2,BARRIO COMPLETO
08,08,09,001,018,080809001018,SAN FRANCISCO DE LA CALETA,2,BARRIO COMPLETO
08,08,09,001,020,080809001020,BARRIADA CONTRALORÍA GENERAL,2,BARRIO COMPLETO
08,08,09,002,001,080809002001,CARRASQUILLA,2,BARRIO COMPLETO
08,08,09,002,002,080809002002,ALTOS DE CARRASQUILLA,2,BARRIO COMPLETO
08,08,09,002,003,080809002003,ALTOS DEL GOLF,2,BARRIO COMPLETO
08,08,09,002,005,080809002005,RESIDENCIAL EL PARQUE,2,BARRIO COMPLETO
08,08,09,002,006,080809002006,VILLA DEL GOLF,2,BARRIO COMPLETO
08,08,09,002,007,080809002007,VISTA DEL GOLF,2,BARRIO COMPLETO
08,08,09,002,008,080809002008,VILLA DORA,2,BARRIO COMPLETO
08,08,09,002,009,080809002009,URBANIZACIÓN ADSON WALL,2,BARRIO COMPLETO
08,08,09,003,001,080809003001,PAITILLA,2,BARRIO COMPLETO
08,08,09,003,002,080809003002,NUEVO PAITILLA,2,BARRIO COMPLETO
08,08,09,003,003,080809003003,PUNTA PAITILLA,2,BARRIO COMPLETO
08,08,09,003,004,080809003004,SAN SEBASTIÁN,2,BARRIO COMPLETO
08,08,09,004,001,080809004001,PUNTA PACÍFICA,2,BARRIO COMPLETO
08,08,09,004,002,080809004002,OCEAN REEF ISLANDS I,2,BARRIO COMPLETO
08,08,09,004,003,080809004003,OCEAN REEF ISLANDS II,2,BARRIO COMPLETO
08,08,09,004,004,080809004004,RESIDENCIAL GOLD POINT,2,BARRIO COMPLETO
08,08,10,001,001,080810001001,URBANIZACIÓN ALTOS DEL ROMERAL,2,BARRIO COMPLETO
08,08,10,001,002,080810001002,BARRIADA MORELOS,2,BARRIO COMPLETO
08,08,10,001,003,080810001003,BARRIADA SANTA ELENA,2,BARRIO COMPLETO
08,08,10,001,004,080810001004,URBANIZACIÓN CHANIS,2,BARRIO COMPLETO
08,08,10,001,005,080810001005,NUEVO REPARTO PANAMÁ,2,BARRIO COMPLETO
08,08,10,001,006,080810001006,PANAMÁ VIEJO,2,BARRIO COMPLETO
08,08,10,001,007,080810001007,PARQUE LEFEVRE,2,BARRIO COMPLETO
08,08,10,001,008,080810001008,PUENTE DEL REY,2,BARRIO COMPLETO
08,08,10,001,009,080810001009,RESIDENCIAL CASA BLANCA,2,BARRIO COMPLETO
08,08,10,001,010,080810001010,RESIDENCIAL LA FONTANA,2,BARRIO COMPLETO
08,08,10,001,011,080810001011,URBANIZACIÓN DON AHORRO,2,BARRIO COMPLETO
08,08,10,001,012,080810001012,URBANIZACIÓN LOS PINOS,2,BARRIO COMPLETO
08,08,10,001,013,080810001013,URBANIZACIÓN SAN GERARDO DE MAYELA,2,BARRIO COMPLETO
08,08,10,001,014,080810001014,URBANIZACIÓN SANTA MARTA,2,BARRIO COMPLETO
08,08,10,001,015,080810001015,URBANOPAT,2,BARRIO COMPLETO
08,08,10,001,016,080810001016,VILLA DEL REY,2,BARRIO COMPLETO
08,08,10,001,017,080810001017,BOULEVARD LOS LAURELES,2,BARRIO COMPLETO
08,08,10,001,018,080810001018,CHANIS,2,BARRIO COMPLETO
08,08,10,001,019,080810001019,LA UNIÓN,2,BARRIO COMPLETO
08,08,10,001,020,080810001020,PARQUE DEL INDUSTRIAL COSTA DEL ESTE,2,BARRIO COMPLETO
08,08,10,001,021,080810001021,VILLA SUSANA,2,BARRIO COMPLETO
08,08,10,001,023,080810001023,VILLAS COSTA DEL ESTE,2,BARRIO COMPLETO
08,08,10,001,024,080810001024,COSTA DEL ESTE,3,BARRIO PARTE
08,08,10,001,025,080810001025,PANAMÁ VIEJO RESIDENCES,2,BARRIO COMPLETO
08,08,11,001,001,080811001001,ALTOS DE LOS LAURELES,2,BARRIO COMPLETO
08,08,11,001,002,080811001002,ALTOS DEL RÍO,2,BARRIO COMPLETO
08,08,11,001,003,080811001003,BARRIADA CHANAT,2,BARRIO COMPLETO
08,08,11,001,004,080811001004,BARRIADA LOS YOSES,2,BARRIO COMPLETO
08,08,11,001,005,080811001005,BARRIADA PATTERSON,2,BARRIO COMPLETO
08,08,11,001,006,080811001006,BARRIADA VICTORIANO LORENZO,2,BARRIO COMPLETO
08,08,11,001,007,080811001007,EL PORVENIR,2,BARRIO COMPLETO
08,08,11,001,008,080811001008,EL PROGRESO NO.1,2,BARRIO COMPLETO
08,08,11,001,009,080811001009,EL PROGRESO NO.2,2,BARRIO COMPLETO
08,08,11,001,010,080811001010,EL VALLE DE LA ESPERANZA,2,BARRIO COMPLETO
08,08,11,001,011,080811001011,LA FLORIDA,2,BARRIO COMPLETO
08,08,11,001,012,080811001012,LA ROSITA,2,BARRIO COMPLETO
08,08,11,001,013,080811001013,LOMA MORGAN,2,BARRIO COMPLETO
08,08,11,001,014,080811001014,LOS ÁLAMOS,2,BARRIO COMPLETO
08,08,11,001,015,080811001015,MONTE CLARO NO.1,2,BARRIO COMPLETO
08,08,11,001,016,080811001016,MONTE CLARO NO.2,2,BARRIO COMPLETO
08,08,11,001,017,080811001017,MONTE OSCURO,3,BARRIO PARTE
08,08,11,001,018,080811001018,NUEVO ALTOS DE LOS RÍOS,2,BARRIO COMPLETO
08,08,11,001,019,080811001019,RÍO ABAJO,2,BARRIO COMPLETO
08,08,11,001,020,080811001020,URBANIZACIÓN INCAPIÉ,2,BARRIO COMPLETO
08,08,11,001,021,080811001021,URBANIZACIÓN LOMA BONITA,2,BARRIO COMPLETO
08,08,11,001,022,080811001022,URBANIZACIÓN MARCASA,2,BARRIO COMPLETO
08,08,11,001,023,080811001023,URBANIZACIÓN SAN CRISTÓBAL,2,BARRIO COMPLETO
08,08,11,001,024,080811001024,VILLA ELENA NO.1,2,BARRIO COMPLETO
08,08,11,001,025,080811001025,VILLA ELENA NO.2,2,BARRIO COMPLETO
08,08,11,001,026,080811001026,VILLA ELENA NO.3,2,BARRIO COMPLETO
08,08,11,001,027,080811001027,VILLA GABRIELA,2,BARRIO COMPLETO
08,08,11,001,028,080811001028,VILLA LORENA,2,BARRIO COMPLETO
08,08,11,001,029,080811001029,VILLA MARÍA,2,BARRIO COMPLETO
08,08,11,001,030,080811001030,VILLA RICA,2,BARRIO COMPLETO
08,08,11,001,031,080811001031,VILLA VICTORIA,2,BARRIO COMPLETO
08,08,11,001,032,080811001032,LA SABANA,2,BARRIO COMPLETO
08,08,11,001,033,080811001033,TORRES DE ESPAÑA,2,BARRIO COMPLETO
08,08,11,001,034,080811001034,VILLA ESPERANZA,2,BARRIO COMPLETO
08,08,12,001,002,080812001002,ALTOS DEL COMPLEJO,2,BARRIO COMPLETO
08,08,12,001,003,080812001003,ALTOS DEL HIPÓDROMO,2,BARRIO COMPLETO
08,08,12,001,005,080812001005,BARRIADA DE LOS GUARDIAS,2,BARRIO COMPLETO
08,08,12,001,007,080812001007,BOSQUES DE ALTAMIRA,2,BARRIO COMPLETO
08,08,12,001,008,080812001008,CAMPO LIMBERG,2,BARRIO COMPLETO
08,08,12,001,009,080812001009,CIUDAD RADIAL,2,BARRIO COMPLETO
08,08,12,001,010,080812001010,CONCEPCIÓN MUNICIPAL,3,BARRIO PARTE
08,08,12,001,011,080812001011,EL NANCE,2,BARRIO COMPLETO
08,08,12,001,012,080812001012,EL SITIO,2,BARRIO COMPLETO
08,08,12,001,013,080812001013,FRANCISCO ARIAS PAREDES,2,BARRIO COMPLETO
08,08,12,001,014,080812001014,GUAYABITO NO.1,2,BARRIO COMPLETO
08,08,12,001,015,080812001015,GUAYABITO NO.2,2,BARRIO COMPLETO
08,08,12,001,016,080812001016,JARDÍN OLÍMPICO,2,BARRIO COMPLETO
08,08,12,001,017,080812001017,JUAN DÍAZ,2,BARRIO COMPLETO
08,08,12,001,018,080812001018,LA CANTERA,2,BARRIO COMPLETO
08,08,12,001,019,080812001019,LAS ESTACIONES,2,BARRIO COMPLETO
08,08,12,001,020,080812001020,LAS PALMERAS,2,BARRIO COMPLETO
08,08,12,001,021,080812001021,LLANO BONITO,2,BARRIO COMPLETO
08,08,12,001,022,080812001022,LOS ALMENDROS,2,BARRIO COMPLETO
08,08,12,001,023,080812001023,NUEVA CONCEPCIÓN,3,BARRIO PARTE
08,08,12,001,024,080812001024,NUEVO PORVENIR,2,BARRIO COMPLETO
08,08,12,001,025,080812001025,PARQUE INDUSTRIAL,2,BARRIO COMPLETO
08,08,12,001,026,080812001026,RESIDENCIAL BERNAL,2,BARRIO COMPLETO
08,08,12,001,027,080812001027,RESIDENCIAL CAROLINA,2,BARRIO COMPLETO
08,08,12,001,028,080812001028,RESIDENCIAL JUAN DÍAZ,2,BARRIO COMPLETO
08,08,12,001,029,080812001029,RESIDENCIAL OLÍMPICO NO.2,2,BARRIO COMPLETO
08,08,12,001,030,080812001030,RESIDENCIAL OLÍMPICO NO.3,2,BARRIO COMPLETO
08,08,12,001,031,080812001031,RESIDENCIAL SANTA INÉS,2,BARRIO COMPLETO
08,08,12,001,033,080812001033,SAN CRISTÓBAL,2,BARRIO COMPLETO
08,08,12,001,034,080812001034,SAN FERNANDO,2,BARRIO COMPLETO
08,08,12,001,035,080812001035,SAN PEDRO NO.1,2,BARRIO COMPLETO
08,08,12,001,036,080812001036,SAN PEDRO NO.2,2,BARRIO COMPLETO
08,08,12,001,037,080812001037,SANTA CLARA,2,BARRIO COMPLETO
08,08,12,001,038,080812001038,URBANIZACIÓN ALTOS DE SAN PEDRO,2,BARRIO COMPLETO
08,08,12,001,039,080812001039,URBANIZACIÓN ANAYANSI,2,BARRIO COMPLETO
08,08,12,001,040,080812001040,URBANIZACIÓN BALAN,2,BARRIO COMPLETO
08,08,12,001,041,080812001041,URBANIZACIÓN CAMINO REAL,2,BARRIO COMPLETO
08,08,12,001,042,080812001042,URBANIZACIÓN COLINAS DEL CARMEN,2,BARRIO COMPLETO
08,08,12,001,046,080812001046,URBANIZACIÓN EL GUAYACÁN,2,BARRIO COMPLETO
08,08,12,001,047,080812001047,URBANIZACIÓN EL LAUREL,2,BARRIO COMPLETO
08,08,12,001,048,080812001048,URBANIZACIÓN EL MILAGRO,2,BARRIO COMPLETO
08,08,12,001,049,080812001049,URBANIZACIÓN EL PALMAR,2,BARRIO COMPLETO
08,08,12,001,050,080812001050,URBANIZACIÓN EL TRÉBOL,2,BARRIO COMPLETO
08,08,12,001,051,080812001051,URBANIZACIÓN JOSÉ REMÓN CANTERA,2,BARRIO COMPLETO
08,08,12,001,052,080812001052,URBANIZACIÓN VILLA BONITA,2,BARRIO COMPLETO
08,08,12,001,053,080812001053,URBANIZACIÓN LA PONDEROSA,2,BARRIO COMPLETO
08,08,12,001,056,080812001056,URBANIZACIÓN NUEVA CALIFORNIA,2,BARRIO COMPLETO
08,08,12,001,057,080812001057,URBANIZACIÓN NUEVO HIPÓDROMO,2,BARRIO COMPLETO
08,08,12,001,059,080812001059,URBANIZACIÓN SANTA RELA,2,BARRIO COMPLETO
08,08,12,001,062,080812001062,URBANIZACIÓN VILLA SERENA,2,BARRIO COMPLETO
08,08,12,001,064,080812001064,VILLA DEL SOL,2,BARRIO COMPLETO
08,08,12,001,065,080812001065,VILLA INÉS,2,BARRIO COMPLETO
08,08,12,001,066,080812001066,VILLA VENUS NO.1,2,BARRIO COMPLETO
08,08,12,001,067,080812001067,VILLA VENUS NO.2,2,BARRIO COMPLETO
08,08,12,001,069,080812001069,BRISAS DEL NUEVO HIPÓDROMO,2,BARRIO COMPLETO
08,08,12,001,070,080812001070,BOSQUES DEL HIPÓDROMO,2,BARRIO COMPLETO
08,08,12,001,072,080812001072,EL PAILÓN,2,BARRIO COMPLETO
08,08,12,001,075,080812001075,PUERTO JUAN DÍAZ,3,BARRIO PARTE
08,08,12,001,076,080812001076,RESIDENCIAL MARIABÉ,2,BARRIO COMPLETO
08,08,12,001,078,080812001078,RESIDENCIAL OLÍMPICO NO.1,2,BARRIO COMPLETO
08,08,12,001,079,080812001079,SANTA PERA,2,BARRIO COMPLETO
08,08,12,001,081,080812001081,URBANIZACIÓN EL CHIMBORAZO,2,BARRIO COMPLETO
08,08,12,001,082,080812001082,URBANIZACIÓN LA ARBOLEDA,2,BARRIO COMPLETO
08,08,12,001,083,080812001083,URBANIZACIÓN FANASA,2,BARRIO COMPLETO
08,08,12,001,084,080812001084,URBANIZACIÓN TOSCANA,2,BARRIO COMPLETO
08,08,12,001,085,080812001085,URBANIZACIÓN PASES,2,BARRIO COMPLETO
08,08,12,001,086,080812001086,URBANIZACIÓN ROSA MÍSTICA,2,BARRIO COMPLETO
08,08,12,001,088,080812001088,VILLA ALEGRE,2,BARRIO COMPLETO
08,08,12,001,089,080812001089,BARRIADA NUEVA ESPERANZA,2,BARRIO COMPLETO
08,08,12,001,090,080812001090,VILLA CHARLOT,2,BARRIO COMPLETO
08,08,12,001,091,080812001091,VILLA LOYDA,2,BARRIO COMPLETO
08,08,12,001,092,080812001092,VILLA NORMA,2,BARRIO COMPLETO
08,08,12,001,093,080812001093,VILLA OLGA,2,BARRIO COMPLETO
08,08,12,001,094,080812001094,RESIDENCIAL ALFA,2,BARRIO COMPLETO
08,08,12,001,096,080812001096,RESIDENCIAL COLINAS DEL CARMEN,2,BARRIO COMPLETO
08,08,12,001,098,080812001098,VILLA LOLY,2,BARRIO COMPLETO
08,08,12,001,112,080812001112,RESIDENCIAL PARQUE DEL ESTE,2,BARRIO COMPLETO
08,08,12,001,124,080812001124,RESIDENCIAL COSTA NOVO,2,BARRIO COMPLETO
08,08,12,001,136,080812001136,RESIDENCIAL LLANO BONITO,2,BARRIO COMPLETO
08,08,12,001,141,080812001141,BRISAS DEL SUR,2,BARRIO COMPLETO
08,08,12,001,142,080812001142,JARDINES DE SAN FERNANDO,2,BARRIO COMPLETO
08,08,12,001,143,080812001143,P.H. MYSTIC GATES,2,BARRIO COMPLETO
08,08,12,002,001,080812002001,BARRIADA COSTA LAS PERLAS,2,BARRIO COMPLETO
08,08,12,002,002,080812002002,COSTA AZUL,2,BARRIO COMPLETO
08,08,12,002,003,080812002003,COSTA BAY,2,BARRIO COMPLETO
08,08,12,002,004,080812002004,COSTA BELLA,2,BARRIO COMPLETO
08,08,12,002,005,080812002005,COSTA DEL ESTE,3,BARRIO PARTE
08,08,12,002,006,080812002006,COSTA DORADA,2,BARRIO COMPLETO
08,08,12,002,007,080812002007,COSTA SERENA,2,BARRIO COMPLETO
08,08,12,002,008,080812002008,RESIDENCIAL ANTIGUA,2,BARRIO COMPLETO
08,08,12,002,009,080812002009,RESIDENCIAL BALMORAL,2,BARRIO COMPLETO
08,08,12,002,010,080812002010,RESIDENCIAL BEGONIAS,2,BARRIO COMPLETO
08,08,12,002,011,080812002011,RESIDENCIAL CAMELIA,2,BARRIO COMPLETO
08,08,12,002,012,080812002012,RESIDENCIAL LAS PALMERAS DEL ESTE,2,BARRIO COMPLETO
08,08,12,002,013,080812002013,RESIDENCIAL MAGNOLIAS,2,BARRIO COMPLETO
08,08,12,002,014,080812002014,RESIDENCIAL PUERTA DEL MAR,2,BARRIO COMPLETO
08,08,12,002,015,080812002015,RESIDENCIAL VERANDAS,2,BARRIO COMPLETO
08,08,12,002,016,080812002016,ROYAL PACIFIC,2,BARRIO COMPLETO
08,08,12,002,017,080812002017,TOSCANA DEL ESTE,2,BARRIO COMPLETO
08,08,12,002,018,080812002018,VILLAS DEL MAR,2,BARRIO COMPLETO
08,08,12,003,002,080812003002,FAIRWAY ESTATES,2,BARRIO COMPLETO
08,08,12,003,003,080812003003,ISLAND ESTATES,2,BARRIO COMPLETO
08,08,12,003,004,080812003004,LAKE VIEW,2,BARRIO COMPLETO
08,08,12,003,005,080812003005,SANTA MARÍA,2,BARRIO COMPLETO
08,08,12,003,006,080812003006,SANTA MARÍA COURT,2,BARRIO COMPLETO
08,08,12,003,007,080812003007,THE CRESCENT,2,BARRIO COMPLETO
08,08,12,003,008,080812003008,THE GROVE,2,BARRIO COMPLETO
08,08,12,003,009,080812003009,THE RESERVE,2,BARRIO COMPLETO
08,08,12,003,010,080812003010,THE WOODS,2,BARRIO COMPLETO
08,08,13,001,004,080813001004,BUENOS AIRES,2,BARRIO COMPLETO
08,08,13,001,007,080813001007,EL NAZARENO,2,BARRIO COMPLETO
08,08,13,001,008,080813001008,EL PORVENIR,2,BARRIO COMPLETO
08,08,13,001,009,080813001009,EL REALENGO,2,BARRIO COMPLETO
08,08,13,001,012,080813001012,JESÚS DE NAZARET O ALTOS DE NAZARETH,2,BARRIO COMPLETO
08,08,13,001,015,080813001015,LA CONCORDIA,2,BARRIO COMPLETO
08,08,13,001,017,080813001017,LA FLORIDA,2,BARRIO COMPLETO
08,08,13,001,019,080813001019,LA RIVIERA,2,BARRIO COMPLETO
08,08,13,001,021,080813001021,LAS PALMERAS,2,BARRIO COMPLETO
08,08,13,001,022,080813001022,MIRADOR BALMORAL,2,BARRIO COMPLETO
08,08,13,001,023,080813001023,MONTERÍA,2,BARRIO COMPLETO
08,08,13,001,026,080813001026,REMÓN CANTERA,2,BARRIO COMPLETO
08,08,13,001,035,080813001035,URBANIZACIÓN BALMORAL,2,BARRIO COMPLETO
08,08,13,001,037,080813001037,VILLA CECILIA,2,BARRIO COMPLETO
08,08,13,001,047,080813001047,RESIDENCIAL DELTA,2,BARRIO COMPLETO
08,08,13,001,049,080813001049,SAN JUDAS TADEO,2,BARRIO COMPLETO
08,08,13,001,050,080813001050,SANTA ISABEL,2,BARRIO COMPLETO
08,08,13,001,057,080813001057,VILLA GRACIELA,2,BARRIO COMPLETO
08,08,13,002,001,080813002001,SAN JOAQUÍN,2,BARRIO COMPLETO
08,08,13,002,002,080813002002,BARRIADA ERSA,2,BARRIO COMPLETO
08,08,13,002,003,080813002003,BARRIADA MARTÍN TORRIJOS,2,BARRIO COMPLETO
08,08,13,002,004,080813002004,BARRIADA RICARDO MARTINELLI,2,BARRIO COMPLETO
08,08,13,002,005,080813002005,BARRIADA ROBERTO VELÁSQUEZ,2,BARRIO COMPLETO
08,08,13,002,006,080813002006,BARRIADA SAN PABLO,2,BARRIO COMPLETO
08,08,13,002,007,080813002007,EL CUCUY,2,BARRIO COMPLETO
08,08,13,002,008,080813002008,RESIDENCIAL LAS VILLAS DEL BOSQUE,2,BARRIO COMPLETO
08,08,13,002,009,080813002009,VILLA GRANADA,2,BARRIO COMPLETO
08,08,13,002,010,080813002010,VILLA ISABEL,2,BARRIO COMPLETO
08,08,13,002,011,080813002011,RESIDENCIAL PORTAL DEL BOSQUE,2,BARRIO COMPLETO
08,08,13,003,001,080813003001,RANA DE ORO,2,BARRIO COMPLETO
08,08,13,003,002,080813003002,BARRIADA 8 DE DICIEMBRE,2,BARRIO COMPLETO
08,08,13,003,003,080813003003,BARRIADA ARCOÍRIS,2,BARRIO COMPLETO
08,08,13,003,004,080813003004,BARRIADA LA PAZ,2,BARRIO COMPLETO
08,08,13,003,005,080813003005,LOS MILAGROS,2,BARRIO COMPLETO
08,08,13,003,006,080813003006,LOS PINOS NO.2,2,BARRIO COMPLETO
08,08,13,003,007,080813003007,MYSTIC TOWN,2,BARRIO COMPLETO
08,08,13,003,008,080813003008,P.H. AZARES,2,BARRIO COMPLETO
08,08,13,003,009,080813003009,P.H. PALMERAS,2,BARRIO COMPLETO
08,08,13,003,010,080813003010,RESIDENCIAL NARANJAL DE ORO,2,BARRIO COMPLETO
08,08,13,003,011,080813003011,SELLO DE ORO,2,BARRIO COMPLETO
08,08,13,003,012,080813003012,URBANIZACIÓN ALTOS DEL NARANJAL,2,BARRIO COMPLETO
08,08,13,003,013,080813003013,VILLA CRISTINA,2,BARRIO COMPLETO
08,08,13,003,014,080813003014,VILLA VICTORIA,2,BARRIO COMPLETO
08,08,13,003,015,080813003015,VILLAS DEL NARANJAL,2,BARRIO COMPLETO
08,08,13,004,001,080813004001,VILLALOBOS,2,BARRIO COMPLETO
08,08,13,004,002,080813004002,ALBORADA,2,BARRIO COMPLETO
08,08,13,004,003,080813004003,BARRIADA ALTOS DE VILLALOBOS,2,BARRIO COMPLETO
08,08,13,004,004,080813004004,PACIFIC PLACE,2,BARRIO COMPLETO
08,08,13,004,005,080813004005,P.H. LOS SAUCES,2,BARRIO COMPLETO
08,08,13,004,006,080813004006,RESIDENCIAL LA MARQUESA,2,BARRIO COMPLETO
08,08,13,004,007,080813004007,VILLA GÓNDOLA,2,BARRIO COMPLETO
08,08,13,004,008,080813004008,VILLALOBOS SUR,2,BARRIO COMPLETO
08,08,13,004,009,080813004009,RESIDENCIAL LAS ORQUÍDEAS,2,BARRIO COMPLETO
08,08,13,005,001,080813005001,SANTA CRUZ,2,BARRIO COMPLETO
08,08,13,005,002,080813005002,LA BANDERA,2,BARRIO COMPLETO
08,08,13,005,003,080813005003,LA PRIMAVERA,2,BARRIO COMPLETO
08,08,13,005,004,080813005004,LAS COLINAS,2,BARRIO COMPLETO
08,08,13,005,005,080813005005,LOS PINOS,2,BARRIO COMPLETO
08,08,13,005,006,080813005006,RESIDENCIAL LA PRIMAVERA,2,BARRIO COMPLETO
08,08,13,005,007,080813005007,SECTOR TAPIA,2,BARRIO COMPLETO
08,08,13,006,001,080813006001,EL NARANJAL,2,BARRIO COMPLETO
08,08,13,006,002,080813006002,ALTOS DE LAS NUBES,2,BARRIO COMPLETO
08,08,13,006,003,080813006003,ALTOS DE PEDREGAL,2,BARRIO COMPLETO
08,08,13,006,004,080813006004,DIECIOCHO DE ABRIL,2,BARRIO COMPLETO
08,08,13,006,005,080813006005,LA ESPERANZA,2,BARRIO COMPLETO
08,08,13,006,006,080813006006,LOS CAOBOS,2,BARRIO COMPLETO
08,08,13,006,007,080813006007,NUEVO AMANECER,2,BARRIO COMPLETO
08,08,13,006,008,080813006008,VILLA ESPERANZA,2,BARRIO COMPLETO
08,08,13,007,001,080813007001,SAN MARTÍN,2,BARRIO COMPLETO
08,08,13,007,002,080813007002,SAN JOSÉ,2,BARRIO COMPLETO
08,08,13,007,003,080813007003,ALTOS DE SAN JOSÉ,2,BARRIO COMPLETO
08,08,13,008,001,080813008001,GREEN VALLEY,2,BARRIO COMPLETO
08,08,14,003,001,080814003001,ALTO DE DIABLO O ALTO JESÚS,2,BARRIO COMPLETO
08,08,14,003,002,080814003002,ANCÓN,2,BARRIO COMPLETO
08,08,14,003,003,080814003003,BALBOA,2,BARRIO COMPLETO
08,08,14,003,004,080814003004,CURUNDU HEIGHTS O ALTOS DE CURUNDÚ,2,BARRIO COMPLETO
08,08,14,003,005,080814003005,EL CHORRILLO,3,BARRIO PARTE
08,08,14,003,008,080814003008,ALBROOK,2,BARRIO COMPLETO
08,08,14,003,009,080814003009,AMADOR,2,BARRIO COMPLETO
08,08,14,003,010,080814003010,COROZAL,2,BARRIO COMPLETO
08,08,14,003,011,080814003011,CURUNDÚ O LLANOS DE CURUNDÚ,2,BARRIO COMPLETO
08,08,14,003,012,080814003012,LA BOCA,2,BARRIO COMPLETO
08,08,14,003,013,080814003013,LOS RÍOS,2,BARRIO COMPLETO
08,08,14,003,014,080814003014,GREEN VALLEY,2,BARRIO COMPLETO
08,08,14,003,015,080814003015,ALBROOK GARDENS,2,BARRIO COMPLETO
08,08,14,003,028,080814003028,VILLE DI FIRENZE,2,BARRIO COMPLETO
08,08,14,003,030,080814003030,CAMINOS DE CRUCES,2,BARRIO COMPLETO
08,08,14,003,031,080814003031,NUEVO AMANECER,3,BARRIO PARTE
08,08,14,014,001,080814014001,PEDRO MIGUEL,2,BARRIO COMPLETO
08,08,14,015,001,080814015001,PARAÍSO,2,BARRIO COMPLETO
08,08,14,018,001,080814018001,CÁRDENAS,2,BARRIO COMPLETO
08,08,14,018,002,080814018002,CLAYTON,2,BARRIO COMPLETO
08,08,14,018,004,080814018004,CLAYTON VILLAGE,2,BARRIO COMPLETO
08,08,14,018,005,080814018005,EMBASSY GARDENS,2,BARRIO COMPLETO
08,08,14,018,006,080814018006,GREEN FIELDS,2,BARRIO COMPLETO
08,08,14,018,007,080814018007,RESIDENCIAL EMBASSY CLUB,2,BARRIO COMPLETO
08,08,14,018,008,080814018008,URBANIZACIÓN CLAYTON FOREST,2,BARRIO COMPLETO
08,08,14,018,009,080814018009,URBANIZACIÓN LOS SENDEROS DE CAMINO DE CRUCES,2,BARRIO COMPLETO
08,08,14,018,010,080814018010,CLAYTON PARK,2,BARRIO COMPLETO
08,08,14,018,011,080814018011,EMBASSY VILLAGE,2,BARRIO COMPLETO
08,08,14,108,001,080814108001,ALTAMIRA GARDENS,2,BARRIO COMPLETO
08,08,14,108,002,080814108002,"UTP ""VÍCTOR LEVI SASSO""",2,BARRIO COMPLETO
08,08,14,108,003,080814108003,CENTENNIAL,2,BARRIO COMPLETO
08,08,14,108,004,080814108004,COLINA REAL,2,BARRIO COMPLETO
08,08,14,108,005,080814108005,CONDADO DEL REY,3,BARRIO PARTE
08,08,14,108,006,080814108006,CRYSTAL SPRING,2,BARRIO COMPLETO
08,08,14,108,007,080814108007,DORADO LAKES,2,BARRIO COMPLETO
08,08,14,108,008,080814108008,DORADO SPRING,2,BARRIO COMPLETO
08,08,14,108,009,080814108009,GOLDEN SPRING,2,BARRIO COMPLETO
08,08,14,108,010,080814108010,GREEN PARK,2,BARRIO COMPLETO
08,08,14,108,011,080814108011,MC GREGOR HILL,2,BARRIO COMPLETO
08,08,14,108,012,080814108012,PARQUE DE TOSCANA,2,BARRIO COMPLETO
08,08,14,108,013,080814108013,RAINFOREST VILLAS,2,BARRIO COMPLETO
08,08,14,108,014,080814108014,RESIDENCIAL DORADO VILLAGE,2,BARRIO COMPLETO
08,08,14,108,015,080814108015,RESIDENCIAL EL COUNTRY PARK,2,BARRIO COMPLETO
08,08,14,108,016,080814108016,RESIDENCIAL ROYAL COUNTRY,2,BARRIO COMPLETO
08,08,14,108,017,080814108017,SAN JOSÉ,3,BARRIO PARTE
08,08,14,108,018,080814108018,TERRAZAS DEL REY,2,BARRIO COMPLETO
08,08,14,108,019,080814108019,TORRES DE MILÁN,2,BARRIO COMPLETO
08,08,14,108,020,080814108020,TORRES DE TOSCANA,2,BARRIO COMPLETO
08,08,14,108,021,080814108021,URBANIZACIÓN PASEO DORADO,2,BARRIO COMPLETO
08,08,14,108,022,080814108022,ALTOS DEL PARQUE,2,BARRIO COMPLETO
08,08,14,108,023,080814108023,CONDADO COUNTRY CLUB,2,BARRIO COMPLETO
08,08,14,108,024,080814108024,CONDADO GARDENS,2,BARRIO COMPLETO
08,08,14,108,025,080814108025,TORRES DE VENECIA,2,BARRIO COMPLETO
08,08,14,110,001,080814110001,LAS HUACAS,3,BARRIO PARTE
08,08,15,009,001,080815009001,CHILIBRE CENTRO,2,BARRIO COMPLETO
08,08,15,009,002,080815009002,DON BOSCO,2,BARRIO COMPLETO
08,08,15,009,003,080815009003,LLANO VERDE,2,BARRIO COMPLETO
08,08,15,009,004,080815009004,LOS CAOBOS,2,BARRIO COMPLETO
08,08,15,009,005,080815009005,MARÍA EUGENIA,2,BARRIO COMPLETO
08,08,15,009,006,080815009006,BARRIO LINDO,2,BARRIO COMPLETO
08,08,15,046,001,080815046001,AGUA BUENA,2,BARRIO COMPLETO
08,08,15,046,002,080815046002,ALTO LINO,2,BARRIO COMPLETO
08,08,15,046,003,080815046003,LA ESMERALDA,2,BARRIO COMPLETO
08,08,15,046,004,080815046004,LA FE,2,BARRIO COMPLETO
08,08,15,046,005,080815046005,PEDERNAL,2,BARRIO COMPLETO
08,08,15,046,006,080815046006,QUEBRADA ANCHA,3,BARRIO PARTE
08,08,15,046,007,080815046007,EL ROBLE,2,BARRIO COMPLETO
08,08,15,046,008,080815046008,SAN VICENTE,2,BARRIO COMPLETO
08,08,15,046,009,080815046009,EL SITIO,2,BARRIO COMPLETO
08,08,15,046,010,080815046010,LA UNIÓN,2,BARRIO COMPLETO
08,08,15,046,011,080815046011,VILLA NUEVA,2,BARRIO COMPLETO
08,08,15,046,012,080815046012,ALTOS DEL RÍO,2,BARRIO COMPLETO
08,08,15,049,001,080815049001,AGUA BENDITA,2,BARRIO COMPLETO
08,08,15,049,002,080815049002,ALTO DE JALISCO,2,BARRIO COMPLETO
08,08,15,049,003,080815049003,BUENOS AIRES,2,BARRIO COMPLETO
08,08,15,049,004,080815049004,CHILIBRILLO,2,BARRIO COMPLETO
08,08,15,049,005,080815049005,LA ESPERANZA,2,BARRIO COMPLETO
08,08,15,049,006,080815049006,LAS HUACAS,3,BARRIO PARTE
08,08,15,049,007,080815049007,LAS PALMITAS,2,BARRIO COMPLETO
08,08,15,049,008,080815049008,LA PRIMAVERA,2,BARRIO COMPLETO
08,08,15,049,009,080815049009,LA VAQUITA,2,BARRIO COMPLETO
08,08,15,049,010,080815049010,NUEVO PROGRESO,2,BARRIO COMPLETO
08,08,15,049,011,080815049011,LUCHA FRANCO O VIENTO FRANCO,2,BARRIO COMPLETO
08,08,15,049,012,080815049012,VILLA UNIDA,2,BARRIO COMPLETO
08,08,15,049,013,080815049013,NUEVO CHAGRES,2,BARRIO COMPLETO
08,08,15,049,014,080815049014,BRISAS DEL CHAGRES,2,BARRIO COMPLETO
08,08,15,049,015,080815049015,JESÚS DE NAZARETH,2,BARRIO COMPLETO
08,08,15,117,001,080815117001,PRADERAS DEL NORTE,3,BARRIO PARTE
08,08,15,122,001,080815122001,CIUDAD ATENAS,2,BARRIO COMPLETO
08,08,16,009,001,080816009001,BARRIADA LAS CUMBRECITAS,2,BARRIO COMPLETO
08,08,16,009,002,080816009002,BARRIADA LAS LAJAS,2,BARRIO COMPLETO
08,08,16,009,003,080816009003,MONTE FRESCO,2,BARRIO COMPLETO
08,08,16,009,004,080816009004,SANTA BÁRBARA,2,BARRIO COMPLETO
08,08,16,009,006,080816009006,BRISAS DE LAS CUMBRES,2,BARRIO COMPLETO
08,08,16,009,007,080816009007,CERRO PEÑÓN,2,BARRIO COMPLETO
08,08,16,009,008,080816009008,CHIVO CHIVO,3,BARRIO PARTE
08,08,16,009,010,080816009010,EL PEÑÓN,2,BARRIO COMPLETO
08,08,16,009,011,080816009011,EL VALLECITO,2,BARRIO COMPLETO
08,08,16,009,015,080816009015,LAS CUMBRES,2,BARRIO COMPLETO
08,08,16,009,017,080816009017,LAS GLORIETAS,2,BARRIO COMPLETO
08,08,16,009,018,080816009018,LAS LAJAS,1,CABECERA
08,08,16,009,019,080816009019,LUCHA FRANCO CENTRO,2,BARRIO COMPLETO
08,08,16,009,020,080816009020,LUCHA FRANCO NORTE,2,BARRIO COMPLETO
08,08,16,009,021,080816009021,LUCHA FRANCO SUR,2,BARRIO COMPLETO
08,08,16,009,022,080816009022,MILLA 9,3,BARRIO PARTE
08,08,16,009,023,080816009023,NUEVA UNIÓN VERAGÜENSE,2,BARRIO COMPLETO
08,08,16,009,024,080816009024,NUEVO SITIO EL CARMEN,2,BARRIO COMPLETO
08,08,16,009,025,080816009025,SANTA LIBRADA RURAL,2,BARRIO COMPLETO
08,08,16,009,028,080816009028,VILLA CÁRDENAS,3,BARRIO PARTE
08,08,16,009,029,080816009029,VILLA GRECIA,2,BARRIO COMPLETO
08,08,16,009,030,080816009030,VILLA ZAÍTA,3,BARRIO PARTE
08,08,16,009,034,080816009034,ALTA VISTA,2,BARRIO COMPLETO
08,08,16,009,036,080816009036,BARRIADA 1 DE MAYO,2,BARRIO COMPLETO
08,08,16,009,037,080816009037,BARRIADA 12 DE JULIO,2,BARRIO COMPLETO
08,08,16,009,039,080816009039,COLONIAL LAS CUMBRES,2,BARRIO COMPLETO
08,08,16,009,041,080816009041,LA ESPERANZA,2,BARRIO COMPLETO
08,08,16,009,042,080816009042,LAS CUMBRES HEIGHTS,2,BARRIO COMPLETO
08,08,16,009,045,080816009045,LUCHA FRANCO,2,BARRIO COMPLETO
08,08,16,009,046,080816009046,NAOS ALTOS DE LAS CUMBRES,2,BARRIO COMPLETO
08,08,16,009,051,080816009051,SAN JOSÉ,2,BARRIO COMPLETO
08,08,16,009,052,080816009052,SAN PABLO,2,BARRIO COMPLETO
08,08,16,009,054,080816009054,URBANIZACIÓN BRISAS DE SAN PABLO,2,BARRIO COMPLETO
08,08,16,009,056,080816009056,SANTA MÓNICA,2,BARRIO COMPLETO
08,08,16,009,057,080816009057,URBANIZACIÓN SAN ANDRÉS,2,BARRIO COMPLETO
08,08,16,009,058,080816009058,URBANIZACIÓN VILLA BELLA,2,BARRIO COMPLETO
08,08,16,009,059,080816009059,VALLE VERDE,2,BARRIO COMPLETO
08,08,16,009,062,080816009062,VILLA ATENAS,2,BARRIO COMPLETO
08,08,16,009,063,080816009063,VILLA DE LAS FLORES,2,BARRIO COMPLETO
08,08,16,009,066,080816009066,VILLA MALCONE,2,BARRIO COMPLETO
08,08,16,009,067,080816009067,VILLA NUEVA,2,BARRIO COMPLETO
08,08,16,009,071,080816009071,EL TECAL,2,BARRIO COMPLETO
08,08,16,009,072,080816009072,URBANIZACIÓN COLONIA SAN JOSÉ,2,BARRIO COMPLETO
08,08,16,009,073,080816009073,URBANIZACIÓN VILLAS DEL LAGO,2,BARRIO COMPLETO
08,08,16,009,074,080816009074,PATRIA NUEVA,2,BARRIO COMPLETO
08,08,16,009,075,080816009075,ALTOS DEL MILAGRO,2,BARRIO COMPLETO
08,08,16,009,076,080816009076,ALTOS DE LA ESPERANZA,2,BARRIO COMPLETO
08,08,16,009,077,080816009077,VILLA SUIRA,2,BARRIO COMPLETO
08,08,16,009,078,080816009078,ALTOS DE SAN PABLO,2,BARRIO COMPLETO
08,08,16,009,079,080816009079,ALTOS DE VILLA GRECIA,2,BARRIO COMPLETO
08,08,16,009,081,080816009081,ALTOS DEL ALFARERO,2,BARRIO COMPLETO
08,08,16,009,082,080816009082,PRADERAS DEL NORTE,3,BARRIO PARTE
08,08,16,009,083,080816009083,SUMMER VILLAGE,2,BARRIO COMPLETO
08,08,16,009,084,080816009084,CRUCE DE VICTORIA,2,BARRIO COMPLETO
08,08,16,009,085,080816009085,LA PAZ,2,BARRIO COMPLETO
08,08,16,009,086,080816009086,TIERRA DE CANAÁN,2,BARRIO COMPLETO
08,08,16,009,087,080816009087,ALAMEDAS DE VILLA GRECIA,2,BARRIO COMPLETO
08,08,17,006,001,080817006001,CABRA NO.1,2,BARRIO COMPLETO
08,08,17,029,001,080817029001,LOS LOTES,2,BARRIO COMPLETO
08,08,17,029,002,080817029002,CASTILLA REAL I,2,BARRIO COMPLETO
08,08,17,029,003,080817029003,CASTILLA REAL II,2,BARRIO COMPLETO
08,08,17,029,004,080817029004,RESIDENCIAL COLINAS DEL ESTE,2,BARRIO COMPLETO
08,08,17,029,005,080817029005,CASTILLA REAL IV,2,BARRIO COMPLETO
08,08,17,035,002,080817035002,ENTRADA A PACORA,2,BARRIO COMPLETO
08,08,17,035,003,080817035003,INMACULADA CONCEPCIÓN,2,BARRIO COMPLETO
08,08,17,035,004,080817035004,LOS ÁNGELES,2,BARRIO COMPLETO
08,08,17,035,005,080817035005,PACORA,2,BARRIO COMPLETO
08,08,17,035,006,080817035006,JUVENTUD ROSALES,2,BARRIO COMPLETO
08,08,17,035,007,080817035007,LAS COLINAS DE PACORA,2,BARRIO COMPLETO
08,08,17,035,008,080817035008,ÁNGEL GUARDIÁN,2,BARRIO COMPLETO
08,08,17,035,009,080817035009,ALAMEDAS DE PACORA,2,BARRIO COMPLETO
08,08,17,035,010,080817035010,VILLAS PACORA RIVER,2,BARRIO COMPLETO
08,08,17,072,001,080817072001,BARRIADA ARNULFO ARIAS MADRID,2,BARRIO COMPLETO
08,08,17,074,001,080817074001,BARRIADA CAMINOS DE OMAR,2,BARRIO COMPLETO
08,08,17,085,001,080817085001,RESIDENCIAL LOS PORTALES,2,BARRIO COMPLETO
08,08,17,087,001,080817087001,BARRIADA SAN JUAN,2,BARRIO COMPLETO
08,08,17,087,002,080817087002,CIUDAD PARQUE DE SAN JUAN,2,BARRIO COMPLETO
08,08,17,087,003,080817087003,LAS CORONAS DE SAN JUAN,2,BARRIO COMPLETO
08,08,17,089,001,080817089001,RESIDENCIAL SANTA ISABEL,2,BARRIO COMPLETO
08,08,17,089,002,080817089002,MIRADOR DEL BOSQUE,2,BARRIO COMPLETO
08,08,17,089,003,080817089003,BRISAS DEL MIRADOR I,2,BARRIO COMPLETO
08,08,17,089,004,080817089004,ALTOS DE AZUL,2,BARRIO COMPLETO
08,08,17,089,005,080817089005,BRISAS DEL MIRADOR II,2,BARRIO COMPLETO
08,08,17,089,006,080817089006,BRISAS DEL MIRADOR III,2,BARRIO COMPLETO
08,08,17,089,007,080817089007,BRISAS DEL MIRADOR DELUXE I,2,BARRIO COMPLETO
08,08,17,089,008,080817089008,BRISAS DEL MIRADOR DELUXE II,2,BARRIO COMPLETO
08,08,17,098,001,080817098001,RESIDENCIAL EL TRÉBOL,2,BARRIO COMPLETO
08,08,17,098,002,080817098002,EL TRÉBOL NO.1,2,BARRIO COMPLETO
08,08,17,098,003,080817098003,EL TRÉBOL NO.2,2,BARRIO COMPLETO
08,08,17,099,001,080817099001,RESIDENCIAL LOS JARDINES,2,BARRIO COMPLETO
08,08,17,099,002,080817099002,RESIDENCIAL LOS JARDINES II,2,BARRIO COMPLETO
08,08,17,099,003,080817099003,RESIDENCIAL LOS JARDINES III,2,BARRIO COMPLETO
08,08,17,100,001,080817100001,RESIDENCIAL SANTA RITA,2,BARRIO COMPLETO
08,08,17,100,002,080817100002,VILLAS DE SANTA RITA,2,BARRIO COMPLETO
08,08,17,100,003,080817100003,RESIDENCIAL SANTA RITA II,2,BARRIO COMPLETO
08,08,17,100,004,080817100004,RESIDENCIAL SANTA SOFÍA,2,BARRIO COMPLETO
08,08,17,100,005,080817100005,URBANIZACIÓN ALTOS DE SANTA RITA,2,BARRIO COMPLETO
08,08,17,101,001,080817101001,URBANIZACIÓN ALTO DE COLINAS CAMPESTRES,2,BARRIO COMPLETO
08,08,17,102,001,080817102001,URBANIZACIÓN SANTA CLARA,2,BARRIO COMPLETO
08,08,17,103,001,080817103001,URBANIZACIÓN CONDADO REAL,2,BARRIO COMPLETO
08,08,17,110,001,080817110001,PUERTAS DE CAPELA,2,BARRIO COMPLETO
08,08,17,110,002,080817110002,PUERTAS DE COMPOSTELA,2,BARRIO COMPLETO
08,08,17,110,003,080817110003,PUERTAS DE VILLALBA,2,BARRIO COMPLETO
08,08,17,110,004,080817110004,PONTEVEDRA,2,BARRIO COMPLETO
08,08,19,001,001,080819001001,CIUDAD BELÉN,2,BARRIO COMPLETO
08,08,19,001,002,080819001002,BARRIADA JORGE ILLUECA,2,BARRIO COMPLETO
08,08,19,001,003,080819001003,NUEVO BELÉN,2,BARRIO COMPLETO
08,08,19,001,004,080819001004,BARRIADA EL TRIUNFADOR,2,BARRIO COMPLETO
08,08,19,001,005,080819001005,BARRIADA SANTA EDUVIGES,2,BARRIO COMPLETO
08,08,19,001,006,080819001006,BARRIADA SANTA TERESITA,2,BARRIO COMPLETO
08,08,19,001,007,080819001007,BELÉN,2,BARRIO COMPLETO
08,08,19,001,008,080819001008,VILLA BELÉN,2,BARRIO COMPLETO
08,08,19,001,009,080819001009,BARRIADA PUNTA DEL ESTE,2,BARRIO COMPLETO
08,08,19,001,010,080819001010,URBANIZACIÓN TORRE MOLINOS,2,BARRIO COMPLETO
08,08,19,001,011,080819001011,BARRIADA PUERTA DEL ESTE,2,BARRIO COMPLETO
08,08,19,001,012,080819001012,VILLAS DE SANTA BÁRBARA,2,BARRIO COMPLETO
08,08,19,011,001,080819011001,ALTOS DEL LAGO O CEREMI,2,BARRIO COMPLETO
08,08,19,011,002,080819011002,BRISAS DEL RÍO,2,BARRIO COMPLETO
08,08,19,011,003,080819011003,CABUYA,2,BARRIO COMPLETO
08,08,19,011,004,080819011004,16 DE DICIEMBRE,2,BARRIO COMPLETO
08,08,19,011,005,080819011005,EL PROGRESO,2,BARRIO COMPLETO
08,08,19,011,006,080819011006,BARRIADA EMANUEL,2,BARRIO COMPLETO
08,08,19,011,007,080819011007,LA SIESTA,2,BARRIO COMPLETO
08,08,19,011,008,080819011008,NUEVA BARRIADA,2,BARRIO COMPLETO
08,08,19,011,009,080819011009,NUEVA ESPERANZA,2,BARRIO COMPLETO
08,08,19,011,010,080819011010,SAN ANTONIO,2,BARRIO COMPLETO
08,08,19,011,011,080819011011,SANTA ELENA,2,BARRIO COMPLETO
08,08,19,011,012,080819011012,TOCUMEN SECTOR SUR,2,BARRIO COMPLETO
08,08,19,011,013,080819011013,VILLA LOCHÍN,2,BARRIO COMPLETO
08,08,19,011,014,080819011014,VICTORIANO LORENZO,2,BARRIO COMPLETO
08,08,19,011,015,080819011015,ALTOS DE VILLA MARTA,2,BARRIO COMPLETO
08,08,19,011,016,080819011016,ALTOS DEL TOCUMEN III,2,BARRIO COMPLETO
08,08,19,011,017,080819011017,LA ALBORADA,2,BARRIO COMPLETO
08,08,19,011,018,080819011018,BARRIADA ALTOS DE TOCUMEN,2,BARRIO COMPLETO
08,08,19,011,019,080819011019,LA CANDELARIA,2,BARRIO COMPLETO
08,08,19,011,021,080819011021,LOS PILONES,2,BARRIO COMPLETO
08,08,19,011,022,080819011022,PANTANAL,2,BARRIO COMPLETO
08,08,19,011,023,080819011023,URBANIZACIÓN VILLA MARTA,2,BARRIO COMPLETO
08,08,19,011,024,080819011024,DOS RÍOS,2,BARRIO COMPLETO
08,08,19,011,025,080819011025,RESIDENCIAL EL LAGO,2,BARRIO COMPLETO
08,08,19,011,026,080819011026,URBANIZACIÓN LA SIESTA,2,BARRIO COMPLETO
08,08,19,011,027,080819011027,BARRIADA BUENA VISTA,2,BARRIO COMPLETO
08,08,19,011,028,080819011028,VILLA DE LA SIESTA,2,BARRIO COMPLETO
08,08,19,011,029,080819011029,TOCUMEN,2,BARRIO COMPLETO
08,08,19,011,030,080819011030,HACIENDA SANTA FE,2,BARRIO COMPLETO
08,08,19,011,031,080819011031,PARQUE DE SANTA LUCÍA,2,BARRIO COMPLETO
08,08,19,011,032,080819011032,BARRIADA BRISAS DEL LAGO,2,BARRIO COMPLETO
08,08,19,011,033,080819011033,ALTOS DEL ESTE,2,BARRIO COMPLETO
08,08,19,011,034,080819011034,RESERVA SANTA FE,2,BARRIO COMPLETO
08,08,20,002,001,080820002001,CIUDAD JARDÍN LAS MAÑANITAS,2,BARRIO COMPLETO
08,08,20,002,002,080820002002,LAS MAÑANITAS,2,BARRIO COMPLETO
08,08,20,002,003,080820002003,ASENTAMIENTOS CAMPESINOS,2,BARRIO COMPLETO
08,08,20,002,004,080820002004,BARRIADA VILLA OTI,2,BARRIO COMPLETO
08,08,20,002,005,080820002005,BARRIADA NUEVO AMANECER,2,BARRIO COMPLETO
08,08,20,002,006,080820002006,EL VALLE DE LA PRIMAVERA,2,BARRIO COMPLETO
08,08,20,002,007,080820002007,LA ESPERANZA,2,BARRIO COMPLETO
08,08,20,002,008,080820002008,LA PRIMAVERA,2,BARRIO COMPLETO
08,08,20,002,009,080820002009,MONTE MARTÍNEZ NO.1,2,BARRIO COMPLETO
08,08,20,002,010,080820002010,MONTE MARTÍNEZ NO.2,2,BARRIO COMPLETO
08,08,20,002,011,080820002011,SAN JOSÉ,2,BARRIO COMPLETO
08,08,20,002,012,080820002012,SAN LORENZO,2,BARRIO COMPLETO
08,08,20,002,013,080820002013,SECTOR NORTE,2,BARRIO COMPLETO
08,08,20,002,014,080820002014,VILLA NAZARENO,2,BARRIO COMPLETO
08,08,20,002,015,080820002015,3 DE MAYO,2,BARRIO COMPLETO
08,08,20,002,016,080820002016,DIVINO NIÑO,2,BARRIO COMPLETO
08,08,20,002,017,080820002017,LA UNIÓN,2,BARRIO COMPLETO
08,08,20,002,018,080820002018,8 DE SEPTIEMBRE,2,BARRIO COMPLETO
08,08,20,002,019,080820002019,JARDINES DEL ESTE,2,BARRIO COMPLETO
08,08,20,002,020,080820002020,P.H. HACIENDA DEL ESTE,2,BARRIO COMPLETO
08,08,20,003,001,080820003001,BARRIADA GÉNESIS,2,BARRIO COMPLETO
08,08,20,003,002,080820003002,BARRIADA VILLA DE AMOR,2,BARRIO COMPLETO
08,08,20,003,003,080820003003,BARRIADA 16 DE JULIO,2,BARRIO COMPLETO
08,08,20,003,004,080820003004,ALTOS DE GÉNESIS,2,BARRIO COMPLETO
08,08,20,004,001,080820004001,RESIDENCIAL LAS AMÉRICAS,2,BARRIO COMPLETO
08,08,20,006,001,080820006001,BARRIADA LOS NOGALES,2,BARRIO COMPLETO
08,08,20,006,002,080820006002,PARQUE DE ALICANTE,2,BARRIO COMPLETO
08,08,20,006,003,080820006003,BARRIADA LOS NOGALES II,2,BARRIO COMPLETO
08,08,20,006,004,080820006004,P.H. FILIA,2,BARRIO COMPLETO
08,08,20,007,001,080820007001,URBANIZACIÓN PARQUE REAL,2,BARRIO COMPLETO
08,08,20,010,001,080820010001,BARRIADA SANTA MÓNICA,2,BARRIO COMPLETO
08,08,20,012,001,080820012001,BARRIADA TAPIA,2,BARRIO COMPLETO
08,08,20,012,002,080820012002,VILLA DANIELA,2,BARRIO COMPLETO
08,08,21,004,001,080821004001,ALTO DE CABUYA O CABUYITA,2,BARRIO COMPLETO
08,08,21,004,002,080821004002,EL VALLE DE CERRO AZUL,2,BARRIO COMPLETO
08,08,21,006,001,080821006001,FELIPILLO,2,BARRIO COMPLETO
08,08,21,006,002,080821006002,LOS LLANOS,2,BARRIO COMPLETO
08,08,21,007,001,080821007001,MONTE RICO,2,BARRIO COMPLETO
08,08,21,007,002,080821007002,URBANIZACIÓN LOS DURAZNOS,2,BARRIO COMPLETO
08,08,21,007,003,080821007003,VISTA DE VALLE AZUL,2,BARRIO COMPLETO
08,08,21,007,004,080821007004,MONTERRICO HILLS NO.2,2,BARRIO COMPLETO
08,08,21,008,001,080821008001,NUEVA ESPERANZA,2,BARRIO COMPLETO
08,08,21,008,002,080821008002,SECTOR EL BAJO,2,BARRIO COMPLETO
08,08,21,008,003,080821008003,NUEVO PROGRESO,2,BARRIO COMPLETO
08,08,21,009,001,080821009001,URBANIZACIÓN NUEVO TOCUMEN,2,BARRIO COMPLETO
08,08,21,009,002,080821009002,LOS CÁNTAROS,2,BARRIO COMPLETO
08,08,21,009,003,080821009003,ALTOS DEL ÁNGEL,2,BARRIO COMPLETO
08,08,21,009,004,080821009004,VILLA PACÍFICA,2,BARRIO COMPLETO
08,08,21,012,001,080821012001,BARRIADA RUBÉN DARIO PAREDES,2,BARRIO COMPLETO
08,08,21,012,002,080821012002,BARRIADA RUBÉN DARIO PAREDES NO.1,2,BARRIO COMPLETO
08,08,21,013,001,080821013001,VISTA HERMOSA,2,BARRIO COMPLETO
08,08,21,013,002,080821013002,URBANIZACIÓN VILLA AURORA,2,BARRIO COMPLETO
08,08,21,013,003,080821013003,VILLAS DE ALTAMIRA,2,BARRIO COMPLETO
08,08,21,014,001,080821014001,BARRIADA 24 DE DICIEMBRE,2,BARRIO COMPLETO
08,08,21,014,002,080821014002,CIUDAD DE DIOS,2,BARRIO COMPLETO
08,08,21,021,001,080821021001,P.H. MONTE BELLO,2,BARRIO COMPLETO
08,08,21,021,002,080821021002,RESIDENCIAL PALO ALTO,2,BARRIO COMPLETO
08,08,21,021,003,080821021003,RESIDENCIAL VERONA,2,BARRIO COMPLETO
08,08,21,021,004,080821021004,P.H. VALLEJO,2,BARRIO COMPLETO
08,08,21,021,005,080821021005,P.H. PALERMO,2,BARRIO COMPLETO
08,08,22,001,001,080822001001,ALCALDE DÍAZ,2,BARRIO COMPLETO
08,08,22,001,002,080822001002,BARRIADA LA PROVIDENCIA,2,BARRIO COMPLETO
08,08,22,001,003,080822001003,BARRIADA MONTERREY,2,BARRIO COMPLETO
08,08,22,001,004,080822001004,LAS MALVINAS,2,BARRIO COMPLETO
08,08,22,001,005,080822001005,MONJE,2,BARRIO COMPLETO
08,08,22,001,006,080822001006,URBANIZACIÓN CIUDAD BOLÍVAR,2,BARRIO COMPLETO
08,08,22,001,007,080822001007,BARRIADA 11 DE OCTUBRE,2,BARRIO COMPLETO
08,08,22,001,008,080822001008,"PROYECTO ""K""",2,BARRIO COMPLETO
08,08,22,001,009,080822001009,QUEBRADA ANCHA,3,BARRIO PARTE
08,08,22,001,010,080822001010,VILLA LAS CUMBRES,2,BARRIO COMPLETO
08,08,22,001,011,080822001011,VILLA VICTORIA,2,BARRIO COMPLETO
08,08,22,001,012,080822001012,BARRIADA VILLA BOLIVARIANA,2,BARRIO COMPLETO
08,08,22,001,013,080822001013,8 DE FEBRERO,2,BARRIO COMPLETO
08,08,22,001,014,080822001014,LA PROSPERIDAD,2,BARRIO COMPLETO
08,08,22,004,001,080822004001,LA CABIMA,2,BARRIO COMPLETO
08,08,22,004,002,080822004002,MARÍA HENRÍQUEZ,2,BARRIO COMPLETO
08,08,22,004,003,080822004003,ALTOS DE LA CALZADA,2,BARRIO COMPLETO
08,08,22,004,004,080822004004,HATO AZUL,2,BARRIO COMPLETO
08,08,22,004,005,080822004005,LAS CUMBRES DEL ESTE,2,BARRIO COMPLETO
08,08,22,004,006,080822004006,LAS CUMBRES DEL ESTE NO.2,2,BARRIO COMPLETO
08,08,22,004,007,080822004007,PASO DE LAS CAMELIAS,2,BARRIO COMPLETO
08,08,22,004,008,080822004008,URBANIZACIÓN SANTA TERESA,2,BARRIO COMPLETO
08,08,22,004,009,080822004009,VILLA ACUARIO,2,BARRIO COMPLETO
08,08,22,004,010,080822004010,COLINAS DE LAS CUMBRES,2,BARRIO COMPLETO
08,08,22,004,011,080822004011,LA ALAMEDA,2,BARRIO COMPLETO
08,08,22,006,001,080822006001,RESIDENCIAL MONSERRAT,2,BARRIO COMPLETO
08,08,22,006,002,080822006002,VILLA FLORA,2,BARRIO COMPLETO
08,08,22,006,003,080822006003,LOS VERDES,3,BARRIO PARTE
08,08,22,008,001,080822008001,SAN FRANCISCO DE PADUA O EL CHUNGAL,2,BARRIO COMPLETO
08,08,22,008,002,080822008002,BARRIADA MARÍA LUISA,2,BARRIO COMPLETO
08,08,22,008,003,080822008003,PALMERAS DE SAN LORENZO,2,BARRIO COMPLETO
08,08,22,008,004,080822008004,BRISAS DEL CHUNGAL,2,BARRIO COMPLETO
08,08,22,008,005,080822008005,CIUDAD 22,2,BARRIO COMPLETO
08,08,22,008,006,080822008006,VALPARAISO,2,BARRIO COMPLETO
08,08,22,008,007,080822008007,LA TORMENTA,2,BARRIO COMPLETO
08,08,22,012,001,080822012001,COLINAS DEL LAGO,3,BARRIO PARTE
08,08,22,012,002,080822012002,CUMBRES DEL NORTE,2,BARRIO COMPLETO
08,08,22,012,003,080822012003,P.H. CUMBRES DEL LAGO,2,BARRIO COMPLETO
08,08,23,002,001,080823002001,ALTOS DEL LIRIO,2,BARRIO COMPLETO
08,08,23,002,002,080823002002,BARRIADA SUNTRACS,2,BARRIO COMPLETO
08,08,23,002,003,080823002003,CHANNEL,2,BARRIO COMPLETO
08,08,23,002,004,080823002004,EDGARDO VERNAZA,2,BARRIO COMPLETO
08,08,23,002,005,080823002005,EL COLMENAR,2,BARRIO COMPLETO
08,08,23,002,006,080823002006,LA PRIMAVERA,2,BARRIO COMPLETO
08,08,23,002,007,080823002007,NUEVA LIBIA,2,BARRIO COMPLETO
08,08,23,002,008,080823002008,NUEVO GONZALILLO,2,BARRIO COMPLETO
08,08,23,002,009,080823002009,NUEVO PROGRESO,2,BARRIO COMPLETO
08,08,23,002,010,080823002010,VILLA MARÍA,2,BARRIO COMPLETO
08,08,23,002,011,080823002011,VILLA MILAGROS,2,BARRIO COMPLETO
08,08,23,002,012,080823002012,EL PROGRESO,2,BARRIO COMPLETO
08,08,23,002,013,080823002013,TIERRA PROMETIDA,2,BARRIO COMPLETO
08,08,23,002,014,080823002014,NUEVA ESPERANZA,2,BARRIO COMPLETO
08,08,23,004,001,080823004001,GONZALILLO,2,BARRIO COMPLETO
08,08,23,005,001,080823005001,BARRIADA SANTA LIBRADA,3,BARRIO PARTE
08,08,23,005,002,080823005002,LOS CIPRESES,2,BARRIO COMPLETO
08,08,23,005,003,080823005003,ALTOS DE LA ROTONDA,2,BARRIO COMPLETO
08,08,23,005,004,080823005004,COLINAS DEL ROCÍO,2,BARRIO COMPLETO
08,08,23,005,005,080823005005,LAS CUMBRES RURAL,2,BARRIO COMPLETO
08,08,23,005,006,080823005006,MILLA 9,3,BARRIO PARTE
08,08,23,005,008,080823005008,VILLA CAMPESTRE,2,BARRIO COMPLETO
08,08,23,005,009,080823005009,VILLA ZAÍTA,4,CABECERA PARTE (Mixto)
08,08,23,005,010,080823005010,VILLA ZAÍTA O SITIO PEDRO GOITIA,2,BARRIO COMPLETO
08,08,23,005,011,080823005011,ALTOS DE LAS CUMBRES,2,BARRIO COMPLETO
08,08,23,005,012,080823005012,ALTOS DE LAS LOMAS,2,BARRIO COMPLETO
08,08,23,005,013,080823005013,REPARTO VENETTO,2,BARRIO COMPLETO
08,08,23,005,014,080823005014,CIUDAD SAN LORENZO,2,BARRIO COMPLETO
08,08,23,005,015,080823005015,LAS PRADERAS DEL ROCÍO,2,BARRIO COMPLETO
08,08,23,005,016,080823005016,LOS VERDES,3,BARRIO PARTE
08,08,23,005,017,080823005017,RESIDENCIAL PORTOFINO,2,BARRIO COMPLETO
08,08,23,005,018,080823005018,RESIDENCIAL ALAMBRA,2,BARRIO COMPLETO
08,08,23,005,019,080823005019,RESIDENCIAL ALTOS DE LA ROTONDA,2,BARRIO COMPLETO
08,08,23,005,020,080823005020,SANTA RITA,2,BARRIO COMPLETO
08,08,23,005,021,080823005021,VILLA ALPINA,2,BARRIO COMPLETO
08,08,23,005,022,080823005022,VILLA ALPINA FINAL,2,BARRIO COMPLETO
08,08,23,005,023,080823005023,URBANIZACIÓN POSADA DEL ROBLE,2,BARRIO COMPLETO
08,08,23,005,024,080823005024,RESIDENCIAL PALMAS DE MALLORCA,2,BARRIO COMPLETO
08,08,23,005,025,080823005025,URBANIZACIÓN LOUIS MARTINZ,2,BARRIO COMPLETO
08,08,23,005,026,080823005026,URBANIZACIÓN PRINCESA DE GALES,2,BARRIO COMPLETO
08,08,23,005,027,080823005027,EL ROCÍO,2,BARRIO COMPLETO
08,08,23,005,028,080823005028,VILLAS DEL ROCÍO,2,BARRIO COMPLETO
08,08,23,005,029,080823005029,RESIDENCIAL FONTAINBLEU VILLAGE,2,BARRIO COMPLETO
08,08,23,005,031,080823005031,VILLAS DEL PRADO,2,BARRIO COMPLETO
08,08,23,005,032,080823005032,RESIDENCIAL VILLA SERENA,2,BARRIO COMPLETO
08,08,23,005,033,080823005033,ALTOS DE VILLA ZAÍTA,2,BARRIO COMPLETO
08,08,23,005,034,080823005034,SAN MARINO,2,BARRIO COMPLETO
08,08,23,005,035,080823005035,RESIDENCIAL PALMAS BELLAS,2,BARRIO COMPLETO
08,08,23,005,036,080823005036,CASA REAL,2,BARRIO COMPLETO
08,08,23,005,037,080823005037,URBANIZACIÓN JARDINES DE SEVILLA,2,BARRIO COMPLETO
08,08,23,005,038,080823005038,VISTAS DEL ROCÍO,2,BARRIO COMPLETO
08,08,23,005,039,080823005039,LA ALEGRÍA,2,BARRIO COMPLETO
08,08,23,005,040,080823005040,URBANIZACIÓN QUINTAS REALES,2,BARRIO COMPLETO
08,08,23,005,042,080823005042,PLAZA DEL ROCIO,2,BARRIO COMPLETO
08,08,23,005,043,080823005043,RESIDENCIAL LA RESERVA,2,BARRIO COMPLETO
08,08,23,005,044,080823005044,P.H. EMERALD VILLAGE,2,BARRIO COMPLETO
08,08,23,005,045,080823005045,BARRIADA QUINTAS REALES,2,BARRIO COMPLETO
08,08,23,005,046,080823005046,BARRIADA VILLA MAGNA,2,BARRIO COMPLETO
08,08,23,005,047,080823005047,RESIDENCIAL LOS LAURELES,2,BARRIO COMPLETO
08,08,23,005,048,080823005048,RESIDENCIAL VILLA FLORENCE,2,BARRIO COMPLETO
08,08,23,005,049,080823005049,RESIDENCIAL VILLA MIRAMAR,2,BARRIO COMPLETO
08,08,23,005,050,080823005050,RESIDENCIAL PLAZA VALENCIA,2,BARRIO COMPLETO
08,08,23,005,051,080823005051,REPARTO PORTOFINO,2,BARRIO COMPLETO
08,08,23,007,001,080823007001,MIRADOR DEL LAGO,2,BARRIO COMPLETO
08,08,23,007,002,080823007002,QUINTAS DEL LAGO,2,BARRIO COMPLETO
08,08,23,007,003,080823007003,VALLES DEL LAGO,2,BARRIO COMPLETO
08,08,23,007,004,080823007004,BRISAS DEL LAGO,2,BARRIO COMPLETO
08,08,23,007,005,080823007005,COLINAS DEL LAGO,3,BARRIO PARTE
08,08,23,007,006,080823007006,LAGOS DEL NORTE,2,BARRIO COMPLETO
08,08,23,007,007,080823007007,VISTAS DEL LAGO,2,BARRIO COMPLETO
08,08,23,008,001,080823008001,EVEREST,2,BARRIO COMPLETO
08,08,23,008,002,080823008002,ALPES NORTE,2,BARRIO COMPLETO
08,08,23,008,003,080823008003,AUGUSTA,2,BARRIO COMPLETO
08,08,23,008,004,080823008004,VICTORIA,2,BARRIO COMPLETO
08,08,23,008,005,080823008005,SIERRA NEVADA,2,BARRIO COMPLETO
08,08,23,008,006,080823008006,OLYMPUS,2,BARRIO COMPLETO
08,08,23,008,007,080823008007,MONT BLANC,2,BARRIO COMPLETO
08,08,23,009,001,080823009001,AVENTURA,2,BARRIO COMPLETO
08,08,23,009,002,080823009002,VALLARTA,2,BARRIO COMPLETO
08,08,23,010,001,080823010001,RIVERWALK VILLAS,2,BARRIO COMPLETO
08,08,24,013,001,080824013001,BARRIADA LOS PINOS,2,BARRIO COMPLETO
08,08,24,013,002,080824013002,CAIMITILLO,2,BARRIO COMPLETO
08,08,24,013,003,080824013003,CAIMITILLO CENTRO,2,BARRIO COMPLETO
08,08,24,013,004,080824013004,EL LAGUITO,2,BARRIO COMPLETO
08,08,24,013,005,080824013005,GUARUMAL,2,BARRIO COMPLETO
08,08,24,013,006,080824013006,NUEVO JERUSALÉN,2,BARRIO COMPLETO
08,08,24,013,007,080824013007,NUEVO MÉXICO NO.1,2,BARRIO COMPLETO
08,08,24,013,008,080824013008,NUEVO MÉXICO NO.2,2,BARRIO COMPLETO
08,08,24,013,009,080824013009,SAN ANTONIO,2,BARRIO COMPLETO
08,08,24,013,010,080824013010,VILLA ECOLÓGICA,2,BARRIO COMPLETO
08,08,24,013,011,080824013011,LOS BENDECIDOS,2,BARRIO COMPLETO
08,08,24,019,001,080824019001,CIUDAD EL AMANECER,2,BARRIO COMPLETO
08,08,24,019,002,080824019002,ALTOS DE LAS CUMBRES,2,BARRIO COMPLETO
08,08,24,035,001,080824035001,LAS PRADERAS DE SAN LORENZO,2,BARRIO COMPLETO
08,08,24,060,001,080824060001,URBANIZACIÓN SAN LORENZO,2,BARRIO COMPLETO
08,08,24,064,001,080824064001,CUMBRE AZUL,2,BARRIO COMPLETO
08,08,24,064,002,080824064002,VILLAS DE CUMBRE AZUL,2,BARRIO COMPLETO
08,08,25,001,001,080825001001,BARRIADA ARNULFO ESCALONA,2,BARRIO COMPLETO
08,08,25,001,002,080825001002,BARRIADA BRISAS DEL RÍO,2,BARRIO COMPLETO
08,08,25,001,003,080825001003,BARRIADA EL NAZARENO,2,BARRIO COMPLETO
08,08,25,001,004,080825001004,BARRIADA HUGO ESPADAFORA,1,CABECERA
08,08,25,001,005,080825001005,BARRIADA LA VIRGEN DE LA CANDELARIA,2,BARRIO COMPLETO
08,08,25,001,006,080825001006,BARRIADA MIREYA,2,BARRIO COMPLETO
08,08,25,001,007,080825001007,BARRIADA 4 DE NOVIEMBRE,2,BARRIO COMPLETO
08,08,25,001,008,080825001008,BARRIADA 8 DE DICIEMBRE,2,BARRIO COMPLETO
08,08,25,001,009,080825001009,BARRIADA BALBINA,2,BARRIO COMPLETO
08,08,25,001,010,080825001010,URBANIZACIÓN LAS GARZAS,2,BARRIO COMPLETO
08,08,25,001,011,080825001011,URBANIZACIÓN LAS GARZAS NO.2,2,BARRIO COMPLETO
08,08,25,001,012,080825001012,BRISAS DE ISRAEL,2,BARRIO COMPLETO
08,08,25,001,013,080825001013,CIUDAD DE DIOS,2,BARRIO COMPLETO
08,08,25,001,014,080825001014,NUEVO RENACIMIENTO,2,BARRIO COMPLETO
08,08,25,001,015,080825001015,PACORA GARDENS,2,BARRIO COMPLETO
08,08,25,001,016,080825001016,VILLA ESTHER,2,BARRIO COMPLETO
08,08,25,008,001,080825008001,LAS GARZAS,2,BARRIO COMPLETO
08,08,25,010,001,080825010001,LOS LAGOS,2,BARRIO COMPLETO
08,08,25,010,002,080825010002,BRISAS DE TANARA,2,BARRIO COMPLETO
08,08,25,010,003,080825010003,LOS BOSQUES DE PACORA I,2,BARRIO COMPLETO
08,08,25,010,004,080825010004,LOS BOSQUES DE PACORA II,2,BARRIO COMPLETO
08,08,25,012,001,080825012001,PASO BLANCO,2,BARRIO COMPLETO
08,08,25,012,002,080825012002,ALTOS DE PASO BLANCO,2,BARRIO COMPLETO
08,08,25,012,003,080825012003,DOS MARES,2,BARRIO COMPLETO
08,08,25,012,004,080825012004,LA BENDICIÓN,2,BARRIO COMPLETO
08,08,25,013,001,080825013001,ALTO DE LAS TORRES,2,BARRIO COMPLETO
08,08,25,013,002,080825013002,LAGOS DEL NARANJAL,2,BARRIO COMPLETO
08,08,25,013,003,080825013003,PASO BLANCO NO.2,2,BARRIO COMPLETO
08,08,25,013,004,080825013004,SAN FRANCISCO,2,BARRIO COMPLETO
08,08,25,013,005,080825013005,EBEN EZER,2,BARRIO COMPLETO
08,08,25,013,006,080825013006,PASO BLANCO NO.3,2,BARRIO COMPLETO
08,08,25,013,007,080825013007,SAN PATRICIO,2,BARRIO COMPLETO
08,08,25,013,008,080825013008,VILLA CAROLINA,2,BARRIO COMPLETO
08,08,25,013,009,080825013009,URBANIZACIÓN BOSQUES DE LA REINA,2,BARRIO COMPLETO
08,08,25,021,001,080825021001,MONTEMADERO I,2,BARRIO COMPLETO
08,08,25,021,002,080825021002,MONTEMADERO II,2,BARRIO COMPLETO
08,08,25,021,003,080825021003,MONTEMADERO III,2,BARRIO COMPLETO
08,08,25,021,004,080825021004,VIÑEDO,2,BARRIO COMPLETO
08,08,25,021,005,080825021005,MONTEMADERO IV,2,BARRIO COMPLETO
08,08,25,021,006,080825021006,MONTEMADERO V,2,BARRIO COMPLETO
08,08,25,022,001,080825022001,HACIENDAS DE SAN ANTONIO,2,BARRIO COMPLETO
08,08,25,022,002,080825022002,PACORA HOME,2,BARRIO COMPLETO
08,08,25,022,003,080825022003,PACORA PARK,2,BARRIO COMPLETO
08,08,25,022,004,080825022004,PACORA VILLAGE,2,BARRIO COMPLETO
08,08,25,022,005,080825022005,QUINTAS DEL ESTE,2,BARRIO COMPLETO
08,08,25,022,006,080825022006,RESIDENCIAL VILLA BLANCA,2,BARRIO COMPLETO
08,08,25,022,007,080825022007,VILLAS DE SAN JOSÉ,2,BARRIO COMPLETO
08,08,25,022,008,080825022008,HACIENDA DEL PACÍFICO,2,BARRIO COMPLETO
08,08,25,022,009,080825022009,RESIDENCIAL ALBORÁN,2,BARRIO COMPLETO
08,08,25,022,010,080825022010,RESIDENCIAL SIBONEY,2,BARRIO COMPLETO
08,08,25,022,011,080825022011,CIUDAD DEL ESTE,2,BARRIO COMPLETO
08,08,25,022,012,080825022012,RÍO CHICO URBANO,2,BARRIO COMPLETO
08,08,26,001,001,080826001001,URBANIZACIÓN DON BOSCO,2,BARRIO COMPLETO
08,08,26,001,002,080826001002,BELLO HORIZONTE,2,BARRIO COMPLETO
08,08,26,001,003,080826001003,LA PONDEROSA,2,BARRIO COMPLETO
08,08,26,001,004,080826001004,LA RIVIERA,2,BARRIO COMPLETO
08,08,26,001,005,080826001005,RESIDENCIAL MYSTIC VILLAGE,2,BARRIO COMPLETO
08,08,26,001,006,080826001006,URBANIZACIÓN COLONIAS DEL PRADO,2,BARRIO COMPLETO
08,08,26,001,007,080826001007,URBANIZACIÓN DON BOSCO NO.2,2,BARRIO COMPLETO
08,08,26,001,008,080826001008,URBANIZACIÓN LOS CAOBOS,2,BARRIO COMPLETO
08,08,26,001,009,080826001009,URBANIZACIÓN TEREMAR,2,BARRIO COMPLETO
08,08,26,001,010,080826001010,URBANIZACIÓN VILLA DON BOSCO,2,BARRIO COMPLETO
08,08,26,001,011,080826001011,URBANIZACIÓN VILLA LUCIA,2,BARRIO COMPLETO
08,08,26,001,012,080826001012,URBANIZACIÓN VILLAS DEL MEDITERRÁNEO,2,BARRIO COMPLETO
08,08,26,001,013,080826001013,VILLA CATALINA,2,BARRIO COMPLETO
08,08,26,002,001,080826002001,ALTOS DE LAS ACACIAS,2,BARRIO COMPLETO
08,08,26,002,002,080826002002,CANTABRIA,2,BARRIO COMPLETO
08,08,26,002,003,080826002003,QUINTAS DE CANTABRIA,2,BARRIO COMPLETO
08,08,26,002,004,080826002004,QUINTAS DE LAS ACACIAS,2,BARRIO COMPLETO
08,08,26,002,005,080826002005,URBANIZACIÓN ANASA O VILLAS LAS ACACIAS,2,BARRIO COMPLETO
08,08,26,002,006,080826002006,VILLA ALCALÁ,2,BARRIO COMPLETO
08,08,26,002,007,080826002007,VILLAS DE CANTABRIA,2,BARRIO COMPLETO
08,08,26,002,008,080826002008,TORRES DE CANTABRIA,2,BARRIO COMPLETO
08,08,26,003,001,080826003001,P.H. LIRIOS DE COSTA LINDA,2,BARRIO COMPLETO
08,08,26,003,002,080826003002,P.H. ORQUÍDEAS DE COSTA LINDA,2,BARRIO COMPLETO
08,08,26,004,001,080826004001,VILLA SUR,2,BARRIO COMPLETO
08,08,26,004,002,080826004002,COSTA ESMERALDA,2,BARRIO COMPLETO
08,08,26,004,003,080826004003,COSTA SUR VILLAGE,2,BARRIO COMPLETO
08,08,26,004,004,080826004004,COSTAMARE,2,BARRIO COMPLETO
08,08,26,004,005,080826004005,PUERTO JUAN DÍAZ,3,BARRIO PARTE
08,08,26,004,006,080826004006,URBANIZACIÓN EL DORAL,2,BARRIO COMPLETO
08,08,26,004,007,080826004007,URBANIZACIÓN SUNSET COAST,2,BARRIO COMPLETO
08,08,26,004,008,080826004008,URBANIZACIÓN VILLA VALENCIA,2,BARRIO COMPLETO
08,08,26,005,001,080826005001,CONCEPCIÓN MUNICIPAL,3,BARRIO PARTE
08,08,26,005,002,080826005002,NUEVA CONCEPCIÓN,3,BARRIO PARTE
08,08,26,005,003,080826005003,PORTOBELO 5,2,BARRIO COMPLETO
08,08,26,005,004,080826005004,URBANIZACIÓN EL ENCANTO,2,BARRIO COMPLETO
08,08,26,005,005,080826005005,URBANIZACIÓN PEDREGALITO,2,BARRIO COMPLETO
08,08,26,006,001,080826006001,RESIDENCIAL VERSALLES,2,BARRIO COMPLETO
08,08,26,006,002,080826006002,P.H. TORRES DE VERSALLES I,2,BARRIO COMPLETO
08,08,26,006,003,080826006003,P.H. TORRES DE VERSALLES II,2,BARRIO COMPLETO
08,08,26,006,004,080826006004,P.H. TORRES DE VERSALLES III,2,BARRIO COMPLETO
08,08,26,006,005,080826006005,QUINTAS DE VERSALLES,2,BARRIO COMPLETO
08,08,26,006,006,080826006006,RESERVA DE VERSALLES,2,BARRIO COMPLETO
08,08,26,007,001,080826007001,URBANIZACIÓN LOS ROBLES,2,BARRIO COMPLETO
08,08,26,007,002,080826007002,ALTOS DE PLAZA TOCUMEN,2,BARRIO COMPLETO
08,08,26,007,003,080826007003,ALTOS DE PLAZA TOCUMEN II,2,BARRIO COMPLETO
08,08,26,007,004,080826007004,LOS ROBLES SUR,2,BARRIO COMPLETO
08,08,26,007,005,080826007005,TORRES DEL ESTE,2,BARRIO COMPLETO
08,08,26,007,006,080826007006,VILLAS DE ANDALUCÍA,2,BARRIO COMPLETO
08,10,01,002,001,081001002001,PAN DE AZÚCAR,2,BARRIO COMPLETO
08,10,01,002,002,081001002002,ALTOS DEL CRISTO,3,BARRIO PARTE
08,10,01,002,003,081001002003,BARRIADA FÁTIMA,2,BARRIO COMPLETO
08,10,01,002,004,081001002004,GELABERT O EL MARTILLO,3,BARRIO PARTE
08,10,01,002,005,081001002005,LA PARUSÍA,3,BARRIO PARTE
08,10,01,002,006,081001002006,NUEVO VERANILLO,3,BARRIO PARTE
08,10,01,002,007,081001002007,SAN JOSÉ,3,BARRIO PARTE
08,10,01,003,001,081001003001,ALTOS DE PANAMÁ,2,BARRIO COMPLETO
08,10,01,003,002,081001003002,CASTILLA DE ORO,2,BARRIO COMPLETO
08,10,01,003,003,081001003003,COLINAS DE SANTA BÁRBARA,2,BARRIO COMPLETO
08,10,01,003,004,081001003004,URBANIZACIÓN FUENTE DEL FRESNO,2,BARRIO COMPLETO
08,10,01,004,001,081001004001,ALTOS DE SANTA MARIA,2,BARRIO COMPLETO
08,10,01,004,002,081001004002,BRISAS DE SANTA MARÍA,2,BARRIO COMPLETO
08,10,01,004,003,081001004003,MIRADOR ALTOS DE SANTA MARÍA,2,BARRIO COMPLETO
08,10,01,004,004,081001004004,RESIDENCIAL BARILOCHE,2,BARRIO COMPLETO
08,10,01,004,005,081001004005,URBANIZACIÓN LAS COLINAS,2,BARRIO COMPLETO
08,10,01,004,006,081001004006,URBANIZACIÓN SAN GABRIEL,2,BARRIO COMPLETO
08,10,01,005,001,081001005001,LOS ANDES NO.1,2,BARRIO COMPLETO
08,10,01,005,002,081001005002,NUEVE DE ENERO,2,BARRIO COMPLETO
08,10,01,006,001,081001006001,CONDADO DEL REY,3,BARRIO PARTE
08,10,01,006,002,081001006002,LINDA VISTA,3,BARRIO PARTE
08,10,01,007,001,081001007001,URBANIZACIÓN LIMAJO,3,BARRIO PARTE
08,10,01,007,002,081001007002,ALTOS DEL COUNTRY,3,BARRIO PARTE
08,10,01,007,003,081001007003,BOSQUES DE LAS CIBELES,3,BARRIO PARTE
08,10,01,007,004,081001007004,BRISAS DE VIZCAYA,3,BARRIO PARTE
08,10,01,007,005,081001007005,COLINAS DE CIBELES,2,BARRIO COMPLETO
08,10,01,007,006,081001007006,VILLAS DE VIZCAYA,2,BARRIO COMPLETO
08,10,01,007,007,081001007007,VISTA MAGNA,2,BARRIO COMPLETO
08,10,01,008,001,081001008001,RESIDENCIAL HORIZONTES I,3,BARRIO PARTE
08,10,01,008,002,081001008002,P.H. 4 HORIZONTES,2,BARRIO COMPLETO
08,10,02,002,001,081002002001,SAMARIA,2,BARRIO COMPLETO
08,10,02,002,002,081002002002,ALTOS DEL MIRADOR,2,BARRIO COMPLETO
08,10,02,002,003,081002002003,RÍO PALOMO,2,BARRIO COMPLETO
08,10,02,002,004,081002002004,SINAÍ,2,BARRIO COMPLETO
08,10,02,003,001,081002003001,CERRO BATEA,3,BARRIO PARTE
08,10,02,004,001,081002004001,DON BOSCO,2,BARRIO COMPLETO
08,10,02,004,002,081002004002,ALTOS DE DON BOSCO,2,BARRIO COMPLETO
08,10,02,004,003,081002004003,ALTOS DE LA ESPERANZA,2,BARRIO COMPLETO
08,10,02,004,004,081002004004,ALTA VISTA,2,BARRIO COMPLETO
08,10,02,004,005,081002004005,SAN MARTIN,2,BARRIO COMPLETO
08,10,02,005,001,081002005001,FUENTES DE MALLORCA PARK,2,BARRIO COMPLETO
08,10,02,005,002,081002005002,FUENTES DE MALLORCA PARK II,2,BARRIO COMPLETO
08,10,02,005,003,081002005003,MALLORCA PARK GARDENS,2,BARRIO COMPLETO
08,10,02,005,004,081002005004,MALLORCA PARK GARDENS II,2,BARRIO COMPLETO
08,10,02,005,005,081002005005,MALLORCA PARK VILLAGE,2,BARRIO COMPLETO
08,10,02,005,006,081002005006,P.H. CALAS DE MALLORCA,2,BARRIO COMPLETO
08,10,02,006,001,081002006001,BARRIADA SAN JOSÉ,2,BARRIO COMPLETO
08,10,02,006,002,081002006002,COLINAS DE SAN JOSÉ,2,BARRIO COMPLETO
08,10,02,006,003,081002006003,LA VICTORIA,2,BARRIO COMPLETO
08,10,02,006,004,081002006004,NUEVO VERANILLO,3,BARRIO PARTE
08,10,02,006,005,081002006005,QUINTAS DE SAN JOSÉ,2,BARRIO COMPLETO
08,10,02,006,006,081002006006,RESIDENCIAL SAN JOSÉ,2,BARRIO COMPLETO
08,10,02,006,007,081002006007,SAN JOSÉ,3,BARRIO PARTE
08,10,02,007,001,081002007001,TINAJITAS,3,BARRIO PARTE
08,10,03,002,001,081003002001,VILLA GUADALUPE,3,BARRIO PARTE
08,10,03,002,002,081003002002,AUTO MOTOR,2,BARRIO COMPLETO
08,10,03,002,003,081003002003,CRISTO REY,2,BARRIO COMPLETO
08,10,03,002,004,081003002004,LAS 600,2,BARRIO COMPLETO
08,10,03,003,001,081003003001,URBANIZACIÓN LA PULIDA,2,BARRIO COMPLETO
08,10,03,003,002,081003003002,URBANIZACIÓN ALTOS DE LA PULIDA,2,BARRIO COMPLETO
08,10,03,003,003,081003003003,URBANIZACIÓN COLONIA LAS LOMAS,2,BARRIO COMPLETO
08,10,03,004,001,081003004001,VILLA LUCRE,2,BARRIO COMPLETO
08,10,03,004,002,081003004002,ALTA VILLA,2,BARRIO COMPLETO
08,10,03,004,003,081003004003,ALTOS DE SAN RAFAEL,2,BARRIO COMPLETO
08,10,03,004,004,081003004004,ALTOS DE VILLA LUCRE,2,BARRIO COMPLETO
08,10,03,004,005,081003004005,COLINAS DEL BOULEVARD,2,BARRIO COMPLETO
08,10,03,004,006,081003004006,LAS QUINTAS DE VILLA LUCRE,2,BARRIO COMPLETO
08,10,03,004,007,081003004007,MIRADOR HILLS,2,BARRIO COMPLETO
08,10,03,004,008,081003004008,P.H. VILLA LUCÍA,2,BARRIO COMPLETO
08,10,03,004,009,081003004009,P.H. VISTA DEL VALLE,2,BARRIO COMPLETO
08,10,03,004,010,081003004010,PASEO DEL VALLE,2,BARRIO COMPLETO
08,10,03,004,011,081003004011,PASEO REAL,2,BARRIO COMPLETO
08,10,03,004,012,081003004012,TIERRA ALTA,2,BARRIO COMPLETO
08,10,03,004,013,081003004013,VILLA DE LAS AZORES,2,BARRIO COMPLETO
08,10,03,004,014,081003004014,VISTA ALTA,2,BARRIO COMPLETO
08,10,03,004,015,081003004015,VISTA DEL VALLE,2,BARRIO COMPLETO
08,10,03,004,016,081003004016,VISTA VERDE,2,BARRIO COMPLETO
08,10,03,005,001,081003005001,URBANIZACIÓN EL CRISOL,2,BARRIO COMPLETO
08,10,03,005,002,081003005002,ALTOS DE LA PRIMAVERA,2,BARRIO COMPLETO
08,10,03,005,003,081003005003,LA FELICIDAD,2,BARRIO COMPLETO
08,10,03,005,004,081003005004,MYSTIC VALLEY,2,BARRIO COMPLETO
08,10,03,005,005,081003005005,P.H. ROCA PARK,2,BARRIO COMPLETO
08,10,03,005,006,081003005006,RESIDENCIAL EL CRISOL,2,BARRIO COMPLETO
08,10,03,005,007,081003005007,URBANIZACIÓN ALTOS DEL CRISOL,2,BARRIO COMPLETO
08,10,03,005,008,081003005008,URBANIZACIÓN EL PINÁCULO NO.1,2,BARRIO COMPLETO
08,10,03,005,009,081003005009,URBANIZACIÓN LA PRIMAVERA,2,BARRIO COMPLETO
08,10,03,005,010,081003005010,URBANIZACIÓN LA PULIDA NO.1,2,BARRIO COMPLETO
08,10,03,005,011,081003005011,URBANIZACIÓN LA PULIDA NO.2,2,BARRIO COMPLETO
08,10,03,005,012,081003005012,URBANIZACIÓN LOS CACIQUES,2,BARRIO COMPLETO
08,10,03,006,001,081003006001,URBANIZACIÓN COLINAS DORASOL,2,BARRIO COMPLETO
08,10,03,006,002,081003006002,ALTA TERRA,2,BARRIO COMPLETO
08,10,03,006,003,081003006003,BARRIADA ALTOS DE LA CASTELLANA,2,BARRIO COMPLETO
08,10,03,006,004,081003006004,BOSQUE DE CASTILLA,2,BARRIO COMPLETO
08,10,03,006,005,081003006005,LAS QUINTAS DE GRATAMIRA,2,BARRIO COMPLETO
08,10,03,006,006,081003006006,LOMA BROWN,2,BARRIO COMPLETO
08,10,03,006,007,081003006007,MIRADOR DEL PACIFICO,2,BARRIO COMPLETO
08,10,03,006,008,081003006008,MYSTIC HILLS,2,BARRIO COMPLETO
08,10,03,006,009,081003006009,SUN VILLAGE,3,BARRIO PARTE
08,10,03,006,010,081003006010,URBANIZACIÓN ALTA VISTA,2,BARRIO COMPLETO
08,10,03,006,011,081003006011,URBANIZACIÓN ALTOS DEL CRISOL II,2,BARRIO COMPLETO
08,10,03,006,012,081003006012,URBANIZACIÓN COLINAS DE NAZARETH,2,BARRIO COMPLETO
08,10,03,006,013,081003006013,URBANIZACIÓN EL PINÁCULO NO.2,2,BARRIO COMPLETO
08,10,03,006,014,081003006014,URBANIZACIÓN SANTA PERA,2,BARRIO COMPLETO
08,10,03,006,015,081003006015,VILLA VERÓNICA,2,BARRIO COMPLETO
08,10,03,006,016,081003006016,VILLAS DE CERRO LINDO,2,BARRIO COMPLETO
08,10,03,007,001,081003007001,URBANIZACIÓN COLINAS DEL GOLF,2,BARRIO COMPLETO
08,10,03,007,002,081003007002,LA ARBOLEDA DEL GOLF,3,BARRIO PARTE
08,10,03,007,003,081003007003,LOMAS DEL GOLF,2,BARRIO COMPLETO
08,10,03,007,004,081003007004,RESIDENCIAL QUINTAS DE MONTICELLO,2,BARRIO COMPLETO
08,10,03,007,005,081003007005,RESIDENCIAL QUINTAS DE MONTICELLO II,2,BARRIO COMPLETO
08,10,03,007,006,081003007006,VILLA LIDO,2,BARRIO COMPLETO
08,10,03,007,007,081003007007,VILLA NAVONA,2,BARRIO COMPLETO
08,10,03,007,008,081003007008,VILLA TIBER,2,BARRIO COMPLETO
08,10,03,007,009,081003007009,VILLA TÍVOLI,2,BARRIO COMPLETO
08,10,03,007,010,081003007010,VILLAS DEL GOLF,2,BARRIO COMPLETO
08,10,03,007,011,081003007011,VISTA ALTA DE BRISAS DEL GOLF,2,BARRIO COMPLETO
08,10,03,008,001,081003008001,NUEVO BELÉN,3,BARRIO PARTE
08,10,03,008,002,081003008002,ALTO BELÉN,2,BARRIO COMPLETO
08,10,03,008,003,081003008003,ALTO DE LAS TORRES,2,BARRIO COMPLETO
08,10,03,008,004,081003008004,BARRIADA EL FUTURO,3,BARRIO PARTE
08,10,03,008,005,081003008005,BARRIADA PANCHO ALEMÁN,3,BARRIO PARTE
08,10,04,002,001,081004002001,PARAÍSO,2,BARRIO COMPLETO
08,10,04,002,002,081004002002,SAN MIGUEL,2,BARRIO COMPLETO
08,10,04,002,003,081004002003,SAN PANCRACIO,2,BARRIO COMPLETO
08,10,04,003,001,081004003001,ALTOS DEL CRISTO,3,BARRIO PARTE
08,10,04,003,002,081004003002,LA PARUSÍA,3,BARRIO PARTE
08,10,04,004,001,081004004001,VILLA GUADALUPE,3,BARRIO PARTE
08,10,05,002,001,081005002001,MONTE OSCURO,3,BARRIO PARTE
08,10,05,002,002,081005002002,ALTAMIRA,2,BARRIO COMPLETO
08,10,05,002,003,081005002003,EL PROGRESO,2,BARRIO COMPLETO
08,10,05,002,004,081005002004,LAS QUINIENTAS,2,BARRIO COMPLETO
08,10,05,002,005,081005002005,SANTA CLARA,2,BARRIO COMPLETO
08,10,05,003,001,081005003001,GELABERT O EL MARTILLO,3,BARRIO PARTE
08,10,05,003,002,081005003002,LA PARUSÍA,3,BARRIO PARTE
08,10,05,003,003,081005003003,SAN ANTONIO,2,BARRIO COMPLETO
08,10,05,003,004,081005003004,SANTA ROSA,2,BARRIO COMPLETO
08,10,05,004,001,081005004001,URBANIZACIÓN INDUSTRIAL,2,BARRIO COMPLETO
08,10,05,004,002,081005004002,BARRIADA LUZCANDO,2,BARRIO COMPLETO
08,10,05,004,003,081005004003,RESIDENCIAL EL BOSQUE,2,BARRIO COMPLETO
08,10,05,004,004,081005004004,URBANIZACIÓN ALTO DE LA MONTAÑA,2,BARRIO COMPLETO
08,10,05,004,005,081005004005,URBANIZACIÓN EL DORAL,2,BARRIO COMPLETO
08,10,06,002,001,081006002001,BARRIADA LA FELICIDAD,2,BARRIO COMPLETO
08,10,06,002,002,081006002002,ALTOS DEL SOL,2,BARRIO COMPLETO
08,10,06,002,003,081006002003,BUENA VISTA,2,BARRIO COMPLETO
08,10,06,002,004,081006002004,LA PAZ,2,BARRIO COMPLETO
08,10,06,002,005,081006002005,URBANIZACIÓN ROBERTO DURAN,2,BARRIO COMPLETO
08,10,06,003,001,081006003001,ALTOS DEL VALLE DE URRACÁ,3,BARRIO PARTE
08,10,06,003,002,081006003002,EL VALLE DE URRACÁ,2,BARRIO COMPLETO
08,10,06,003,003,081006003003,EL VALLECITO,2,BARRIO COMPLETO
08,10,06,003,004,081006003004,EMBERÁ PURO,2,BARRIO COMPLETO
08,10,06,003,005,081006003005,LAS TRANQUITAS O TRANQUILLAS,2,BARRIO COMPLETO
08,10,06,003,006,081006003006,LOMA BONITA,2,BARRIO COMPLETO
08,10,06,004,001,081006004001,BARRIADA TORRIJOS CARTER,3,BARRIO PARTE
08,10,06,004,002,081006004002,BARRIADA TORRIJISTA,2,BARRIO COMPLETO
08,10,06,004,003,081006004003,VILLA FORTUNA,2,BARRIO COMPLETO
08,10,06,005,001,081006005001,LAS TRANCAS,3,BARRIO PARTE
08,10,06,006,001,081006006001,NUEVO BELÉN,3,BARRIO PARTE
08,10,06,006,002,081006006002,ALTOS DE LAS TORRES,2,BARRIO COMPLETO
08,10,06,006,003,081006006003,BARRIADA EL FUTURO,3,BARRIO PARTE
08,10,06,006,004,081006006004,BARRIADA EL VALLE DE HEREDIA,2,BARRIO COMPLETO
08,10,06,006,005,081006006005,BARRIADA PANCHO ALEMÁN,3,BARRIO PARTE
08,10,06,006,006,081006006006,CERRO COCOBOLO,2,BARRIO COMPLETO
08,10,06,007,001,081006007001,SUN VILLAGE,3,BARRIO PARTE
08,10,06,007,002,081006007002,VILLASOL,2,BARRIO COMPLETO
08,10,06,008,001,081006008001,P.H. GARDENIAS,2,BARRIO COMPLETO
08,10,06,008,002,081006008002,P.H. LOS LIRIOS,2,BARRIO COMPLETO
08,10,07,002,001,081007002001,BARRIADA TORRIJOS CARTER,4,CABECERA PARTE (Mixto)
08,10,07,002,002,081007002002,BARRIADA EL ESFUERZO,2,BARRIO COMPLETO
08,10,07,002,003,081007002003,REUBICACIÓN CERRO AMEGLIO,2,BARRIO COMPLETO
08,10,07,003,001,081007003001,ALTOS DEL VALLE DE URRACÁ,3,BARRIO PARTE
08,10,07,003,002,081007003002,BARRIADA 2000,2,BARRIO COMPLETO
08,10,07,003,003,081007003003,BARRIADA ROGELIO SINÁN,2,BARRIO COMPLETO
08,10,07,003,004,081007003004,EL MIRADOR,2,BARRIO COMPLETO
08,10,07,003,005,081007003005,NAOS LIBERACIÓN,2,BARRIO COMPLETO
08,10,07,004,001,081007004001,CERRO BATEA,3,BARRIO PARTE
08,10,07,005,001,081007005001,SANTA MARTA,2,BARRIO COMPLETO
08,10,07,006,001,081007006001,BARRIADA SANTA LIBRADA,3,BARRIO PARTE
08,10,08,002,001,081008002001,URBANIZACIÓN LOS ANDES NO.2,2,BARRIO COMPLETO
08,10,08,002,002,081008002002,ALTOS DE BAHAI,2,BARRIO COMPLETO
08,10,08,002,003,081008002003,EL PUEBLITO,2,BARRIO COMPLETO
08,10,08,002,004,081008002004,VILLA ESPERANZA,2,BARRIO COMPLETO
08,10,08,003,001,081008003001,SAN ISIDRO,2,BARRIO COMPLETO
08,10,08,003,002,081008003002,BARRIADA CAMPO VERDE,2,BARRIO COMPLETO
08,10,08,003,003,081008003003,BARRIADA SANTA LIBRADA,3,BARRIO PARTE
08,10,08,003,004,081008003004,BUENOS AIRES,2,BARRIO COMPLETO
08,10,08,003,005,081008003005,EL VALLE DE SAN ISIDRO,2,BARRIO COMPLETO
08,10,08,003,006,081008003006,MILLA 8,2,BARRIO COMPLETO
08,10,08,003,007,081008003007,PORTAL DE LAS CUMBRES,2,BARRIO COMPLETO
08,10,08,003,008,081008003008,SANTA ELENA,2,BARRIO COMPLETO
08,10,08,003,009,081008003009,TINAJITAS,3,BARRIO PARTE
08,10,08,003,010,081008003010,URBANIZACIÓN LOS CIPRESES,2,BARRIO COMPLETO
08,10,08,003,011,081008003011,URBANIZACIÓN SAN REMO,2,BARRIO COMPLETO
08,10,08,003,012,081008003012,VILLA GEORGINA,2,BARRIO COMPLETO
08,10,08,003,013,081008003013,VILLA ZAÍTA,3,BARRIO PARTE
08,10,08,004,001,081008004001,SONSONATE,2,BARRIO COMPLETO
08,10,08,004,002,081008004002,BARRIADA LAS ROSAS,2,BARRIO COMPLETO
08,10,08,004,003,081008004003,BARRIADA ZAFIRO,2,BARRIO COMPLETO
08,10,08,004,004,081008004004,CHIVO CHIVO,3,BARRIO PARTE
08,10,08,004,005,081008004005,EL PORVENIR NO.2,2,BARRIO COMPLETO
08,10,08,004,006,081008004006,GREEN VILLAGE,2,BARRIO COMPLETO
08,10,08,004,007,081008004007,LAS COLINAS DE SONSONATE,2,BARRIO COMPLETO
08,10,08,005,001,081008005001,VILLA CÁRDENAS,3,BARRIO PARTE
08,10,08,006,001,081008006001,RESIDENCIAL HORIZONTES I,3,BARRIO PARTE
08,10,08,006,002,081008006002,BARRIO ALTO,2,BARRIO COMPLETO
08,10,08,006,003,081008006003,RESIDENCIAL HORIZONTES II,2,BARRIO COMPLETO
08,10,08,007,001,081008007001,URBANIZACIÓN LIMAJO,3,BARRIO PARTE
08,10,08,007,002,081008007002,ALTOS DEL COUNTRY,3,BARRIO PARTE
08,10,08,007,003,081008007003,BOSQUES DE LAS CIBELES,3,BARRIO PARTE
08,10,09,002,001,081009002001,CIUDAD JARDÍN SAN ANTONIO,2,BARRIO COMPLETO
08,10,09,002,002,081009002002,ALTOS DE LAS PRADERAS DE SAN ANTONIO,2,BARRIO COMPLETO
08,10,09,002,003,081009002003,CAMINO REAL DE SAN ANTONIO,2,BARRIO COMPLETO
08,10,09,002,004,081009002004,URBANIZACIÓN BOULEVARD SAN ANTONIO,2,BARRIO COMPLETO
08,10,09,002,005,081009002005,URBANIZACIÓN EL VALLE DE SAN ANTONIO,2,BARRIO COMPLETO
08,10,09,002,006,081009002006,URBANIZACIÓN LAS PRADERAS DE SAN ANTONIO,2,BARRIO COMPLETO
08,10,09,002,007,081009002007,URBANIZACIÓN QUINTAS DE SAN ANTONIO,2,BARRIO COMPLETO
08,10,09,002,008,081009002008,URBANIZACIÓN VILLAS DE CAMINO REAL,2,BARRIO COMPLETO
08,10,09,003,001,081009003001,EL VALLE DE CERRO VIENTO,2,BARRIO COMPLETO
08,10,09,003,002,081009003002,LAS BRISAS DE CERRO VIENTO,2,BARRIO COMPLETO
08,10,09,003,003,081009003003,LAS COLINAS DE CERRO VIENTO,2,BARRIO COMPLETO
08,10,09,003,004,081009003004,QUINTAS DE VILLA FLOR,2,BARRIO COMPLETO
08,10,09,003,005,081009003005,URBANIZACIÓN ALTOS DE CERRO VIENTO,2,BARRIO COMPLETO
08,10,09,003,006,081009003006,URBANIZACIÓN VILLA FLOR,2,BARRIO COMPLETO
08,10,09,003,007,081009003007,URBANIZACIÓN VILLA INTERNACIONAL,2,BARRIO COMPLETO
08,10,09,004,001,081009004001,CLUB DE GOLF,2,BARRIO COMPLETO
08,10,09,004,002,081009004002,ISLA DEL HOMBRE,2,BARRIO COMPLETO
08,10,09,004,003,081009004003,LA ARBOLEDA DEL GOLF,3,BARRIO PARTE
08,10,09,004,004,081009004004,LA MONTAÑEZA,2,BARRIO COMPLETO
08,10,09,004,005,081009004005,LAS TRANCAS,3,BARRIO PARTE
08,10,09,004,006,081009004006,VILLA ESPERANZA,2,BARRIO COMPLETO
08,10,09,004,007,081009004007,VILLA MARONATA,2,BARRIO COMPLETO
08,10,09,004,008,081009004008,URBANIZACIÓN P.H. ROYAL VILLAGE,2,BARRIO COMPLETO
08,10,09,005,001,081009005001,URBANIZACIÓN BRISAS DEL GOLF,2,BARRIO COMPLETO
08,10,09,005,002,081009005002,BRISAS DEL PACÍFICO,2,BARRIO COMPLETO
08,10,09,005,003,081009005003,BRISAS HEIGHTS,2,BARRIO COMPLETO
08,10,09,005,004,081009005004,BRISAS POINTS,2,BARRIO COMPLETO
08,10,09,005,005,081009005005,CERRO VIENTO RURAL,2,BARRIO COMPLETO
08,10,09,005,006,081009005006,FINCA ALTAMIRA,2,BARRIO COMPLETO
08,10,09,005,007,081009005007,LA RIVIERA COLONIAL,2,BARRIO COMPLETO
08,10,09,005,008,081009005008,PALMERAS DEL GOLF,2,BARRIO COMPLETO
08,10,09,005,009,081009005009,URBANIZACIÓN LAS TERRAZAS,2,BARRIO COMPLETO
09,01,01,002,001,090101002001,ATALAYA,2,BARRIO COMPLETO
09,01,01,002,003,090101002003,BARRIADA ARENILLA,2,BARRIO COMPLETO
09,01,01,002,004,090101002004,BARRIADA EL MACANITO,2,BARRIO COMPLETO
09,01,01,002,005,090101002005,BARRIADA HOLANDA,2,BARRIO COMPLETO
09,01,01,002,006,090101002006,BARRIADA LLANO BONITO,2,BARRIO COMPLETO
09,01,01,002,007,090101002007,BARRIADA EL EDUCADOR,2,BARRIO COMPLETO
09,01,01,002,008,090101002008,BARRIADA JESÚS NAZARENO,2,BARRIO COMPLETO
09,01,01,002,010,090101002010,CALLE ABAJO FINAL,2,BARRIO COMPLETO
09,01,01,002,011,090101002011,BARRIADA 11 DE OCTUBRE,2,BARRIO COMPLETO
09,01,01,002,012,090101002012,LA OSTIA,2,BARRIO COMPLETO
09,01,01,002,013,090101002013,LOS HIGOS,2,BARRIO COMPLETO
09,01,01,002,014,090101002014,BARRIADA LOS ÁNGELES,2,BARRIO COMPLETO
09,01,01,002,015,090101002015,BRISAS DE ATALAYA,2,BARRIO COMPLETO
09,01,01,002,016,090101002016,VILLAS DE ATALAYA,2,BARRIO COMPLETO
09,01,01,002,017,090101002017,BARRIADA LA AMISTAD,2,BARRIO COMPLETO
09,01,01,002,018,090101002018,BARRIADA TORRE FUERTE,2,BARRIO COMPLETO
09,01,01,002,019,090101002019,EL CIRUELITO,2,BARRIO COMPLETO
09,01,01,002,020,090101002020,GARNADERITA,2,BARRIO COMPLETO
09,01,01,002,021,090101002021,LA CANDELARIA,2,BARRIO COMPLETO
09,01,01,002,022,090101002022,LAS MARGARITAS,2,BARRIO COMPLETO
09,01,01,002,023,090101002023,PUNTA DEL MONO,2,BARRIO COMPLETO
09,01,01,002,024,090101002024,VILLAS DE LAS PALMAS,2,BARRIO COMPLETO
09,01,01,002,025,090101002025,RESIDENCIAL LA ISABELA,2,BARRIO COMPLETO
09,01,01,002,026,090101002026,RESIDENCIAL SANTA CRUZ,2,BARRIO COMPLETO
09,01,01,002,027,090101002027,RESIDENCIAL TERRAMAR,2,BARRIO COMPLETO
09,01,01,002,028,090101002028,SAN MIGUEL,2,BARRIO COMPLETO
09,01,01,002,029,090101002029,SANTA ISABEL,2,BARRIO COMPLETO
09,01,01,002,030,090101002030,TUMBAGA,2,BARRIO COMPLETO
09,01,01,002,031,090101002031,VILLAS DEL NAZARENO,2,BARRIO COMPLETO
09,01,01,002,032,090101002032,RESIDENCIAL GARNADERITA,2,BARRIO COMPLETO
09,01,01,002,033,090101002033,RESIDENCIAL ATALAYA'S GARDEN,2,BARRIO COMPLETO
09,01,01,002,034,090101002034,RESIDENCIAL PARQUES DE HOLANDA,2,BARRIO COMPLETO
09,01,01,002,035,090101002035,RESIDENCIAL VILLA HOLANDA,2,BARRIO COMPLETO
09,01,01,002,036,090101002036,RESIDENCIAL VILLAS DE GARNADERITA,2,BARRIO COMPLETO
09,01,01,002,037,090101002037,RESIDENCIAL VILLAS DEL CARMEN,2,BARRIO COMPLETO
09,01,05,007,001,090105007001,SAN ANTONIO,3,BARRIO PARTE
09,01,05,007,002,090105007002,RESIDENCIAL VILLA MARINA,2,BARRIO COMPLETO
09,01,05,007,003,090105007003,VILLA NAZARETH,2,BARRIO COMPLETO
09,01,05,007,004,090105007004,BARRIADA VILLA LESA,2,BARRIO COMPLETO
09,01,05,007,005,090105007005,RESIDENCIAL TEREZA,2,BARRIO COMPLETO
09,01,05,007,006,090105007006,RESIDENCIAL VILLAS DEL ROSARIO,2,BARRIO COMPLETO
09,01,05,007,007,090105007007,URBANIZACIÓN COSTA MARINA,2,BARRIO COMPLETO
09,03,01,013,001,090301013001,BARRIADA COROZAL O LA PLACITA DE NIÑO DIOS,2,BARRIO COMPLETO
09,03,01,013,002,090301013002,BARRIADA LA PLACITA DE FÁTIMA,2,BARRIO COMPLETO
09,03,01,013,003,090301013003,BARRIADA SAN JOSÉ,2,BARRIO COMPLETO
09,03,01,013,004,090301013004,BARRIADA SAN JAVIER,2,BARRIO COMPLETO
09,03,01,013,005,090301013005,CAÑAZAS,2,BARRIO COMPLETO
09,03,01,013,006,090301013006,POLO NORTE,2,BARRIO COMPLETO
09,03,01,013,007,090301013007,POLO SUR,2,BARRIO COMPLETO
09,03,01,013,008,090301013008,BARRIADA LA FELICIDAD,2,BARRIO COMPLETO
09,03,01,013,009,090301013009,CALLE LOURDES,2,BARRIO COMPLETO
09,03,01,013,010,090301013010,BARRIO ALFREDO LÓPEZ,2,BARRIO COMPLETO
09,04,01,028,001,090401028001,LOS BOQUETES,2,BARRIO COMPLETO
09,04,01,028,002,090401028002,BARRIADA SANTA CRUZ,2,BARRIO COMPLETO
09,04,01,028,005,090401028005,LA MESA,2,BARRIO COMPLETO
09,04,01,028,006,090401028006,LOS QUINTEROS,2,BARRIO COMPLETO
09,04,01,028,007,090401028007,SAN CRISTÓBAL,2,BARRIO COMPLETO
09,04,01,028,009,090401028009,ALTOS DEL TANQUE,2,BARRIO COMPLETO
09,04,01,028,010,090401028010,EL TANQUE,2,BARRIO COMPLETO
09,04,01,028,011,090401028011,LOS VIKINGOS,2,BARRIO COMPLETO
09,04,01,028,012,090401028012,PIEDRA GIL,2,BARRIO COMPLETO
09,06,01,021,001,090601021001,BARRIADA CÉSAR PEÑALOZA,2,BARRIO COMPLETO
09,06,01,021,002,090601021002,BARRIADA EL CARMEN,2,BARRIO COMPLETO
09,06,01,021,003,090601021003,MONTIJO,2,BARRIO COMPLETO
09,06,01,021,004,090601021004,SAN PEDRO NO.2,2,BARRIO COMPLETO
09,06,01,021,006,090601021006,MARIO RIERA PINILLA,2,BARRIO COMPLETO
09,06,01,021,007,090601021007,NUEVO BELÉN,2,BARRIO COMPLETO
09,06,01,021,008,090601021008,VILLA CANDELARIA,2,BARRIO COMPLETO
09,08,01,035,001,090801035001,SAN FRANCISCO,2,BARRIO COMPLETO
09,10,01,083,001,091001083001,BARRIADA ALTO ALFARO,2,BARRIO COMPLETO
09,10,01,083,005,091001083005,BAJADA DE LOS CHORROS,2,BARRIO COMPLETO
09,10,01,083,006,091001083006,BARRIADA DON BOSCO,2,BARRIO COMPLETO
09,10,01,083,007,091001083007,BARRIADA EL CARMEN,2,BARRIO COMPLETO
09,10,01,083,008,091001083008,BARRIADA EL PARAÍSO,2,BARRIO COMPLETO
09,10,01,083,012,091001083012,BARRIADA LA FELICIDAD,2,BARRIO COMPLETO
09,10,01,083,013,091001083013,BARRIADA LA GLORIA,2,BARRIO COMPLETO
09,10,01,083,015,091001083015,BARRIADA LA PRIMAVERA,2,BARRIO COMPLETO
09,10,01,083,019,091001083019,BARRIADA LAS MARGARITAS,2,BARRIO COMPLETO
09,10,01,083,021,091001083021,BARRIADA PASO LAS TABLAS,2,BARRIO COMPLETO
09,10,01,083,024,091001083024,BARRIADA URRACÁ,2,BARRIO COMPLETO
09,10,01,083,028,091001083028,BARRIADA LA TRONOSA,2,BARRIO COMPLETO
09,10,01,083,029,091001083029,BARRIADA PARITILLA,2,BARRIO COMPLETO
09,10,01,083,032,091001083032,BARRIADA SAN VICENTE,2,BARRIO COMPLETO
09,10,01,083,033,091001083033,SANTIAGO,3,BARRIO PARTE
09,10,01,083,034,091001083034,BARRIADA 26 DE NOVIEMBRE,2,BARRIO COMPLETO
09,10,01,083,035,091001083035,URBANIZACIÓN BARBARENA,2,BARRIO COMPLETO
09,10,01,083,036,091001083036,URBANIZACIÓN EL EDUCADOR VERAGÜENSE,2,BARRIO COMPLETO
09,10,01,083,037,091001083037,URBANIZACIÓN EL PRADO,2,BARRIO COMPLETO
09,10,01,083,038,091001083038,BARRIADA EL PROGRESO,2,BARRIO COMPLETO
09,10,01,083,039,091001083039,URBANIZACIÓN LA ALAMEDA,2,BARRIO COMPLETO
09,10,01,083,040,091001083040,URBANIZACIÓN VERDUN,2,BARRIO COMPLETO
09,10,01,083,042,091001083042,BARRIADA LAS ACACIAS,2,BARRIO COMPLETO
09,10,01,083,043,091001083043,BARRIADA SAN FRANCISCO,2,BARRIO COMPLETO
09,10,01,083,044,091001083044,BARRIADA SANTA INÉS,2,BARRIO COMPLETO
09,10,01,083,045,091001083045,EL HATILLO,2,BARRIO COMPLETO
09,10,01,083,046,091001083046,BARRIADA CONDADO DEL SUR,2,BARRIO COMPLETO
09,10,01,083,047,091001083047,URBANIZACIÓN LAS COLINAS,2,BARRIO COMPLETO
09,10,01,083,048,091001083048,URBANIZACIÓN LAS VERANERAS,2,BARRIO COMPLETO
09,10,01,083,049,091001083049,URBANIZACIÓN RÍO ESCONDIDO,2,BARRIO COMPLETO
09,10,01,083,050,091001083050,URBANIZACIÓN SAN FELIPE O LA PASTRANA,2,BARRIO COMPLETO
09,10,01,083,051,091001083051,URBANIZACIÓN VILLA FLORES,2,BARRIO COMPLETO
09,10,01,083,053,091001083053,BARRIADA NUEVO SAN JUAN,3,BARRIO PARTE
09,10,01,083,055,091001083055,RESIDENCIAL ALTOS DEL SOL,2,BARRIO COMPLETO
09,10,01,083,056,091001083056,RESIDENCIAL VILLAS DE BARBARENA,2,BARRIO COMPLETO
09,10,01,083,057,091001083057,RESIDENCIAL MIRAMAR,2,BARRIO COMPLETO
09,10,01,083,058,091001083058,RESIDENCIAL SANTA MÓNICA,2,BARRIO COMPLETO
09,10,01,083,059,091001083059,RESIDENCIAL MARBELLA,2,BARRIO COMPLETO
09,10,01,083,060,091001083060,BARRIADA SAN FRANCISCO NO.2,2,BARRIO COMPLETO
09,10,01,083,061,091001083061,BARRIADA RÍO ESCONDIDO NO.2,2,BARRIO COMPLETO
09,10,01,083,062,091001083062,RESIDENCIAL LUZMAR,2,BARRIO COMPLETO
09,10,01,083,064,091001083064,RESIDENCIAL LOS CHORROS,2,BARRIO COMPLETO
09,10,01,083,065,091001083065,BARRIADA ALTOS DE SANTA INÉS,2,BARRIO COMPLETO
09,10,01,083,066,091001083066,RESIDENCIAL COLINAS DE SANTA INÉS,2,BARRIO COMPLETO
09,10,01,083,067,091001083067,URBANIZACIÓN VILLAS DEL SUR,2,BARRIO COMPLETO
09,10,01,083,068,091001083068,RESIDENCIAL ALTOS DE BARBARENA,2,BARRIO COMPLETO
09,10,01,083,069,091001083069,RESIDENCIAL ALTOS DE MIRAMAR,2,BARRIO COMPLETO
09,10,01,083,070,091001083070,RESIDENCIAL VILLA SERENA,2,BARRIO COMPLETO
09,10,01,083,071,091001083071,RESIDENCIAL VISTA BELLA,2,BARRIO COMPLETO
09,10,01,083,072,091001083072,LA FLORECITA,2,BARRIO COMPLETO
09,10,01,083,077,091001083077,BARRIADA LA ESPAÑOLA,2,BARRIO COMPLETO
09,10,01,083,078,091001083078,BARRIADA LA CRUZ DE LOS REYES,2,BARRIO COMPLETO
09,10,01,083,079,091001083079,RESIDENCIAL VERDUN HILL,2,BARRIO COMPLETO
09,10,01,083,080,091001083080,RESIDENCIAL BRISAMAR,2,BARRIO COMPLETO
09,10,01,083,081,091001083081,LAS BARRERAS,2,BARRIO COMPLETO
09,10,01,083,082,091001083082,BARRIADA ALTO DE LA CRUZ NO.1,2,BARRIO COMPLETO
09,10,01,083,083,091001083083,RESIDENCIAL DON PABLO,2,BARRIO COMPLETO
09,10,01,083,084,091001083084,RESIDENCIAL MALLORCA,2,BARRIO COMPLETO
09,10,01,083,085,091001083085,RESIDENCIAL ANA ELENA,2,BARRIO COMPLETO
09,10,01,083,086,091001083086,RESIDENCIAL LA ARBOLEDA,2,BARRIO COMPLETO
09,10,01,083,087,091001083087,RESIDENCIAL VALLE DE BARBARENA,2,BARRIO COMPLETO
09,10,01,083,088,091001083088,RESIDENCIAL DOÑA LETY,2,BARRIO COMPLETO
09,10,03,022,001,091003022001,LA PEÑA,2,BARRIO COMPLETO
09,10,03,022,002,091003022002,BARRIADA 6 DE ENERO,2,BARRIO COMPLETO
09,10,03,022,003,091003022003,RESIDENCIAL DIVINA PROVIDENCIA,2,BARRIO COMPLETO
09,10,03,022,004,091003022004,URBANIZACIÓN PASEO DEL SOL,2,BARRIO COMPLETO
09,10,03,022,005,091003022005,RESIDENCIAL VIALUC,3,BARRIO PARTE
09,10,03,022,006,091003022006,RESIDENCIAL CARMELO,2,BARRIO COMPLETO
09,10,03,022,007,091003022007,RESIDENCIAL VILLAS DE LA PEÑA,2,BARRIO COMPLETO
09,10,07,035,001,091007035001,BARRIADA ALTOS LAJAS,2,BARRIO COMPLETO
09,10,07,035,004,091007035004,BARRIADA LA ESMERALDA,2,BARRIO COMPLETO
09,10,07,035,008,091007035008,BARRIADA SANTA LIBRADA,2,BARRIO COMPLETO
09,10,07,035,009,091007035009,BARRIADA VILLA NELY,2,BARRIO COMPLETO
09,10,07,035,010,091007035010,CANTO DEL LLANO,2,BARRIO COMPLETO
09,10,07,035,011,091007035011,COLONCITO,2,BARRIO COMPLETO
09,10,07,035,012,091007035012,PONUGUITA,2,BARRIO COMPLETO
09,10,07,035,015,091007035015,BARRIADA JUAN XXIII,3,BARRIO PARTE
09,10,07,035,018,091007035018,RESIDENCIAL LOS ÁNGELES,2,BARRIO COMPLETO
09,10,07,035,019,091007035019,RESIDENCIAL COOPEVE O LAS AMÉRICAS I,2,BARRIO COMPLETO
09,10,07,035,020,091007035020,RESIDENCIAL MEDITERRÁNEO,2,BARRIO COMPLETO
09,10,07,035,022,091007035022,VILLA UNIVERSITARIA,2,BARRIO COMPLETO
09,10,07,035,023,091007035023,BARRIADA ALTO DE LA LUNA,3,BARRIO PARTE
09,10,07,035,028,091007035028,RESIDENCIAL COOPEVE O LAS AMÉRICAS II,2,BARRIO COMPLETO
09,10,07,035,029,091007035029,REPARTO VISTA LOBA,2,BARRIO COMPLETO
09,10,07,035,030,091007035030,BARRIADA VILLA GLORIA,2,BARRIO COMPLETO
09,10,07,035,032,091007035032,BARRIADA REAL SOL,2,BARRIO COMPLETO
09,10,07,035,033,091007035033,RESIDENCIAL COOPEVE O LAS AMÉRICAS III,2,BARRIO COMPLETO
09,10,07,035,034,091007035034,COLONCITO VILLAGE,2,BARRIO COMPLETO
09,10,08,018,001,091008018001,LOS ALGARROBOS,2,BARRIO COMPLETO
09,10,08,018,002,091008018002,BARRIADA LOS GUAYACANES,2,BARRIO COMPLETO
09,10,08,018,003,091008018003,LLANO LOS VELÁSQUEZ,2,BARRIO COMPLETO
09,10,08,018,004,091008018004,QUINTAS DE LOS ALGARROBOS,2,BARRIO COMPLETO
09,10,08,018,005,091008018005,RESIDENCIAL SAN MIGUEL,2,BARRIO COMPLETO
09,10,08,018,006,091008018006,RESIDENCIAL VIVA SANTIAGO,2,BARRIO COMPLETO
09,10,08,018,007,091008018007,RESIDENCIAL VIALUC,3,BARRIO PARTE
09,10,11,001,001,091011001001,BARRIADA FORESTAL,2,BARRIO COMPLETO
09,10,11,001,002,091011001002,BARRIADA SAN MARTÍN,2,BARRIO COMPLETO
09,10,11,001,003,091011001003,URBANIZACIÓN DOÑA BLANCA,2,BARRIO COMPLETO
09,10,11,001,004,091011001004,ALTOS DE LA COLINA O DOS RÍOS,2,BARRIO COMPLETO
09,10,11,001,005,091011001005,ALTOS DE CUBÍVORA O ALTO DE LAS ACACIAS,2,BARRIO COMPLETO
09,10,11,001,006,091011001006,LA LUZ,2,BARRIO COMPLETO
09,10,11,001,007,091011001007,LAS DELICIAS,2,BARRIO COMPLETO
09,10,11,001,008,091011001008,SANTA EDUVIGES,2,BARRIO COMPLETO
09,10,11,001,009,091011001009,"LA FLORESTA ""A """,2,BARRIO COMPLETO
09,10,11,001,010,091011001010,"LA FLORESTA ""B """,2,BARRIO COMPLETO
09,10,11,001,011,091011001011,URBANIZACIÓN MARISOL,2,BARRIO COMPLETO
09,10,11,001,012,091011001012,URBANIZACIÓN LAS PALMERAS,2,BARRIO COMPLETO
09,10,11,001,013,091011001013,URBANIZACIÓN VILLA DEL SOL,2,BARRIO COMPLETO
09,10,11,001,014,091011001014,ALTOS DE VISTA HERMOSA,2,BARRIO COMPLETO
09,10,11,001,015,091011001015,BARRIADA JUAN XXIII,3,BARRIO PARTE
09,10,11,001,016,091011001016,URBANIZACIÓN LAS PRADERAS,2,BARRIO COMPLETO
09,10,11,001,017,091011001017,BARRIADA SANTA ROSA,2,BARRIO COMPLETO
09,10,11,001,018,091011001018,URBANIZACIÓN VILLA FARISSA,2,BARRIO COMPLETO
09,10,11,001,019,091011001019,BARRIADA VILLA MARÍA,2,BARRIO COMPLETO
09,10,11,001,020,091011001020,VISTA HERMOSA,2,BARRIO COMPLETO
09,10,11,001,021,091011001021,BARRIADA VÍCTOR AGUDO O PUNTA DEL NORTE,2,BARRIO COMPLETO
09,10,11,001,022,091011001022,RESIDENCIAL SANTA ELENA,2,BARRIO COMPLETO
09,10,11,004,002,091011004002,BARRIADA PUNTA DEL ESTE,2,BARRIO COMPLETO
09,10,11,004,003,091011004003,PUNTA DELGADITA,3,BARRIO PARTE
09,10,11,004,004,091011004004,RESIDENCIAL PUNTA DORADA,2,BARRIO COMPLETO
09,10,11,004,005,091011004005,URBANIZACIÓN VILLA NIDIA,2,BARRIO COMPLETO
09,10,13,009,001,091013009001,BARRIADA ALTO DE LA LUNA,3,BARRIO PARTE
09,10,13,009,002,091013009002,BARRIADA BUENA VISTA,3,BARRIO PARTE
09,10,13,009,003,091013009003,RESIDENCIAL JILCAR,2,BARRIO COMPLETO
09,10,13,017,001,091013017001,BARRIADA ARCO IRIS,2,BARRIO COMPLETO
09,10,13,017,002,091013017002,BARRIADA BUENA VISTA,3,BARRIO PARTE
09,10,13,017,003,091013017003,BARRIADA DOS MARES,2,BARRIO COMPLETO
09,10,13,017,004,091013017004,BARRIADA NUEVO SAN JUAN,3,BARRIO PARTE
09,10,13,017,005,091013017005,RESIDENCIAL NUEVO SAN JUAN,2,BARRIO COMPLETO
09,10,13,017,006,091013017006,RESIDENCIAL SEÑORIAL URRACÁ,2,BARRIO COMPLETO
09,10,13,017,007,091013017007,RESIDENCIAL VILLAS DE GUADALUPE,2,BARRIO COMPLETO
09,10,13,017,008,091013017008,URBANIZACIÓN EL DIVINO NIÑO,2,BARRIO COMPLETO
09,10,13,017,009,091013017009,RESIDENCIAL VILLA MÉLIDA,2,BARRIO COMPLETO
09,10,14,005,001,091014005001,RESIDENCIAL NUEVO SANTIAGO,2,BARRIO COMPLETO
09,10,14,005,003,091014005003,PUNTA DELGADITA,3,BARRIO PARTE
09,10,14,005,004,091014005004,VILLA ESHA,2,BARRIO COMPLETO
09,10,14,005,005,091014005005,RESIDENCIAL VILLA LAS MERCEDES,2,BARRIO COMPLETO
09,10,14,006,001,091014006001,BARRIADA LA UNIÓN,2,BARRIO COMPLETO
09,10,14,006,002,091014006002,BARRIADA VILLA ELISA,2,BARRIO COMPLETO
09,10,14,006,003,091014006003,SAN ANTONIO,3,BARRIO PARTE
09,10,14,006,004,091014006004,URBANIZACIÓN SAN ANTONIO,2,BARRIO COMPLETO
09,10,14,006,005,091014006005,QUINTAS DE DON BOSCO,2,BARRIO COMPLETO
09,10,14,006,006,091014006006,URBANIZACIÓN VILLAS DE SAN ANTONIO,2,BARRIO COMPLETO
09,10,14,006,007,091014006007,RESIDENCIAL VILLA DE JESÚS,2,BARRIO COMPLETO
09,10,14,006,008,091014006008,BARRIADA EL CARMEN,2,BARRIO COMPLETO
09,10,14,006,009,091014006009,BARRIADA VILLAS DE SAN JOSÉ,2,BARRIO COMPLETO
09,10,14,006,010,091014006010,RESIDENCIAL BRISAS DE SAN ANTONIO,2,BARRIO COMPLETO
09,10,14,006,011,091014006011,URBANIZACIÓN DE SAN ANTONIO,2,BARRIO COMPLETO
09,10,14,007,001,091014007001,BARRIADA 5 DE MAYO,2,BARRIO COMPLETO
09,10,14,007,002,091014007002,BARRIADA BAJOS DE LA RINCONADA,2,BARRIO COMPLETO
09,10,14,007,003,091014007003,BARRIADA JESÚS NAZARENO,2,BARRIO COMPLETO
09,10,14,007,004,091014007004,BARRIADA LA RINCONADA,1,CABECERA
09,11,01,031,001,091101031001,BARRIADA 8 DE NOVIEMBRE,2,BARRIO COMPLETO
09,11,01,031,002,091101031002,BARRIADA BELLA VISTA,2,BARRIO COMPLETO
09,11,01,031,004,091101031004,BARRIADA EL PARAÍSO,2,BARRIO COMPLETO
09,11,01,031,005,091101031005,BARRIADA JOSÉ FÉLIX GUEMBE,2,BARRIO COMPLETO
09,11,01,031,006,091101031006,BARRIO NUEVO PARAÍSO,2,BARRIO COMPLETO
09,11,01,031,007,091101031007,BARRIADA OMAR TORRIJOS,2,BARRIO COMPLETO
09,11,01,031,008,091101031008,BARRIADA SAN ISIDRO,2,BARRIO COMPLETO
09,11,01,031,009,091101031009,BARRIADA SAN JOSÉ,2,BARRIO COMPLETO
09,11,01,031,010,091101031010,BARRIADA VIRGEN DEL CARMEN,2,BARRIO COMPLETO
09,11,01,031,011,091101031011,DON BOSCO,2,BARRIO COMPLETO
09,11,01,031,012,091101031012,SONÁ,2,BARRIO COMPLETO
09,11,01,031,013,091101031013,BARRIADA 11 DE OCTUBRE,2,BARRIO COMPLETO
09,11,01,031,014,091101031014,BARRIADA BUENA VISTA,2,BARRIO COMPLETO
09,11,01,031,015,091101031015,BARRIADA NACIONES UNIDAS,2,BARRIO COMPLETO
09,11,01,031,016,091101031016,BARRIADA NOCHE BUENA,2,BARRIO COMPLETO
09,11,01,031,017,091101031017,URBANIZACIÓN SIGLO XXI,2,BARRIO COMPLETO
09,11,01,031,018,091101031018,RESIDENCIAL VILLAS DEL RÍO,2,BARRIO COMPLETO
09,11,01,031,019,091101031019,SAN MARTÍN,2,BARRIO COMPLETO
09,11,01,031,020,091101031020,RESIDENCIAL EL COCO,2,BARRIO COMPLETO
09,11,01,031,021,091101031021,RESIDENCIAL BRISAS DE SONÁ,2,BARRIO COMPLETO
13,01,01,001,001,130101001001,BARRIADA ALTOS DEL LAGO,2,BARRIO COMPLETO
13,01,01,001,002,130101001002,ARRAIJÁN,2,BARRIO COMPLETO
13,01,01,001,003,130101001003,BARRIADA EL GRINGO,2,BARRIO COMPLETO
13,01,01,001,004,130101001004,BARRIADA PARAÍSO,2,BARRIO COMPLETO
13,01,01,001,006,130101001006,BARRIADA THATCHER,2,BARRIO COMPLETO
13,01,01,001,007,130101001007,BARRIO SAN NICOLÁS,2,BARRIO COMPLETO
13,01,01,001,008,130101001008,EL CERRITO O LOS CERRITOS,2,BARRIO COMPLETO
13,01,01,001,009,130101001009,LA POLVAREDA,2,BARRIO COMPLETO
13,01,01,001,010,130101001010,BARRIADA LAS SARDINAS,2,BARRIO COMPLETO
13,01,01,001,012,130101001012,BARRIADA LAS VEGAS,2,BARRIO COMPLETO
13,01,01,001,013,130101001013,BAJO LAS PALMAS,2,BARRIO COMPLETO
13,01,01,001,014,130101001014,BARRIADA ALTOS DE VILLA DEL SOL,2,BARRIO COMPLETO
13,01,01,001,015,130101001015,BARRIADA EL CRISTAL,2,BARRIO COMPLETO
13,01,01,001,016,130101001016,BARRIADA LA LIBERTAD,2,BARRIO COMPLETO
13,01,01,001,017,130101001017,BARRIADA LA PAZ,2,BARRIO COMPLETO
13,01,01,001,018,130101001018,BARRIADA LAS NUBES,2,BARRIO COMPLETO
13,01,01,001,019,130101001019,BARRIADA LOS PINOS,2,BARRIO COMPLETO
13,01,01,001,021,130101001021,BARRIADA VALLE DEL SOL,2,BARRIO COMPLETO
13,01,01,001,022,130101001022,BARRIADA 7 DE SEPTIEMBRE,2,BARRIO COMPLETO
13,01,01,001,023,130101001023,BARRIADA 26 DE DICIEMBRE,2,BARRIO COMPLETO
13,01,01,001,024,130101001024,BARRIADA 28 DE NOVIEMBRE,2,BARRIO COMPLETO
13,01,01,001,025,130101001025,BARRIADA CRUZ DE ORO,2,BARRIO COMPLETO
13,01,01,001,026,130101001026,BARRIADA LOMA DEL RÍO,2,BARRIO COMPLETO
13,01,01,001,027,130101001027,BARRIO PASO REAL,2,BARRIO COMPLETO
13,01,01,001,028,130101001028,BARRIO TALAMANCA,2,BARRIO COMPLETO
13,01,01,001,029,130101001029,EL VALLE DE LAS ROSAS,2,BARRIO COMPLETO
13,01,01,001,030,130101001030,PEÑA BLANCA,2,BARRIO COMPLETO
13,01,01,001,031,130101001031,RESIDENCIAL LA ARBOLEDA,2,BARRIO COMPLETO
13,01,01,001,032,130101001032,SAN AGUSTÍN (P ),2,BARRIO COMPLETO
13,01,01,001,034,130101001034,URBANIZACIÓN LA HACIENDA,2,BARRIO COMPLETO
13,01,01,001,035,130101001035,LA CASCADA,2,BARRIO COMPLETO
13,01,01,001,036,130101001036,URBANIZACIÓN LOS CORTIJOS,2,BARRIO COMPLETO
13,01,01,001,037,130101001037,ALTOS DE LAS ACACIAS,2,BARRIO COMPLETO
13,01,01,001,038,130101001038,BARRIADA CANAÁN,2,BARRIO COMPLETO
13,01,01,001,039,130101001039,LA VERANERA,2,BARRIO COMPLETO
13,01,01,001,040,130101001040,BOO YALA,2,BARRIO COMPLETO
13,01,01,001,041,130101001041,BARRIADA BOO YALA,2,BARRIO COMPLETO
13,01,01,001,042,130101001042,BOO YALA CHIQUITO,2,BARRIO COMPLETO
13,01,01,001,043,130101001043,LOS LAURELES,2,BARRIO COMPLETO
13,01,01,001,044,130101001044,EL TECAL,2,BARRIO COMPLETO
13,01,01,001,045,130101001045,ALTO BONITO,2,BARRIO COMPLETO
13,01,01,001,046,130101001046,ALTOS DEL PARAÍSO,2,BARRIO COMPLETO
13,01,01,001,047,130101001047,CASTILLO DE ORO,2,BARRIO COMPLETO
13,01,01,001,048,130101001048,CUATRO TORRES,2,BARRIO COMPLETO
13,01,01,001,049,130101001049,HUERTO DEL EDÉN,2,BARRIO COMPLETO
13,01,01,002,001,130101002001,BURUNGA,3,BARRIO PARTE
13,01,01,003,001,130101003001,CÁCERES,2,BARRIO COMPLETO
13,01,01,003,002,130101003002,URBANIZACIÓN LA LOMITA,2,BARRIO COMPLETO
13,01,01,003,003,130101003003,VILLAS EL CARRIZAL,2,BARRIO COMPLETO
13,01,01,006,001,130101006001,EL LLANO,2,BARRIO COMPLETO
13,01,01,006,002,130101006002,LAS ACACIAS,2,BARRIO COMPLETO
13,01,01,006,003,130101006003,11 DE OCTUBRE,2,BARRIO COMPLETO
13,01,01,006,004,130101006004,VISTA BELLA,2,BARRIO COMPLETO
13,01,01,006,005,130101006005,LA CANTERA,2,BARRIO COMPLETO
13,01,01,006,006,130101006006,BARRIADA AIRES DEL LLANO,2,BARRIO COMPLETO
13,01,01,006,007,130101006007,PUERTA DE LOS ÁNGELES,2,BARRIO COMPLETO
13,01,01,006,008,130101006008,URBANIZACIÓN VALLE DEL NÍSPERO,2,BARRIO COMPLETO
13,01,01,006,009,130101006009,RESIDENCIAL AIRES DE LAS ACACIAS,2,BARRIO COMPLETO
13,01,01,006,010,130101006010,VISTA BELLA VILLAGE,2,BARRIO COMPLETO
13,01,01,033,001,130101033001,CANTÓN DE CÁCERES,2,BARRIO COMPLETO
13,01,01,033,002,130101033002,LAS COLINAS DE CÁCERES,2,BARRIO COMPLETO
13,01,01,033,003,130101033003,CÁCERES HILL,2,BARRIO COMPLETO
13,01,01,050,001,130101050001,TUCÁN COUNTRY CLUB AND RESORT,2,BARRIO COMPLETO
13,01,01,050,002,130101050002,RODMAN,2,BARRIO COMPLETO
13,01,02,001,001,130102001001,CERRO TIGRE,3,BARRIO PARTE
13,01,02,001,002,130102001002,URBANIZACIÓN VILLA KARLA,2,BARRIO COMPLETO
13,01,02,001,003,130102001003,VILLA PATRICIA,2,BARRIO COMPLETO
13,01,02,001,004,130102001004,RESIDENCIAL ALTOS DE CERRO TIGRE,2,BARRIO COMPLETO
13,01,02,001,005,130102001005,URBANIZACIÓN LA ROCA 33,2,BARRIO COMPLETO
13,01,02,001,006,130102001006,LA ROCA ES JESÚS,2,BARRIO COMPLETO
13,01,02,002,001,130102002001,LAS COLINAS DE CHAPALA,2,BARRIO COMPLETO
13,01,02,002,002,130102002002,CHAPALA,2,BARRIO COMPLETO
13,01,02,002,003,130102002003,BRISAS DEL GOLF,2,BARRIO COMPLETO
13,01,02,002,004,130102002004,RESIDENCIAL PRINCESA MÍA III,3,BARRIO PARTE
13,01,02,002,005,130102002005,URBANIZACIÓN EL PALMAR,2,BARRIO COMPLETO
13,01,02,002,006,130102002006,VILLAS DE ANTIGUA,2,BARRIO COMPLETO
13,01,02,002,007,130102002007,RESIDENCIAL BOSQUES DEL PRADO,2,BARRIO COMPLETO
13,01,02,002,008,130102002008,P.H. FOREST HILLS,2,BARRIO COMPLETO
13,01,02,002,009,130102002009,URBANIZACIÓN PUERTA REAL,2,BARRIO COMPLETO
13,01,02,002,010,130102002010,REPARTO BELLA VISTA,2,BARRIO COMPLETO
13,01,02,002,011,130102002011,RESIDENCIAL LOS VALLES,2,BARRIO COMPLETO
13,01,02,002,012,130102002012,WEST GARDENS,2,BARRIO COMPLETO
13,01,02,002,013,130102002013,LAS TORRES,2,BARRIO COMPLETO
13,01,02,002,014,130102002014,EL CAFETAL,2,BARRIO COMPLETO
13,01,02,003,001,130102003001,SAN BERNARDINO,2,BARRIO COMPLETO
13,01,02,003,002,130102003002,FINCA MARÍA,2,BARRIO COMPLETO
13,01,02,003,003,130102003003,BOSQUES DE VALLE HERMOSO,2,BARRIO COMPLETO
13,01,02,003,004,130102003004,BRISAS DEL CAMPO,2,BARRIO COMPLETO
13,01,02,003,005,130102003005,PARQUE CENTRAL,2,BARRIO COMPLETO
13,01,02,004,001,130102004001,HATO MONTAÑA,2,BARRIO COMPLETO
13,01,02,004,002,130102004002,PLATINUM PARK,2,BARRIO COMPLETO
13,01,02,004,003,130102004003,URBANIZACIÓN PARQUES DEL OESTE,2,BARRIO COMPLETO
13,01,02,004,004,130102004004,URBANIZACIÓN MONTERREGIO,2,BARRIO COMPLETO
13,01,02,004,005,130102004005,RESIDENCIAL VILLA DIANA,2,BARRIO COMPLETO
13,01,02,004,006,130102004006,URBANIZACIÓN AIRES DE HATO MONTAÑA,2,BARRIO COMPLETO
13,01,02,004,007,130102004007,URBANIZACIÓN BELMONTE,2,BARRIO COMPLETO
13,01,02,004,008,130102004008,URBANIZACIÓN HATO MONTAÑA,2,BARRIO COMPLETO
13,01,02,004,009,130102004009,ALTOS DE EL NARANJAL,2,BARRIO COMPLETO
13,01,02,004,010,130102004010,PARQUES DE OVIEDO,2,BARRIO COMPLETO
13,01,02,004,011,130102004011,REPARTO ALBORADA,2,BARRIO COMPLETO
13,01,02,004,012,130102004012,WEST VILLAGE,2,BARRIO COMPLETO
13,01,02,004,013,130102004013,P.H. OLIMPIA,2,BARRIO COMPLETO
13,01,02,004,014,130102004014,ROYAL PARK,2,BARRIO COMPLETO
13,01,02,004,015,130102004015,URBANIZACIÓN VALLERREGIO,2,BARRIO COMPLETO
13,01,02,004,016,130102004016,VILLA DORADA,2,BARRIO COMPLETO
13,01,02,004,018,130102004018,VERONA,2,BARRIO COMPLETO
13,01,02,004,019,130102004019,PIAMONTE,2,BARRIO COMPLETO
13,01,02,006,001,130102006001,NUEVO ARRAIJÁN,2,BARRIO COMPLETO
13,01,02,006,002,130102006002,URBANIZACIÓN BELLO AMOR,2,BARRIO COMPLETO
13,01,02,006,003,130102006003,BARRIADA 7 DE JUNIO,2,BARRIO COMPLETO
13,01,02,006,004,130102006004,RESIDENCIAL LOS PINOS,2,BARRIO COMPLETO
13,01,02,006,005,130102006005,URBANIZACIÓN SAN GABRIEL,2,BARRIO COMPLETO
13,01,02,006,006,130102006006,VILLAS DEL ENCANTO,2,BARRIO COMPLETO
13,01,02,006,007,130102006007,URBANIZACIÓN VALLE HERMOSO,2,BARRIO COMPLETO
13,01,02,006,008,130102006008,SAN BERNARDINO,2,BARRIO COMPLETO
13,01,02,006,009,130102006009,URBANIZACIÓN ALTOS DE SAN GABRIEL,2,BARRIO COMPLETO
13,01,02,006,010,130102006010,URBANIZACIÓN VALLE DEL SOL,2,BARRIO COMPLETO
13,01,02,006,011,130102006011,BARRIADA DAVID CÁCERES,2,BARRIO COMPLETO
13,01,02,006,012,130102006012,RESIDENCIAL PARQUE CENTENARIO,2,BARRIO COMPLETO
13,01,02,006,013,130102006013,URBANIZACIÓN PUERTA DE HIERRO,2,BARRIO COMPLETO
13,01,02,006,014,130102006014,BARRIADA VALLE DE SAN BERNARDINO,2,BARRIO COMPLETO
13,01,02,006,015,130102006015,QUINTAS DE NUEVO ARRAIJÁN,2,BARRIO COMPLETO
13,01,02,006,016,130102006016,ARRAIJÁN COUNTRY CLUB,2,BARRIO COMPLETO
13,01,02,006,017,130102006017,EL REALENGO,2,BARRIO COMPLETO
13,01,02,006,018,130102006018,P.H. RIVERSIDE VILLAGE,2,BARRIO COMPLETO
13,01,02,006,019,130102006019,P.H. WEST SANTORINI,2,BARRIO COMPLETO
13,01,02,006,020,130102006020,RESIDENCIAL APEIBA,2,BARRIO COMPLETO
13,01,02,006,021,130102006021,RESIDENCIAL LAS LAJAS,2,BARRIO COMPLETO
13,01,02,006,022,130102006022,RESIDENCIAL PORTOBELO,2,BARRIO COMPLETO
13,01,02,007,001,130102007001,NUEVO GUARARÉ,2,BARRIO COMPLETO
13,01,02,007,002,130102007002,RESIDENCIAL GREEN VILLAGE,2,BARRIO COMPLETO
13,01,02,007,003,130102007003,RESIDENCIAL LOS SAUCES,2,BARRIO COMPLETO
13,01,02,007,004,130102007004,VILLAS DE LA ALAMEDA,2,BARRIO COMPLETO
13,01,02,007,005,130102007005,THE HILL TOP,2,BARRIO COMPLETO
13,01,02,007,006,130102007006,ECOGARDENS,2,BARRIO COMPLETO
13,01,02,007,007,130102007007,RESIDENCIAL CLAVEL,2,BARRIO COMPLETO
13,01,02,007,008,130102007008,RESIDENCIAL LAS VERDES,2,BARRIO COMPLETO
13,01,02,007,009,130102007009,P.H. PASEO DEL REY,2,BARRIO COMPLETO
13,01,02,007,010,130102007010,RESIDENCIAL CIBELES/VILLAS DE VALENCIA,2,BARRIO COMPLETO
13,01,02,007,011,130102007011,SENDEROS DE BAMBÚ,2,BARRIO COMPLETO
13,01,02,007,012,130102007012,PRIMAVERA VILLAGE,2,BARRIO COMPLETO
13,01,02,007,013,130102007013,BAMBÚ GARDENS,2,BARRIO COMPLETO
13,01,02,009,001,130102009001,URBANIZACIÓN EL PALMAR,2,BARRIO COMPLETO
13,01,02,009,002,130102009002,SAN JOSÉ,2,BARRIO COMPLETO
13,01,02,009,003,130102009003,BRISAS DE ARRAIJÁN,2,BARRIO COMPLETO
13,01,02,009,004,130102009004,P.H. RESIDENCIAL PRIMAVERA,2,BARRIO COMPLETO
13,01,02,009,005,130102009005,VILLAS DEL PALMAR,2,BARRIO COMPLETO
13,01,02,011,001,130102011001,EL COPÉ,2,BARRIO COMPLETO
13,01,02,011,002,130102011002,RESIDENCIAL EDÉN,2,BARRIO COMPLETO
13,01,02,015,001,130102015001,CIUDAD DEL FUTURO,2,BARRIO COMPLETO
13,01,02,015,002,130102015002,VILLA LAS PRADERAS,2,BARRIO COMPLETO
13,01,02,015,003,130102015003,VILLA LAS PALMERAS,2,BARRIO COMPLETO
13,01,02,015,004,130102015004,RESIDENCIAL ARAGÓN,2,BARRIO COMPLETO
13,01,02,015,005,130102015005,P.H. LA SIERRA,2,BARRIO COMPLETO
13,01,02,015,006,130102015006,RESIDENCIAL LA CAMPIÑA,2,BARRIO COMPLETO
13,01,02,015,007,130102015007,RESIDENCIAL PARK VILLAGE,2,BARRIO COMPLETO
13,01,02,015,008,130102015008,RESIDENCIAL SANTILLANA A,2,BARRIO COMPLETO
13,01,02,015,009,130102015009,VILLA LAS OROPÉNDOLAS,2,BARRIO COMPLETO
13,01,02,015,010,130102015010,VILLAS DEL BOSQUE,2,BARRIO COMPLETO
13,01,02,015,011,130102015011,LOS PALMITOS DE ARRAIJÁN,2,BARRIO COMPLETO
13,01,02,015,012,130102015012,SENDEROS DE ARRAIJÁN,2,BARRIO COMPLETO
13,01,02,015,013,130102015013,RESIDENCIAL SANTILLANA B,2,BARRIO COMPLETO
13,01,02,015,014,130102015014,RESIDENCIAL CANTABRIA,2,BARRIO COMPLETO
13,01,02,015,015,130102015015,RESERVA DE LAS VILLAS,2,BARRIO COMPLETO
13,01,02,015,016,130102015016,FOREST VILLAGE,2,BARRIO COMPLETO
13,01,02,019,001,130102019001,ALTOS DE NUEVO ARRAIJÁN,2,BARRIO COMPLETO
13,01,02,019,002,130102019002,RESIDENCIAL NUEVO ARRAIJÁN,2,BARRIO COMPLETO
13,01,02,019,003,130102019003,RESIDENCIAL ALICANTE,2,BARRIO COMPLETO
13,01,02,019,004,130102019004,RESIDENCIAL BRISAS DE TOLEDO,2,BARRIO COMPLETO
13,01,02,025,001,130102025001,VILLAS DE LAGO EMPERADOR,3,BARRIO PARTE
13,01,03,003,001,130103003001,BERNARDINO ARRIBA,2,BARRIO COMPLETO
13,01,03,003,002,130103003002,BRISAS DEL PARAÍSO,2,BARRIO COMPLETO
13,01,03,003,004,130103003004,LAS GUABITAS ARRIBA,2,BARRIO COMPLETO
13,01,03,003,006,130103003006,URBANIZACIÓN LA FLORIDA,2,BARRIO COMPLETO
13,01,03,003,007,130103003007,VILLAS DE BETUEL,2,BARRIO COMPLETO
13,01,03,003,008,130103003008,URBANIZACIÓN VILLAS DE ROMA,2,BARRIO COMPLETO
13,01,03,003,009,130103003009,VILLAS DEL LAGO,2,BARRIO COMPLETO
13,01,03,003,010,130103003010,VILLA LUNA,2,BARRIO COMPLETO
13,01,03,012,001,130103012001,NUEVO EMPERADOR,2,BARRIO COMPLETO
13,01,03,012,002,130103012002,URBANIZACIÓN LOS MONTEROS,2,BARRIO COMPLETO
13,01,03,012,003,130103012003,BONANZA COUNTRY CLUB,2,BARRIO COMPLETO
13,01,03,012,004,130103012004,COLINAS DE BONANZA,2,BARRIO COMPLETO
13,01,03,014,001,130103014001,SACRAMENTO,2,BARRIO COMPLETO
13,01,03,014,002,130103014002,ALTOS DE NUEVO EMPERADOR,2,BARRIO COMPLETO
13,01,03,014,003,130103014003,BARRIADA EMAÚS HILL,2,BARRIO COMPLETO
13,01,03,014,004,130103014004,BOSQUES DE ARRAIJÁN,2,BARRIO COMPLETO
13,01,03,014,005,130103014005,EL LLANO,2,BARRIO COMPLETO
13,01,03,014,006,130103014006,JARDINES DEL OESTE,2,BARRIO COMPLETO
13,01,03,014,007,130103014007,QANAH GARDENS,2,BARRIO COMPLETO
13,01,03,014,008,130103014008,RESIDENCIAL SAN MIGUEL,2,BARRIO COMPLETO
13,01,03,014,009,130103014009,BARRIADA GIL,2,BARRIO COMPLETO
13,01,03,027,001,130103027001,VILLAS DE LAGO EMPERADOR,3,BARRIO PARTE
13,01,03,027,002,130103027002,EL CARRIZAL,2,BARRIO COMPLETO
13,01,03,027,003,130103027003,PASEO SAN NICOLÁS I,2,BARRIO COMPLETO
13,01,03,027,004,130103027004,PASEO SAN NICOLÁS II,2,BARRIO COMPLETO
13,01,03,027,005,130103027005,QUINTAS DE LAGO EMPERADOR,2,BARRIO COMPLETO
13,01,03,027,006,130103027006,ARMONÍA VILLAGE,2,BARRIO COMPLETO
13,01,05,003,001,130105003001,ALTOS DE LA ROCA,2,BARRIO COMPLETO
13,01,05,003,002,130105003002,BARRIADA ALTO DE MIRAMAR,2,BARRIO COMPLETO
13,01,05,003,003,130105003003,BARRIADA ESPERANZA NO.2,2,BARRIO COMPLETO
13,01,05,003,004,130105003004,BARRIADA LOS PINOS,2,BARRIO COMPLETO
13,01,05,003,005,130105003005,BARRIADA PANAMÁ,2,BARRIO COMPLETO
13,01,05,003,006,130105003006,CHARCO MACHO,2,BARRIO COMPLETO
13,01,05,003,007,130105003007,CHUMICAL,2,BARRIO COMPLETO
13,01,05,003,008,130105003008,COSTA DEL SOL,2,BARRIO COMPLETO
13,01,05,003,010,130105003010,EL REALENGO,2,BARRIO COMPLETO
13,01,05,003,011,130105003011,LA REPRESA,2,BARRIO COMPLETO
13,01,05,003,012,130105003012,MAJAGUAL,2,BARRIO COMPLETO
13,01,05,003,013,130105003013,VERACRUZ,2,BARRIO COMPLETO
13,01,05,003,015,130105003015,BARRIADA CANCÚN,2,BARRIO COMPLETO
13,01,05,003,016,130105003016,BARRIADA BELLO HORIZONTE,2,BARRIO COMPLETO
13,01,05,003,017,130105003017,ALTOS DEL CHUMICAL,2,BARRIO COMPLETO
13,01,05,003,018,130105003018,BRISAS DEL VALLE,2,BARRIO COMPLETO
13,01,05,003,019,130105003019,BARRIADA NUEVA ESPERANZA,2,BARRIO COMPLETO
13,01,05,003,020,130105003020,LA VICTORIA O PROMESA,2,BARRIO COMPLETO
13,01,05,003,021,130105003021,KOSKUNA,2,BARRIO COMPLETO
13,01,05,003,022,130105003022,EL TRIUNFO,2,BARRIO COMPLETO
13,01,05,017,001,130105017001,HOWARD,2,BARRIO COMPLETO
13,01,05,017,004,130105017004,FARFÁN,2,BARRIO COMPLETO
13,01,05,017,007,130105017007,RESIDENCIAL HOWARD,2,BARRIO COMPLETO
13,01,05,017,008,130105017008,VILLAS DE HOWARD,2,BARRIO COMPLETO
13,01,05,025,001,130105025001,BOSQUES DEL PACÍFICO,2,BARRIO COMPLETO
13,01,05,025,002,130105025002,PALMÍA   WOODLANDS,2,BARRIO COMPLETO
13,01,05,025,003,130105025003,PANAMÁ PACÍFICO,2,BARRIO COMPLETO
13,01,05,025,004,130105025004,P.H. MIDRISE,2,BARRIO COMPLETO
13,01,05,025,005,130105025005,P.H. SF1,2,BARRIO COMPLETO
13,01,05,025,006,130105025006,P.H. SF2,2,BARRIO COMPLETO
13,01,05,025,007,130105025007,P.H. SF3,2,BARRIO COMPLETO
13,01,05,025,008,130105025008,RESIDENCIAL P.H. NATIVA,2,BARRIO COMPLETO
13,01,05,025,009,130105025009,RIVER VALLEY,2,BARRIO COMPLETO
13,01,05,025,010,130105025010,EXPLORA,2,BARRIO COMPLETO
13,01,05,025,011,130105025011,MADEIRA,2,BARRIO COMPLETO
13,01,05,025,012,130105025012,PARTERRE,2,BARRIO COMPLETO
13,01,05,026,001,130105026001,THE WESTIN,2,BARRIO COMPLETO
13,01,05,026,002,130105026002,DREAMS PAYA BONITA,2,BARRIO COMPLETO
13,01,06,004,001,130106004001,BARRIADA 4 DE FEBRERO,2,BARRIO COMPLETO
13,01,06,004,002,130106004002,BARRIADA YANITZA,2,BARRIO COMPLETO
13,01,06,004,003,130106004003,LA COLINA,2,BARRIO COMPLETO
13,01,06,004,004,130106004004,LA CONSTANCIA,2,BARRIO COMPLETO
13,01,06,004,005,130106004005,LOMA BONITA,2,BARRIO COMPLETO
13,01,06,004,006,130106004006,MARACANÁ,2,BARRIO COMPLETO
13,01,06,004,007,130106004007,EL MIRADOR,2,BARRIO COMPLETO
13,01,06,004,008,130106004008,PASEO LA UNIÓN,2,BARRIO COMPLETO
13,01,06,004,009,130106004009,RÍO INDIO,2,BARRIO COMPLETO
13,01,06,004,010,130106004010,URBANIZACIÓN MAYÍN,2,BARRIO COMPLETO
13,01,06,004,011,130106004011,VISTA ALEGRE,2,BARRIO COMPLETO
13,01,06,004,012,130106004012,VILLA ÁNGELA,2,BARRIO COMPLETO
13,01,06,004,013,130106004013,REPARTO MARÍA EUGENIA,2,BARRIO COMPLETO
13,01,06,004,014,130106004014,VILLA ALEGRE,2,BARRIO COMPLETO
13,01,06,004,015,130106004015,P.H. PRIMAVERA PREMIUM,2,BARRIO COMPLETO
13,01,06,006,002,130106006002,ALTOS DE VACAMONTE,2,BARRIO COMPLETO
13,01,06,006,003,130106006003,BRISAS DEL CHUMICAL,2,BARRIO COMPLETO
13,01,06,006,004,130106006004,BARRIADA TAGAR KUNA YALA,2,BARRIO COMPLETO
13,01,06,006,008,130106006008,LA FLORESTA,2,BARRIO COMPLETO
13,01,06,006,013,130106006013,SOL NACIENTE,2,BARRIO COMPLETO
13,01,06,006,015,130106006015,URBANIZACIÓN ALTAMIRA,2,BARRIO COMPLETO
13,01,06,006,016,130106006016,EL VALLE DE ARRAIJÁN,2,BARRIO COMPLETO
13,01,06,006,017,130106006017,RESIDENCIAL BRISAS DEL MAR O RESIDENCIAL LA REINA,2,BARRIO COMPLETO
13,01,06,006,018,130106006018,ALTOS DEL MIRADOR,2,BARRIO COMPLETO
13,01,06,006,021,130106006021,ALTOS DEL CHUMICAL,2,BARRIO COMPLETO
13,01,06,010,001,130106010001,RESIDENCIAL ALTOS DE VISTA ALEGRE,2,BARRIO COMPLETO
13,01,06,010,002,130106010002,RESIDENCIAL VISTA ALEGRE,2,BARRIO COMPLETO
13,01,06,017,001,130106017001,RESIDENCIAL OLAS,2,BARRIO COMPLETO
13,01,06,017,002,130106017002,RESIDENCIAL PLAYAMAR,2,BARRIO COMPLETO
13,01,06,017,003,130106017003,RESIDENCIAL VISTA AZUL,2,BARRIO COMPLETO
13,01,06,017,004,130106017004,RESIDENCIAL ALAMAR,2,BARRIO COMPLETO
13,01,06,017,005,130106017005,RESIDENCIAL ALTAMARINA,2,BARRIO COMPLETO
13,01,06,017,006,130106017006,RESIDENCIAL VILLA MARINA I,2,BARRIO COMPLETO
13,01,06,017,007,130106017007,RESIDENCIAL VILLA MARINA II,2,BARRIO COMPLETO
13,01,06,017,009,130106017009,RESIDENCIAL RIBERA,2,BARRIO COMPLETO
13,01,06,017,010,130106017010,RESIDENCIAL QUINTAS DE PLAYA DORADA,2,BARRIO COMPLETO
13,01,06,017,011,130106017011,RESIDENCIAL SOL DE MAR,2,BARRIO COMPLETO
13,01,07,001,001,130107001001,URBANIZACIÓN LA ESTANCIA,2,BARRIO COMPLETO
13,01,07,001,002,130107001002,SAN AGUSTÍN,3,BARRIO PARTE
13,01,07,001,003,130107001003,NUEVO SAN AGUSTÍN,2,BARRIO COMPLETO
13,01,07,001,004,130107001004,LA GRAN BENDICIÓN,2,BARRIO COMPLETO
13,01,07,002,001,130107002001,BARRIADA EL CAMPESINO,2,BARRIO COMPLETO
13,01,07,002,002,130107002002,BARRIADA EL PROGRESO,2,BARRIO COMPLETO
13,01,07,002,003,130107002003,BARRIADA ROGELIO PAREDES,2,BARRIO COMPLETO
13,01,07,002,004,130107002004,BARRIADA 11 DE OCTUBRE,2,BARRIO COMPLETO
13,01,07,002,005,130107002005,BARRIADA 2000,2,BARRIO COMPLETO
13,01,07,002,006,130107002006,BARRIADA GENERACIÓN 2000,2,BARRIO COMPLETO
13,01,07,002,007,130107002007,LAS COLINAS,2,BARRIO COMPLETO
13,01,07,002,008,130107002008,BARRIADA 13 DE FEBRERO,2,BARRIO COMPLETO
13,01,07,002,009,130107002009,FINCA LA LAJITA,2,BARRIO COMPLETO
13,01,07,002,010,130107002010,LA CASCADA,2,BARRIO COMPLETO
13,01,07,002,011,130107002011,URBANIZACIÓN LA ALAMEDA,2,BARRIO COMPLETO
13,01,07,002,012,130107002012,BARRIADA 2000 RURAL,2,BARRIO COMPLETO
13,01,07,002,013,130107002013,NUEVA JERUSALÉN,2,BARRIO COMPLETO
13,01,07,004,001,130107004001,BARRIADA EL TORO,2,BARRIO COMPLETO
13,01,07,004,002,130107004002,BARRIADA LOS ÁNGELES,2,BARRIO COMPLETO
13,01,07,004,003,130107004003,BARRIADA OMAR TORRIJOS,2,BARRIO COMPLETO
13,01,07,004,004,130107004004,LOS GUAYACANES,2,BARRIO COMPLETO
13,01,07,004,005,130107004005,VILLA MONROY,2,BARRIO COMPLETO
13,01,07,004,006,130107004006,BARRIADA NUEVA LUZ,2,BARRIO COMPLETO
13,01,07,004,007,130107004007,BARRIADA NUEVA LUZ NO.2,2,BARRIO COMPLETO
13,01,07,004,008,130107004008,EL ÉXODO,2,BARRIO COMPLETO
13,01,07,005,001,130107005001,BARRIADA ALTOS DE LAS TORRES,2,BARRIO COMPLETO
13,01,07,005,002,130107005002,BURUNGA,3,BARRIO PARTE
13,01,07,005,003,130107005003,EL CHORRO,2,BARRIO COMPLETO
13,01,07,005,004,130107005004,RESIDENCIAL DOÑA VITA,2,BARRIO COMPLETO
13,01,07,005,005,130107005005,CERRO EL CASTILLO,2,BARRIO COMPLETO
13,01,07,008,001,130107008001,PALO DIFERENTE,2,BARRIO COMPLETO
13,01,07,008,002,130107008002,ALTOS DE PALMA REAL,2,BARRIO COMPLETO
13,01,07,008,003,130107008003,BARRIADA 28 DE JUNIO,2,BARRIO COMPLETO
13,01,07,008,004,130107008004,CERRO EL TIGRE,2,BARRIO COMPLETO
13,01,07,008,005,130107008005,LAS TORRES DE CHAPALA,2,BARRIO COMPLETO
13,01,07,008,006,130107008006,LLUVIA DE BENDICIONES,2,BARRIO COMPLETO
13,01,07,008,007,130107008007,RESIDENCIAL COLINAS DEL OESTE,2,BARRIO COMPLETO
13,01,07,008,008,130107008008,RESIDENCIAL GREENLAND,2,BARRIO COMPLETO
13,01,07,008,009,130107008009,RESIDENCIAL VISTA VERDE,2,BARRIO COMPLETO
13,01,07,012,001,130107012001,URBANIZACIÓN COLINAS DEL SOL,2,BARRIO COMPLETO
13,01,07,012,002,130107012002,URBANIZACIÓN BRISAS DEL SOL,2,BARRIO COMPLETO
13,01,07,012,003,130107012003,RÍO POTRERO NO.1,2,BARRIO COMPLETO
13,01,07,012,004,130107012004,URBANIZACIÓN BRISAS DE BURUNGA,2,BARRIO COMPLETO
13,01,08,001,001,130108001001,CÁCERES,2,BARRIO COMPLETO
13,01,08,001,002,130108001002,BRISAS CAMPESTRES,2,BARRIO COMPLETO
13,01,08,001,003,130108001003,RÍO CÁCERES,2,BARRIO COMPLETO
13,01,08,002,001,130108002001,CERRO TIGRE,3,BARRIO PARTE
13,01,08,002,002,130108002002,RESIDENCIAL EL BAMBÚ,2,BARRIO COMPLETO
13,01,08,002,003,130108002003,RESIDENCIAL TIERRA BELLA,2,BARRIO COMPLETO
13,01,08,003,001,130108003001,BARRIADA FUNDAVICO,2,BARRIO COMPLETO
13,01,08,003,002,130108003002,CERRO SILVESTRE,2,BARRIO COMPLETO
13,01,08,003,003,130108003003,LOS CAOBOS,2,BARRIO COMPLETO
13,01,08,003,004,130108003004,TRES MARÍAS,2,BARRIO COMPLETO
13,01,08,003,005,130108003005,RESIDENCIAL ALTOS DE CÁCERES,2,BARRIO COMPLETO
13,01,08,003,006,130108003006,URBANIZACIÓN LOS ROSALES,2,BARRIO COMPLETO
13,01,08,003,007,130108003007,URBANIZACIÓN MONTE VISTA,2,BARRIO COMPLETO
13,01,08,003,008,130108003008,REPARTO ALTOS DE CÁCERES,2,BARRIO COMPLETO
13,01,08,003,009,130108003009,RESIDENCIAL LA ISABELA,2,BARRIO COMPLETO
13,01,08,003,010,130108003010,ALTOS DE LOMA CAMILA,2,BARRIO COMPLETO
13,01,08,003,011,130108003011,ALTOS DEL OESTE,2,BARRIO COMPLETO
13,01,08,003,012,130108003012,BARRIADA MONTE CLARO,2,BARRIO COMPLETO
13,01,08,003,013,130108003013,LA GALAXIA,2,BARRIO COMPLETO
13,01,08,003,014,130108003014,LOMA CAMILA,2,BARRIO COMPLETO
13,01,08,003,015,130108003015,LOS PARIENTES,2,BARRIO COMPLETO
13,01,08,006,001,130108006001,LA CONSTANCIA,2,BARRIO COMPLETO
13,01,08,006,002,130108006002,ALAMEDAS DEL VALLE,2,BARRIO COMPLETO
13,01,08,006,003,130108006003,RESIDENCIAL VILLA CONSTANCIA,2,BARRIO COMPLETO
13,01,08,006,004,130108006004,URBANIZACIÓN VILLA NERY,2,BARRIO COMPLETO
13,01,08,006,005,130108006005,VILLA HEREDIA,2,BARRIO COMPLETO
13,01,08,006,006,130108006006,VISTA DEL MAR,2,BARRIO COMPLETO
13,01,08,006,007,130108006007,EL ROBLE DE ARRAIJÁN,2,BARRIO COMPLETO
13,01,08,012,001,130108012001,SAN VICENTE DE BIQUE,2,BARRIO COMPLETO
13,01,08,012,002,130108012002,RESIDENCIAL BELLA ESPERANZA,2,BARRIO COMPLETO
13,01,08,012,003,130108012003,RESIDENCIAL VILLA ELENA,2,BARRIO COMPLETO
13,01,08,012,004,130108012004,PUEBLO ESCONDIDO O PUEBLO NUEVO,2,BARRIO COMPLETO
13,01,08,012,005,130108012005,SAN ISIDRO,2,BARRIO COMPLETO
13,01,08,013,001,130108013001,URBANIZACIÓN NUEVO CHORRILLO,2,BARRIO COMPLETO
13,01,08,013,002,130108013002,LOMA VISTA MAR,2,BARRIO COMPLETO
13,01,08,013,003,130108013003,URBANIZACIÓN LLUVIA DE ORO,2,BARRIO COMPLETO
13,01,08,013,004,130108013004,URBANIZACIÓN LLUVIA DE ORO NO.2,2,BARRIO COMPLETO
13,01,08,013,005,130108013005,URBANIZACIÓN LLUVIA DE ORO NO.3,2,BARRIO COMPLETO
13,01,08,013,007,130108013007,ALTOS DE LAS TORRES,2,BARRIO COMPLETO
13,01,08,013,008,130108013008,JARDINES DE GRANADA,2,BARRIO COMPLETO
13,01,08,013,009,130108013009,LA CONSTANCIA,2,BARRIO COMPLETO
13,01,08,013,010,130108013010,RESIDENCIAL NUEVO CHORRILLO,2,BARRIO COMPLETO
13,01,08,013,011,130108013011,RESIDENCIAL VILLAS DE ORO,2,BARRIO COMPLETO
13,01,08,013,012,130108013012,VILLAS DE SANTANDER,2,BARRIO COMPLETO
13,01,08,013,013,130108013013,VILLAS DE SANTANDER II,2,BARRIO COMPLETO
13,01,08,013,014,130108013014,VALLE VERDE,2,BARRIO COMPLETO
13,01,08,015,001,130108015001,RESIDENCIAL PRINCESA MÍA I,2,BARRIO COMPLETO
13,01,08,015,002,130108015002,RESIDENCIAL PRINCESA MÍA II,2,BARRIO COMPLETO
13,01,08,015,003,130108015003,RESIDENCIAL LA CONDESA,2,BARRIO COMPLETO
13,01,08,015,004,130108015004,RESIDENCIAL PRINCESA MÍA III,3,BARRIO PARTE
13,01,08,015,005,130108015005,RESIDENCIAL PRINCESA MÍA IV,2,BARRIO COMPLETO
13,01,08,015,006,130108015006,RESIDENCIAL PRINCESA MÍA V,2,BARRIO COMPLETO
13,01,09,001,001,130109001001,ALTOS DE LAS HUACAS,2,BARRIO COMPLETO
13,01,09,001,002,130109001002,ALTOS DEL TECAL,2,BARRIO COMPLETO
13,01,09,001,003,130109001003,CIUDAD DE ESPERANZA,2,BARRIO COMPLETO
13,01,09,001,004,130109001004,CIUDAD VACAMONTE,2,BARRIO COMPLETO
13,01,09,001,005,130109001005,EL SOL DEL TECAL,2,BARRIO COMPLETO
13,01,09,001,006,130109001006,EL TECAL,2,BARRIO COMPLETO
13,01,09,001,007,130109001007,LAS HUACAS,2,BARRIO COMPLETO
13,01,09,001,008,130109001008,LAS PERLAS,2,BARRIO COMPLETO
13,01,09,001,009,130109001009,LOS CEREZOS,2,BARRIO COMPLETO
13,01,09,001,010,130109001010,LOS CEREZOS NO.2,2,BARRIO COMPLETO
13,01,09,001,011,130109001011,RESIDENCIAL COROTÚ,2,BARRIO COMPLETO
13,01,09,001,012,130109001012,RESIDENCIAL LA CONSTANCIA,2,BARRIO COMPLETO
13,01,09,001,013,130109001013,RESIDENCIAL VISTA ALEGRE NO.2 O CHORRILLITO,2,BARRIO COMPLETO
13,01,09,001,014,130109001014,RESIDENCIAL VISTA AZUL,2,BARRIO COMPLETO
13,01,09,001,015,130109001015,VALLE DE LOS CEREZOS,2,BARRIO COMPLETO
13,01,09,002,001,130109002001,ARCE,2,BARRIO COMPLETO
13,01,09,002,002,130109002002,CAOBO,2,BARRIO COMPLETO
13,01,09,002,003,130109002003,ESPAVÉ,2,BARRIO COMPLETO
13,01,09,002,004,130109002004,NOGAL,2,BARRIO COMPLETO
13,01,09,002,005,130109002005,BAMBÚ,2,BARRIO COMPLETO
13,03,01,002,001,130301002001,CAPIRA,2,BARRIO COMPLETO
13,03,01,002,002,130301002002,EL CIRUELITO,2,BARRIO COMPLETO
13,03,01,002,003,130301002003,FLAMENCO,2,BARRIO COMPLETO
13,03,01,002,004,130301002004,LAS COLINAS,2,BARRIO COMPLETO
13,03,01,002,005,130301002005,PUEBLO NUEVO,2,BARRIO COMPLETO
13,03,01,002,006,130301002006,SAN FELIPE,2,BARRIO COMPLETO
13,03,01,002,007,130301002007,SAN ISIDRO,2,BARRIO COMPLETO
13,03,01,002,008,130301002008,LOMA DE LAS CAÑAS,2,BARRIO COMPLETO
13,03,01,002,009,130301002009,BARRIADA VILLA VANESSA,2,BARRIO COMPLETO
13,03,01,002,010,130301002010,RESIDENCIAL DEL OESTE,2,BARRIO COMPLETO
13,03,01,002,012,130301002012,EL PROGRESO,2,BARRIO COMPLETO
13,03,06,090,001,130306090001,LEÓN,3,BARRIO PARTE
13,03,07,048,001,130307048001,LEÓN,3,BARRIO PARTE
13,03,07,048,002,130307048002,BOSQUES DE GALICIA,2,BARRIO COMPLETO
13,03,07,048,003,130307048003,NAVARRA,3,BARRIO PARTE
13,03,10,014,001,130310014001,BARRIADA SIMÓN BOLÍVAR,2,BARRIO COMPLETO
13,03,10,014,002,130310014002,DON BOSCO,2,BARRIO COMPLETO
13,03,10,014,003,130310014003,EL BONGO,2,BARRIO COMPLETO
13,03,10,014,005,130310014005,PEDREGAL,2,BARRIO COMPLETO
13,03,10,014,006,130310014006,SAN ISIDRO,2,BARRIO COMPLETO
13,03,10,014,007,130310014007,BARRAZA,2,BARRIO COMPLETO
13,03,10,014,008,130310014008,EL COCO,2,BARRIO COMPLETO
13,03,10,014,009,130310014009,NUEVA ESPERANZA,2,BARRIO COMPLETO
13,03,10,014,010,130310014010,PUEBLO NUEVO,2,BARRIO COMPLETO
13,03,10,014,011,130310014011,SAN JOSÉ,2,BARRIO COMPLETO
13,03,10,014,012,130310014012,URBANIZACIÓN VALLE DEL LÍDICE,2,BARRIO COMPLETO
13,03,10,014,013,130310014013,BARRIADA 31 DE OCTUBRE,2,BARRIO COMPLETO
13,03,10,014,014,130310014014,EL VALLECITO,2,BARRIO COMPLETO
13,03,10,014,015,130310014015,BARRIADA NUEVA JERUSALÉN,2,BARRIO COMPLETO
13,03,10,014,016,130310014016,BRISAS DE LÍDICE,2,BARRIO COMPLETO
13,03,12,006,001,130312006001,EL LLANO DEL SANTÍSIMO,2,BARRIO COMPLETO
13,03,12,006,002,130312006002,LA LOMA,2,BARRIO COMPLETO
13,03,12,006,003,130312006003,LOS GUAYACANES,2,BARRIO COMPLETO
13,03,12,006,004,130312006004,PUEBLO NUEVO,2,BARRIO COMPLETO
13,03,12,006,005,130312006005,VICTORIANO LORENZO,2,BARRIO COMPLETO
13,03,12,006,006,130312006006,VILLA ROSARIO,2,BARRIO COMPLETO
13,03,12,006,007,130312006007,BARRIADA VILLA MIREYA,2,BARRIO COMPLETO
13,04,01,003,001,130401003001,CHAME,2,BARRIO COMPLETO
13,04,01,003,002,130401003002,CHAME FIELD,3,BARRIO PARTE
13,04,01,003,003,130401003003,EL CELAJE,2,BARRIO COMPLETO
13,04,01,003,004,130401003004,LA PAZ,2,BARRIO COMPLETO
13,04,01,003,005,130401003005,PASO DEL MEDIO,2,BARRIO COMPLETO
13,04,01,003,006,130401003006,VILLAS CAMPESTRES DEL SOL,2,BARRIO COMPLETO
13,04,01,003,007,130401003007,ALTOS DE LA PAZ,2,BARRIO COMPLETO
13,04,01,003,008,130401003008,BARRIADA MIVI,2,BARRIO COMPLETO
13,04,01,003,009,130401003009,COLONIA EL CELAJE,3,BARRIO PARTE
13,04,02,002,001,130402002001,EL ALGARROBO,2,BARRIO COMPLETO
13,04,02,002,002,130402002002,CHAME FIELD,3,BARRIO PARTE
13,04,02,002,003,130402002003,BARRIADA DOMINGO DÍAZ,2,BARRIO COMPLETO
13,04,02,002,004,130402002004,BARRIADA MALAMBO,2,BARRIO COMPLETO
13,04,02,002,005,130402002005,BEJUCO,2,BARRIO COMPLETO
13,04,02,002,006,130402002006,EL BAJO,2,BARRIO COMPLETO
13,04,02,002,007,130402002007,BARRIADA LA SOBERANA,2,BARRIO COMPLETO
13,04,02,002,008,130402002008,EL LIRIO,2,BARRIO COMPLETO
13,04,02,002,009,130402002009,LA CALETA,2,BARRIO COMPLETO
13,04,02,002,010,130402002010,PUEBLO NUEVO,2,BARRIO COMPLETO
13,04,02,002,011,130402002011,BARRIADA AURORA,2,BARRIO COMPLETO
13,04,02,002,012,130402002012,BARRIADA BRISAS DEL SOL,2,BARRIO COMPLETO
13,04,02,002,013,130402002013,BARRIADA CALIDONIA,2,BARRIO COMPLETO
13,04,02,002,014,130402002014,BARRIADA LA 11 DE OCTUBRE,2,BARRIO COMPLETO
13,04,02,002,015,130402002015,BARRIADA VICTORIANO LORENZO,2,BARRIO COMPLETO
13,04,02,002,016,130402002016,COLONIA EL CELAJE,3,BARRIO PARTE
13,04,02,002,017,130402002017,PRIMAVERA,2,BARRIO COMPLETO
13,04,02,002,018,130402002018,RESIDENCIAL EL LIRIO,2,BARRIO COMPLETO
13,04,02,002,019,130402002019,HACIENDA PAPACONA,2,BARRIO COMPLETO
13,04,04,037,001,130404037001,LAS LAJAS,3,BARRIO PARTE
13,04,04,037,002,130404037002,CASA 'E CAMPO,2,BARRIO COMPLETO
13,04,04,037,003,130404037003,SANTA FE DE LAS LAJAS,3,BARRIO PARTE
13,04,04,037,004,130404037004,VILLA REAL,2,BARRIO COMPLETO
13,04,04,037,005,130404037005,VILLAS CAMPESTRE DE LAJAS,3,BARRIO PARTE
13,04,07,005,004,130407005004,AGUA MINA,2,BARRIO COMPLETO
13,04,07,005,005,130407005005,LLANO DEL MEDIO,3,BARRIO PARTE
13,04,07,005,006,130407005006,LAS LAJAS,3,BARRIO PARTE
13,04,07,005,007,130407005007,VILLAS DORADAS,2,BARRIO COMPLETO
13,04,07,005,008,130407005008,VILLAS DE ENSUEÑO,2,BARRIO COMPLETO
13,04,07,005,009,130407005009,VILLAS DEL PACÍFICO,2,BARRIO COMPLETO
13,04,07,005,011,130407005011,SANTA FE DE LAS LAJAS,3,BARRIO PARTE
13,04,07,005,012,130407005012,TUMBA MUERTO O LA PATRIA,2,BARRIO COMPLETO
13,04,07,005,013,130407005013,VILLAS CAMPESTRE DE LAJAS,3,BARRIO PARTE
13,04,07,005,014,130407005014,VILLAS DEL LLANO,2,BARRIO COMPLETO
13,04,07,005,015,130407005015,VILLAS DEL SOL,2,BARRIO COMPLETO
13,04,07,007,001,130407007001,COLINAS DEL MAR,2,BARRIO COMPLETO
13,04,07,007,002,130407007002,CORONADO ESCAPES,2,BARRIO COMPLETO
13,04,07,007,003,130407007003,LOS NÍSPEROS,2,BARRIO COMPLETO
13,04,07,007,004,130407007004,PALMERAS DEL GOLF,3,BARRIO PARTE
13,04,07,007,005,130407007005,P.H. BOUGANVILLAS,3,BARRIO PARTE
13,04,07,007,006,130407007006,PLAYA CORONADO,3,BARRIO PARTE
13,04,07,007,007,130407007007,URBANIZACIÓN CLUB ECUESTRE CORONADO,2,BARRIO COMPLETO
13,04,08,002,001,130408002001,NUEVA GORGONA,2,BARRIO COMPLETO
13,04,08,002,002,130408002002,LAS PALMAS DE GORGONA,2,BARRIO COMPLETO
13,04,08,002,003,130408002003,COLONCITO,2,BARRIO COMPLETO
13,04,08,002,004,130408002004,LLANO DEL MEDIO,3,BARRIO PARTE
13,04,08,002,005,130408002005,MALIBÚ LAKES,2,BARRIO COMPLETO
13,04,08,002,006,130408002006,PRADERAS DE COLONCITO,2,BARRIO COMPLETO
13,04,08,003,001,130408003001,PLAYA CORONADO,3,BARRIO PARTE
13,04,08,003,002,130408003002,BRISAS DE CORONADO,2,BARRIO COMPLETO
13,04,08,003,003,130408003003,PUNTA PARAÍSO COUNTRY VILLAS,2,BARRIO COMPLETO
13,04,08,003,004,130408003004,PALMERAS DEL GOLF,3,BARRIO PARTE
13,04,08,003,005,130408003005,C PARADISE,2,BARRIO COMPLETO
13,04,08,003,006,130408003006,PARADISE POINT,2,BARRIO COMPLETO
13,04,08,003,007,130408003007,PARADISE VILLAGE,2,BARRIO COMPLETO
13,04,08,003,008,130408003008,P.H. BOUGANVILLAS,3,BARRIO PARTE
13,04,11,035,001,130411035001,ASTURIAS,3,BARRIO PARTE
13,04,11,035,002,130411035002,BUENA VISTA,2,BARRIO COMPLETO
13,04,11,035,003,130411035003,EL PIAMONTE,2,BARRIO COMPLETO
13,04,11,035,004,130411035004,FONTANELLA,2,BARRIO COMPLETO
13,04,11,035,005,130411035005,LA RIOCA,2,BARRIO COMPLETO
13,04,11,035,006,130411035006,LA VEGA DE MONTALCINO,2,BARRIO COMPLETO
13,04,11,035,007,130411035007,LUCCA,2,BARRIO COMPLETO
13,04,11,035,008,130411035008,MIRADOR DEL PACÍFICO,2,BARRIO COMPLETO
13,04,11,035,009,130411035009,NAVARRA,3,BARRIO PARTE
13,04,11,035,010,130411035010,SANTIAGO APÓSTOL,2,BARRIO COMPLETO
13,04,11,035,011,130411035011,SIENA,2,BARRIO COMPLETO
13,04,11,035,012,130411035012,TOSCANA II,2,BARRIO COMPLETO
13,04,11,035,013,130411035013,TRIANA,2,BARRIO COMPLETO
13,04,11,035,014,130411035014,VALLE LA TOSCANA,2,BARRIO COMPLETO
13,04,11,035,015,130411035015,STYRIA,2,BARRIO COMPLETO
13,07,01,001,001,130701001001,BARRIADA MARTÍN SÁNCHEZ O EL MAESTRO,3,BARRIO PARTE
13,07,01,001,002,130701001002,BARRIADA NICOLÁS SOLANO,2,BARRIO COMPLETO
13,07,01,001,003,130701001003,BARRIADA REVOLUCIÓN,3,BARRIO PARTE
13,07,01,001,004,130701001004,BARRIADA SAN ANTONIO NO.2,2,BARRIO COMPLETO
13,07,01,001,005,130701001005,BARRIADA SAN ANTONIO NO.3,2,BARRIO COMPLETO
13,07,01,001,006,130701001006,LOS CHORRITOS NO.1,2,BARRIO COMPLETO
13,07,01,001,007,130701001007,EL HARINO,2,BARRIO COMPLETO
13,07,01,001,008,130701001008,EL HATILLO,2,BARRIO COMPLETO
13,07,01,001,009,130701001009,BARRIADA EL MARAÑONAL,2,BARRIO COMPLETO
13,07,01,001,010,130701001010,LOS GUAYABITOS,2,BARRIO COMPLETO
13,07,01,001,011,130701001011,LA CHORRERA,3,BARRIO PARTE
13,07,01,001,012,130701001012,BARRIADA LA SEDA,2,BARRIO COMPLETO
13,07,01,001,013,130701001013,LA TULIHUECA O NUEVA FLORIDA,2,BARRIO COMPLETO
13,07,01,001,014,130701001014,LAS ALBERTAS,2,BARRIO COMPLETO
13,07,01,001,015,130701001015,LA MATA DEL COCO,3,BARRIO PARTE
13,07,01,001,016,130701001016,PARAÍSO,2,BARRIO COMPLETO
13,07,01,001,017,130701001017,SAN NICOLÁS,2,BARRIO COMPLETO
13,07,01,001,018,130701001018,BARRIADA SAN PANCHO,2,BARRIO COMPLETO
13,07,01,001,019,130701001019,SANTA CLARA,2,BARRIO COMPLETO
13,07,01,001,020,130701001020,BARRIADA SANTOS JORGE,2,BARRIO COMPLETO
13,07,01,001,021,130701001021,BARRIADA DON ISAAC,2,BARRIO COMPLETO
13,07,01,001,022,130701001022,SAN ANTONIO,2,BARRIO COMPLETO
13,07,01,001,023,130701001023,BARRIADA VILLA VERDE,2,BARRIO COMPLETO
13,07,01,001,024,130701001024,BUENA VISTA,3,BARRIO PARTE
13,07,01,001,025,130701001025,LA RIVERA,2,BARRIO COMPLETO
13,07,01,001,026,130701001026,LAS PALMITAS,2,BARRIO COMPLETO
13,07,01,001,027,130701001027,LAS TORRES O VILLA DEL CARMEN,2,BARRIO COMPLETO
13,07,01,001,028,130701001028,PEÑASCAL,2,BARRIO COMPLETO
13,07,01,001,029,130701001029,RESIDENCIAL COOPEVE,2,BARRIO COMPLETO
13,07,01,001,030,130701001030,NAOS O SAN NICOLÁS,2,BARRIO COMPLETO
13,07,01,001,031,130701001031,BUENA VISTA NO.1,2,BARRIO COMPLETO
13,07,01,001,032,130701001032,RESIDENCIAL LOS LAURELES,2,BARRIO COMPLETO
13,07,01,001,033,130701001033,PORTO VIEJO,2,BARRIO COMPLETO
13,07,02,001,001,130702001001,BARRIO 11 DE OCTUBRE,2,BARRIO COMPLETO
13,07,02,001,002,130702001002,BARRIADA REVOLUCIÓN,3,BARRIO PARTE
13,07,02,001,003,130702001003,BARRIADA MARTÍN SÁNCHEZ O EL MAESTRO,3,BARRIO PARTE
13,07,02,001,004,130702001004,BARRIO MATUNA,2,BARRIO COMPLETO
13,07,02,001,005,130702001005,BARRIO VEGA,2,BARRIO COMPLETO
13,07,02,001,006,130702001006,BUENA VISTA,3,BARRIO PARTE
13,07,02,001,007,130702001007,CRIS,2,BARRIO COMPLETO
13,07,02,001,008,130702001008,EL CAMPESINO,2,BARRIO COMPLETO
13,07,02,001,010,130702001010,EL MATADERO,2,BARRIO COMPLETO
13,07,02,001,011,130702001011,EL MIÑO,2,BARRIO COMPLETO
13,07,02,001,012,130702001012,EL TORNO,2,BARRIO COMPLETO
13,07,02,001,013,130702001013,EL TRAPICHITO,2,BARRIO COMPLETO
13,07,02,001,014,130702001014,LA CHORRERA,3,BARRIO PARTE
13,07,02,001,015,130702001015,LA GOLLITA,2,BARRIO COMPLETO
13,07,02,001,016,130702001016,LAS HARAS O LA CABALLERIZA,2,BARRIO COMPLETO
13,07,02,001,017,130702001017,NUEVO LIMÓN,2,BARRIO COMPLETO
13,07,02,001,018,130702001018,CALLE LARGA,2,BARRIO COMPLETO
13,07,02,001,019,130702001019,PARCELACIÓN ORIENTAL,2,BARRIO COMPLETO
13,07,02,001,020,130702001020,PIÑALITO,2,BARRIO COMPLETO
13,07,02,001,021,130702001021,PIÑALITO SUR,2,BARRIO COMPLETO
13,07,02,001,022,130702001022,PUENTE VELÁSQUEZ NO.1,2,BARRIO COMPLETO
13,07,02,001,023,130702001023,PUENTE VELÁSQUEZ NO.2,2,BARRIO COMPLETO
13,07,02,001,026,130702001026,ROSARIO FINAL,2,BARRIO COMPLETO
13,07,02,001,027,130702001027,SAN MATEO,2,BARRIO COMPLETO
13,07,02,001,031,130702001031,BARRIADA MARIBEL,2,BARRIO COMPLETO
13,07,02,001,036,130702001036,RESIDENCIAL LAS PERLAS,2,BARRIO COMPLETO
13,07,02,001,037,130702001037,URBANIZACIÓN SAN FRANCISCO,2,BARRIO COMPLETO
13,07,02,001,044,130702001044,RESIDENCIAL PORTO VIEJO,2,BARRIO COMPLETO
13,07,02,001,048,130702001048,VILLA PALMIRA,2,BARRIO COMPLETO
13,07,02,001,049,130702001049,VILLAS DE SAN FRANCISCO,2,BARRIO COMPLETO
13,07,02,001,057,130702001057,RESIDENCIAL VILLAS DEL RÍO,2,BARRIO COMPLETO
13,07,02,002,001,130702002001,ALTOS DE MONTELIMAR,2,BARRIO COMPLETO
13,07,02,002,002,130702002002,GRAN RESERVA DE MONTELIMAR,2,BARRIO COMPLETO
13,07,02,002,003,130702002003,HACIENDA LOS MOLINOS,2,BARRIO COMPLETO
13,07,02,002,004,130702002004,ISLAS DE MONTELIMAR,2,BARRIO COMPLETO
13,07,02,002,005,130702002005,PASEO DE MONTELIMAR,2,BARRIO COMPLETO
13,07,02,002,006,130702002006,QUINTAS DE MONTELIMAR,2,BARRIO COMPLETO
13,07,02,002,007,130702002007,VERSALLES OESTE,2,BARRIO COMPLETO
13,07,02,002,008,130702002008,VILLAS DE MONTELIMAR I,2,BARRIO COMPLETO
13,07,02,002,009,130702002009,VILLAS DE MONTELIMAR II,2,BARRIO COMPLETO
13,07,02,002,010,130702002010,VERSALLES OESTE II,2,BARRIO COMPLETO
13,07,02,002,011,130702002011,VERSALLES OESTE III,2,BARRIO COMPLETO
13,07,02,002,012,130702002012,VERSALLES OESTE IV,2,BARRIO COMPLETO
13,07,02,003,001,130702003001,COSTA VERDE,2,BARRIO COMPLETO
13,07,02,004,001,130702004001,EL LIMÓN,2,BARRIO COMPLETO
13,07,02,004,002,130702004002,RESIDENCIAL LIMÓN,2,BARRIO COMPLETO
13,07,02,004,003,130702004003,URBANIZACIÓN VISTAS DEL LIMÓN,2,BARRIO COMPLETO
13,07,02,005,001,130702005001,MASTRANTO,2,BARRIO COMPLETO
13,07,02,005,002,130702005002,JARDINES DE MASTRANTO,2,BARRIO COMPLETO
13,07,02,005,003,130702005003,LOMAS DE MASTRANTO,2,BARRIO COMPLETO
13,07,02,005,004,130702005004,MASTRANTO NO.2,2,BARRIO COMPLETO
13,07,02,005,005,130702005005,MASTRANTO RURAL,2,BARRIO COMPLETO
13,07,02,005,006,130702005006,NUEVO CHORRO,2,BARRIO COMPLETO
13,07,02,005,007,130702005007,REPARTO MARÍA LETICIA,2,BARRIO COMPLETO
13,07,02,005,008,130702005008,RESIDENCIAL COLINAS CAMPESTRES,2,BARRIO COMPLETO
13,07,02,005,009,130702005009,RESIDENCIAL LAS LOMAS,2,BARRIO COMPLETO
13,07,02,005,010,130702005010,URBANIZACIÓN LOMAS DE MASTRANTO,2,BARRIO COMPLETO
13,07,02,005,011,130702005011,URBANIZACIÓN SAN MARTÍN,2,BARRIO COMPLETO
13,07,02,005,012,130702005012,VERDE REAL,2,BARRIO COMPLETO
13,07,02,006,001,130702006001,RESIDENCIAL VALLE DORADO,2,BARRIO COMPLETO
13,07,02,006,002,130702006002,ALTOS DE VALLE DORADO,2,BARRIO COMPLETO
13,07,02,006,003,130702006003,BOULEVARD VALLE DORADO,2,BARRIO COMPLETO
13,07,02,006,004,130702006004,BRISAS DE VALLE DORADO,2,BARRIO COMPLETO
13,07,02,006,005,130702006005,RESIDENCIAL LA COLINA,2,BARRIO COMPLETO
13,07,02,006,006,130702006006,URBANIZACIÓN LA FLORIDA,2,BARRIO COMPLETO
13,07,02,007,001,130702007001,URBANIZACIÓN FUENTE DEL CHASE,2,BARRIO COMPLETO
13,07,02,007,002,130702007002,BARRIADA INDUSTRIAL,2,BARRIO COMPLETO
13,07,02,007,003,130702007003,REPARTO MANOLO,2,BARRIO COMPLETO
13,07,02,007,004,130702007004,URBANIZACIÓN VILLAS DEL BOSQUE,2,BARRIO COMPLETO
13,07,06,003,001,130706003001,EL COCO,2,BARRIO COMPLETO
13,07,06,003,002,130706003002,BARRIADA EL PERIODISTA,3,BARRIO PARTE
13,07,06,003,003,130706003003,BIANCHERY NO.3,2,BARRIO COMPLETO
13,07,06,003,004,130706003004,LOS CHORRITOS NO.2 O ALTOS DE LA GLORIA,2,BARRIO COMPLETO
13,07,06,003,005,130706003005,LOS CHORRITOS NO.3,2,BARRIO COMPLETO
13,07,06,003,006,130706003006,LA MATA DEL COCO,3,BARRIO PARTE
13,07,06,003,007,130706003007,EL PALMAR,3,BARRIO PARTE
13,07,06,003,008,130706003008,RAUDAL NO.1,2,BARRIO COMPLETO
13,07,06,003,009,130706003009,SECTOR DIÓGENES,2,BARRIO COMPLETO
13,07,06,003,010,130706003010,SANTA LIBRADA SECTOR AMAYA,2,BARRIO COMPLETO
13,07,06,003,011,130706003011,SANTA LIBRADA NO.1,2,BARRIO COMPLETO
13,07,06,003,012,130706003012,SANTA LIBRADA NO.2,2,BARRIO COMPLETO
13,07,06,003,013,130706003013,SANTA LIBRADA NO.3,2,BARRIO COMPLETO
13,07,06,003,014,130706003014,VELARDE,2,BARRIO COMPLETO
13,07,06,003,015,130706003015,RESIDENCIAL PALMEIRAS 89,2,BARRIO COMPLETO
13,07,06,006,001,130706006001,ALTOS DE CERRO NEGRO,2,BARRIO COMPLETO
13,07,06,006,002,130706006002,BELLO HORIZONTE,2,BARRIO COMPLETO
13,07,06,006,003,130706006003,LOMA ACOSTA,2,BARRIO COMPLETO
13,07,06,006,004,130706006004,POTRERO GRANDE,3,BARRIO PARTE
13,07,06,006,005,130706006005,SECTOR ROJAS,2,BARRIO COMPLETO
13,07,06,006,006,130706006006,VALLE HERMON,2,BARRIO COMPLETO
13,07,06,006,007,130706006007,EL MINISTERIAL,2,BARRIO COMPLETO
13,07,06,006,008,130706006008,COLINAS DEL COCO,2,BARRIO COMPLETO
13,07,06,006,009,130706006009,MIRADOR EL COCO,2,BARRIO COMPLETO
13,07,07,001,001,130707001001,EL ESPINO ADENTRO,2,BARRIO COMPLETO
13,07,07,001,002,130707001002,NUEVO ESPINO,2,BARRIO COMPLETO
13,07,07,001,003,130707001003,BARRIADA DIVINO NIÑO NO.2,2,BARRIO COMPLETO
13,07,07,001,004,130707001004,SAN MARTÍN NO.2,2,BARRIO COMPLETO
13,07,07,001,005,130707001005,EL ESPINO,2,BARRIO COMPLETO
13,07,07,001,006,130707001006,RESIDENCIAL EL VALLE DE SALOMÓN,2,BARRIO COMPLETO
13,07,07,001,007,130707001007,EL SANTEÑO,2,BARRIO COMPLETO
13,07,07,001,008,130707001008,RESIDENCIAL PALMAR VIEW,2,BARRIO COMPLETO
13,07,07,001,009,130707001009,RESIDENCIAL MARÍA LUISA,2,BARRIO COMPLETO
13,07,07,001,010,130707001010,TOROLANDIA,2,BARRIO COMPLETO
13,07,07,001,011,130707001011,PEREQUETÉ,2,BARRIO COMPLETO
13,07,07,001,012,130707001012,RESIDENCIAL VILLA HERMOSA,2,BARRIO COMPLETO
13,07,07,001,013,130707001013,FINCA EL ESPINO,2,BARRIO COMPLETO
13,07,07,001,014,130707001014,URBANIZACIÓN LOS NARANJOS DEL ESPINO,2,BARRIO COMPLETO
13,07,07,001,015,130707001015,RESIDENCIAL VALLE ESPINO,2,BARRIO COMPLETO
13,07,07,001,016,130707001016,BARRIADA EL SANTEÑO,2,BARRIO COMPLETO
13,07,07,001,017,130707001017,EL LAUREL DEL ESPINO,2,BARRIO COMPLETO
13,07,08,001,001,130708001001,ALTOS DEL ESPINO,2,BARRIO COMPLETO
13,07,08,001,002,130708001002,BARRIADA ALTOS DEL NAZARENO,2,BARRIO COMPLETO
13,07,08,001,003,130708001003,BARRIADA CAMPO ALEGRE,2,BARRIO COMPLETO
13,07,08,001,004,130708001004,BARRIADA DIVINO NIÑO,2,BARRIO COMPLETO
13,07,08,001,005,130708001005,BARRIADA NORA ESCALA,2,BARRIO COMPLETO
13,07,08,001,006,130708001006,SAN MARTÍN,2,BARRIO COMPLETO
13,07,08,001,007,130708001007,EL NAZARENO,2,BARRIO COMPLETO
13,07,08,002,001,130708002001,ALTOS DE SAN FRANCISCO,2,BARRIO COMPLETO
13,07,08,002,002,130708002002,RINCÓN SOLANO,2,BARRIO COMPLETO
13,07,08,002,003,130708002003,NUEVA GENERACIÓN,2,BARRIO COMPLETO
13,07,08,002,004,130708002004,URBANIZACIÓN BELLA ESPERANZA,2,BARRIO COMPLETO
13,07,08,002,005,130708002005,JARDINES DE SAN FRANCISCO,2,BARRIO COMPLETO
13,07,08,002,006,130708002006,BRISAS DE ALTOS DE SAN FRANCISCO,2,BARRIO COMPLETO
13,07,08,002,007,130708002007,ANTIGUO CREMATORIO,2,BARRIO COMPLETO
13,07,08,004,001,130708004001,BARRIADA VIRGEN DE GUADALUPE,2,BARRIO COMPLETO
13,07,08,004,002,130708004002,GUADALUPE O LA LAGUNA,2,BARRIO COMPLETO
13,07,08,004,003,130708004003,BARRIADA EL PERIODISTA,3,BARRIO PARTE
13,07,08,004,004,130708004004,EL PALMAR,3,BARRIO PARTE
13,07,08,004,005,130708004005,LOMA DE GUADALUPE,2,BARRIO COMPLETO
13,07,08,004,007,130708004007,LOMA VIRGEN DE GUADALUPE,2,BARRIO COMPLETO
13,07,08,006,001,130708006001,BARRIADA BELLA ESPERANZA,2,BARRIO COMPLETO
13,07,08,006,002,130708006002,LA HERRADURA,2,BARRIO COMPLETO
13,07,08,006,003,130708006003,URBANIZACIÓN VILLA DEL CARMEN,3,BARRIO PARTE
13,07,08,006,004,130708006004,URBANIZACIÓN LA HERRADURA,2,BARRIO COMPLETO
13,07,08,006,005,130708006005,VILLAS VERANERAS,2,BARRIO COMPLETO
13,07,08,006,006,130708006006,RESIDENCIAL LOS OLIVOS,2,BARRIO COMPLETO
13,07,08,012,001,130708012001,POTRERO GRANDE,3,BARRIO PARTE
13,07,08,016,001,130708016001,LA DORADILLA,2,BARRIO COMPLETO
13,07,08,016,002,130708016002,LA PESA,2,BARRIO COMPLETO
13,07,08,016,003,130708016003,NAOS O GALILEO,2,BARRIO COMPLETO
13,07,08,016,004,130708016004,BARRIADA DON FEDERICO,2,BARRIO COMPLETO
13,07,08,016,005,130708016005,CALLE PEPITO,2,BARRIO COMPLETO
13,07,08,016,006,130708016006,BELLO HORIZONTE,2,BARRIO COMPLETO
13,07,08,016,007,130708016007,LOMA BRÍGIDA,2,BARRIO COMPLETO
13,07,08,016,008,130708016008,EL CENTENARIO,2,BARRIO COMPLETO
13,07,08,019,001,130708019001,LOS ESTABLOS,2,BARRIO COMPLETO
13,07,08,020,001,130708020001,URBANIZACIÓN LA VALDEZA,3,BARRIO PARTE
13,07,09,013,001,130709013001,TRAPICHITO,2,BARRIO COMPLETO
13,07,09,013,002,130709013002,COLINAS DE VALLE REAL,2,BARRIO COMPLETO
13,07,09,013,003,130709013003,RESIDENCIAL BRISA FRESCA,2,BARRIO COMPLETO
13,07,09,013,004,130709013004,RESIDENCIAL BUENA VISTA,2,BARRIO COMPLETO
13,07,09,013,005,130709013005,RESIDENCIAL LOMA LINDA,2,BARRIO COMPLETO
13,07,09,013,006,130709013006,RESIDENCIAL LOS FLAMINGOS,2,BARRIO COMPLETO
13,07,09,013,007,130709013007,SPRING GARDENS,2,BARRIO COMPLETO
13,07,09,013,008,130709013008,URBANIZACIÓN VALLE REAL,2,BARRIO COMPLETO
13,07,09,013,009,130709013009,VILLA MASSIEL,2,BARRIO COMPLETO
13,07,09,013,010,130709013010,VILLA REAL,2,BARRIO COMPLETO
13,07,09,013,011,130709013011,PANORAMA VILLA,2,BARRIO COMPLETO
13,07,09,019,001,130709019001,ESTANCIAS MENDOZA,2,BARRIO COMPLETO
13,07,09,019,002,130709019002,ESTANCIAS MENDOZA II,2,BARRIO COMPLETO
13,07,09,019,003,130709019003,RESIDENCIAL ALTOS DE LOS GUAYACANES,2,BARRIO COMPLETO
13,07,09,019,004,130709019004,RESIDENCIAL LOS GUAYACANES,2,BARRIO COMPLETO
13,07,09,019,005,130709019005,SUNSET COUNTRY CLUB,2,BARRIO COMPLETO
13,07,09,019,006,130709019006,URBANIZACIÓN JARDINES DE LA ESPINOZA,2,BARRIO COMPLETO
13,07,09,022,001,130709022001,CRYSTAL PARK,2,BARRIO COMPLETO
13,07,09,022,002,130709022002,RESIDENCIAL VILLA CRISTINA,2,BARRIO COMPLETO
13,07,09,022,003,130709022003,VICTORIA HILLS,2,BARRIO COMPLETO
13,07,09,024,001,130709024001,EL PRADO,2,BARRIO COMPLETO
13,07,09,024,002,130709024002,DELUXE PRADO,2,BARRIO COMPLETO
13,07,09,024,003,130709024003,PARK PRADO,2,BARRIO COMPLETO
13,07,09,024,004,130709024004,VILLAGE PRADO,2,BARRIO COMPLETO
13,07,16,005,001,130716005001,BARRIADA SAN JUDAS TADEO,2,BARRIO COMPLETO
13,07,16,005,002,130716005002,LA MITRA,2,BARRIO COMPLETO
13,07,16,005,003,130716005003,LA 24,2,BARRIO COMPLETO
13,07,16,005,004,130716005004,SAN CRISTÓBAL,2,BARRIO COMPLETO
13,07,16,005,005,130716005005,SANTA LIBRADA,2,BARRIO COMPLETO
13,07,16,005,009,130716005009,BARRIADA LOS PINOS,2,BARRIO COMPLETO
13,07,16,005,011,130716005011,URBANIZACIÓN MARÍA BONITA,2,BARRIO COMPLETO
13,07,16,005,013,130716005013,URBANIZACIÓN BRISAS DE BELÉN,2,BARRIO COMPLETO
13,07,16,005,014,130716005014,URBANIZACIÓN BRISAS DE SAN FRANCISCO,2,BARRIO COMPLETO
13,07,16,005,016,130716005016,RESIDENCIAL COLINAS DE SAN FRANCISCO,2,BARRIO COMPLETO
13,07,16,005,017,130716005017,RESIDENCIAL JARDINES DE LA MITRA,2,BARRIO COMPLETO
13,07,16,005,018,130716005018,RESIDENCIAL BRISAS DE LA MITRA,2,BARRIO COMPLETO
13,07,16,005,020,130716005020,RESIDENCIAL ALTOS DE LA MITRA,2,BARRIO COMPLETO
13,07,16,008,001,130716008001,LLANO LARGO,2,BARRIO COMPLETO
13,07,16,008,002,130716008002,BRISAS DE VALLE BONITO,2,BARRIO COMPLETO
13,07,16,008,003,130716008003,LOMAS DE SAN FRANCISCO,2,BARRIO COMPLETO
13,07,16,008,004,130716008004,QUINTAS DE VALLE BONITO,2,BARRIO COMPLETO
13,07,16,008,005,130716008005,RESIDENCIAL LAS ORQUÍDEAS,2,BARRIO COMPLETO
13,07,16,008,006,130716008006,URBANIZACIÓN LA PRADERA,2,BARRIO COMPLETO
13,07,16,008,007,130716008007,URBANIZACIÓN LA PRADERA II,2,BARRIO COMPLETO
13,07,16,008,008,130716008008,VALLE BONITO,2,BARRIO COMPLETO
13,07,16,008,009,130716008009,ALTOS DE LA PRADERA,2,BARRIO COMPLETO
13,07,16,008,010,130716008010,RESIDENCIAL ALTA VISTA,2,BARRIO COMPLETO
13,07,16,008,011,130716008011,ALTOS DE LA PRADERA II,2,BARRIO COMPLETO
13,07,16,009,001,130716009001,PEÑAS BLANCAS,2,BARRIO COMPLETO
13,07,16,009,002,130716009002,URBANIZACIÓN ALTO VIENTO,2,BARRIO COMPLETO
13,07,16,009,003,130716009003,URBANIZACIÓN ALTOS DE PEÑAS BLANCAS,2,BARRIO COMPLETO
13,07,16,009,004,130716009004,URBANIZACIÓN PEÑAS BLANCAS,2,BARRIO COMPLETO
13,07,16,009,005,130716009005,URBANIZACIÓN ALTAMIRA,2,BARRIO COMPLETO
13,07,16,009,006,130716009006,URBANIZACIÓN BLUE GARDEN,2,BARRIO COMPLETO
13,07,16,009,007,130716009007,COLINAS DE PEÑA BLANCA,2,BARRIO COMPLETO
13,07,16,009,008,130716009008,URBANIZACIÓN ALTO VIENTO II,2,BARRIO COMPLETO
13,07,16,027,001,130716027001,URBANIZACIÓN VILLA DEL CARMEN,3,BARRIO PARTE
13,07,16,028,001,130716028001,BARRIADA LA MILAGROSA,2,BARRIO COMPLETO
13,07,16,028,002,130716028002,BARRIADA 19 DE ABRIL,2,BARRIO COMPLETO
13,07,16,028,003,130716028003,BARRIADA RICARDO MARTINELLI BERROCAL,2,BARRIO COMPLETO
13,07,16,028,004,130716028004,BARRIADA SANTA ELENA,2,BARRIO COMPLETO
13,07,16,028,005,130716028005,BARRIADA VILLA MILAGROS,2,BARRIO COMPLETO
13,07,16,031,001,130716031001,LAS CAMPANAS,2,BARRIO COMPLETO
13,07,16,031,002,130716031002,LAS MAGNOLIAS,2,BARRIO COMPLETO
13,07,16,031,003,130716031003,LAS MARGARITAS,2,BARRIO COMPLETO
13,07,16,031,004,130716031004,LAS VERANERAS,2,BARRIO COMPLETO
13,07,16,031,005,130716031005,LOS ALMENDROS,2,BARRIO COMPLETO
13,07,16,031,006,130716031006,LOS CIPRESES,2,BARRIO COMPLETO
13,07,16,031,007,130716031007,LOS FLAMBOYANES,2,BARRIO COMPLETO
13,07,16,031,008,130716031008,LOS GIRASOLES,2,BARRIO COMPLETO
13,07,16,031,009,130716031009,LOS HELECHOS,2,BARRIO COMPLETO
13,07,16,031,010,130716031010,LOS ÁLAMOS,2,BARRIO COMPLETO
13,07,16,032,001,130716032001,URBANIZACIÓN LA VALDEZA,3,BARRIO PARTE
13,07,17,009,001,130717009001,PUERTO CAIMITO,2,BARRIO COMPLETO
13,07,17,009,002,130717009002,BARRIADA LA AMISTAD,2,BARRIO COMPLETO
13,07,17,009,003,130717009003,BARRIADA EL CARMEN,2,BARRIO COMPLETO
13,07,17,009,004,130717009004,URBANIZACIÓN BRISA MAR,2,BARRIO COMPLETO
13,07,17,009,005,130717009005,EL COPÉ O LOS MARCIAGAS,2,BARRIO COMPLETO
13,07,17,009,006,130717009006,NUEVO PUERTO CAIMITO,2,BARRIO COMPLETO
13,07,17,009,007,130717009007,URBANIZACIÓN MAR AZUL,2,BARRIO COMPLETO
13,07,17,009,008,130717009008,QUINTAS DEL PACÍFICO,2,BARRIO COMPLETO
13,07,17,009,009,130717009009,RESIDENCIAL MIRADOR DEL MAR,2,BARRIO COMPLETO
13,07,17,009,010,130717009010,LOS VALLES DE MAR AZUL,2,BARRIO COMPLETO
13,07,17,009,011,130717009011,URBANIZACIÓN VERDE MAR,2,BARRIO COMPLETO
13,07,17,009,012,130717009012,P.H. MAR PACÍFICO,2,BARRIO COMPLETO
13,07,17,014,001,130717014001,BARRIADA EL PROGRESO,2,BARRIO COMPLETO
13,07,17,014,002,130717014002,BARRIADA EL PROGRESO NO.2,2,BARRIO COMPLETO
13,07,17,014,003,130717014003,NUEVO LIMÓN,2,BARRIO COMPLETO
13,07,17,014,005,130717014005,QUEBRADA RODEO,2,BARRIO COMPLETO
13,07,17,014,009,130717014009,URBANIZACIÓN VILLA NAZARETH,2,BARRIO COMPLETO
13,07,17,014,010,130717014010,VILLAS DEL OESTE,2,BARRIO COMPLETO
13,07,17,014,016,130717014016,BARRIADA EL PROGRESO NO.3,2,BARRIO COMPLETO
13,07,17,014,017,130717014017,BARRIADA EL PROGRESO NO.4,2,BARRIO COMPLETO
13,07,17,014,018,130717014018,VILLA ESPERANZA,2,BARRIO COMPLETO
13,07,17,014,019,130717014019,RESIDENCIAL ALTOS DEL CAMPO,2,BARRIO COMPLETO
13,07,17,014,021,130717014021,RESIDENCIAL LA ESMERALDA,2,BARRIO COMPLETO
13,07,17,014,022,130717014022,BRISAS DE NAZARETH,2,BARRIO COMPLETO
13,07,17,014,025,130717014025,ALTOS DE PANAMÁ OESTE,2,BARRIO COMPLETO
13,07,17,014,031,130717014031,TERRAZAS DEL OESTE,2,BARRIO COMPLETO
13,07,17,014,032,130717014032,BARRIADA EL PROGRESO NO.5,2,BARRIO COMPLETO
13,07,17,014,034,130717014034,RESIDENCIAL VERDE LIMÓN,2,BARRIO COMPLETO
13,07,17,027,001,130717027001,THE HILLS   SUMMER HILLS,2,BARRIO COMPLETO
13,07,17,027,002,130717027002,ARCADIA,2,BARRIO COMPLETO
13,07,17,027,003,130717027003,NEW WEST,2,BARRIO COMPLETO
13,07,17,027,004,130717027004,RESIDENCIAL PUERTO MADERO   BOSQUES DE PUERTO MADERO,2,BARRIO COMPLETO
13,07,17,027,005,130717027005,RIVERVIEW,2,BARRIO COMPLETO
13,07,17,027,006,130717027006,SENDEROS,2,BARRIO COMPLETO
13,07,17,027,007,130717027007,NATURA,2,BARRIO COMPLETO
13,07,17,027,008,130717027008,THE HILLS   SUNSET HILLS,2,BARRIO COMPLETO
13,07,17,027,009,130717027009,THE HILLS   SPRING HILLS,2,BARRIO COMPLETO
13,07,17,027,010,130717027010,THE HILLS   ROLLING HILLS,2,BARRIO COMPLETO
13,07,17,027,011,130717027011,NEW WEST II,2,BARRIO COMPLETO
13,07,17,030,002,130717030002,LOS ALMENDROS,2,BARRIO COMPLETO
13,07,17,030,003,130717030003,LOS CEDROS,2,BARRIO COMPLETO
13,07,17,030,004,130717030004,LOS OLIVOS,2,BARRIO COMPLETO
13,07,17,030,005,130717030005,LAS MAGNOLIAS,2,BARRIO COMPLETO
13,07,17,030,006,130717030006,LOS ÁLAMOS,2,BARRIO COMPLETO
13,07,17,030,007,130717030007,LOS AVELLANOS,2,BARRIO COMPLETO
13,07,17,030,008,130717030008,LOS CASTAÑOS,2,BARRIO COMPLETO
13,07,17,030,009,130717030009,LOS PINOS,2,BARRIO COMPLETO
13,07,17,030,010,130717030010,LOS ROBLES,2,BARRIO COMPLETO
13,07,17,030,011,130717030011,LOS OLMOS,2,BARRIO COMPLETO
13,07,17,030,012,130717030012,LOS CEREZOS,2,BARRIO COMPLETO
13,07,17,030,013,130717030013,LOS FRESNOS,2,BARRIO COMPLETO
13,07,17,031,001,130717031001,RESIDENCIAL PASEO MIRAMAR,2,BARRIO COMPLETO
13,07,17,031,002,130717031002,ALTOS DE ARAGUANEY,2,BARRIO COMPLETO
13,07,17,031,003,130717031003,ALTOS DE VISTA HERMOSA,2,BARRIO COMPLETO
13,07,17,031,004,130717031004,BARRIADA DON JUAN,2,BARRIO COMPLETO
13,07,17,031,005,130717031005,LAS GUABITAS,2,BARRIO COMPLETO
13,07,17,031,006,130717031006,LUCES DEL PACÍFICO,2,BARRIO COMPLETO
13,07,17,031,007,130717031007,PRADERAS DE EL CAMPO,2,BARRIO COMPLETO
13,07,17,031,008,130717031008,RESIDENCIAL TALAVERA,2,BARRIO COMPLETO
13,07,17,031,009,130717031009,RESIDENCIAL VILLAS DEL CAMPO,2,BARRIO COMPLETO
13,07,17,031,010,130717031010,SAUSALITO GARDENS,2,BARRIO COMPLETO
13,07,17,031,011,130717031011,URBANIZACIÓN VISTA MAR,2,BARRIO COMPLETO
13,07,17,031,012,130717031012,VILLAS DE COSTA OESTE,2,BARRIO COMPLETO
13,07,17,033,001,130717033001,COSTA DEL SOL,2,BARRIO COMPLETO
13,07,17,033,002,130717033002,PALMA REAL,2,BARRIO COMPLETO
13,07,17,033,003,130717033003,PALMERAS DEL OESTE,2,BARRIO COMPLETO
13,07,17,033,004,130717033004,PALMERAS DEL OESTE II,2,BARRIO COMPLETO
13,07,17,033,005,130717033005,PUERTA DEL MAR,2,BARRIO COMPLETO
13,07,17,033,006,130717033006,RIVIERA VILLAGE,2,BARRIO COMPLETO
13,07,17,033,007,130717033007,SAUSALITO HILLS,2,BARRIO COMPLETO
13,07,17,033,008,130717033008,VALPARAÍSO,2,BARRIO COMPLETO
13,07,17,033,009,130717033009,VENTANAS AL MAR,2,BARRIO COMPLETO
13,07,17,033,010,130717033010,VENTANAS AL PARAÍSO,2,BARRIO COMPLETO
13,07,17,033,011,130717033011,VIÑA DEL MAR,2,BARRIO COMPLETO
13,07,17,033,012,130717033012,VALPARAÍSO II,2,BARRIO COMPLETO
13,07,17,033,013,130717033013,PARADISE VILLAGE,2,BARRIO COMPLETO
13,09,01,005,001,130901005001,LAGO MAR,2,BARRIO COMPLETO
13,09,01,005,002,130901005002,LA ENSENADA,2,BARRIO COMPLETO
13,09,01,011,001,130901011001,RÍO MAR,2,BARRIO COMPLETO
13,09,01,011,002,130901011002,PUNTA CAELO,2,BARRIO COMPLETO
13,09,01,011,003,130901011003,PUNTA RATÓN,2,BARRIO COMPLETO
13,09,01,011,004,130901011004,RESIDENCIAL RÍO MAR,2,BARRIO COMPLETO
13,09,01,011,005,130901011005,RÍO MAR BEACH FLATS,2,BARRIO COMPLETO
13,09,01,011,006,130901011006,RÍO MAR VILLAGES,2,BARRIO COMPLETO
13,09,01,011,007,130901011007,TORRES RÍO MAR,2,BARRIO COMPLETO
13,09,01,012,001,130901012001,SAN CARLOS,2,BARRIO COMPLETO
13,09,01,012,002,130901012002,FONTANELLA DEL MAR,2,BARRIO COMPLETO
13,09,01,012,003,130901012003,NAIBLÚ,2,BARRIO COMPLETO
13,09,01,012,004,130901012004,PUEBLO NUEVO,2,BARRIO COMPLETO
13,09,01,018,001,130901018001,COSTA ESMERALDA,2,BARRIO COMPLETO
13,09,01,020,001,130901020001,URBANIZACIÓN VISTA MAR,2,BARRIO COMPLETO
13,09,01,020,002,130901020002,ISLAMAR,2,BARRIO COMPLETO
13,09,01,020,003,130901020003,MARINA GOLF,2,BARRIO COMPLETO
13,09,01,020,004,130901020004,RESIDENCIAL CASA REAL,2,BARRIO COMPLETO
13,09,01,020,005,130901020005,VISTA MAR GOLF & VILLAGE,2,BARRIO COMPLETO
13,09,01,020,006,130901020006,PASEO LAS BRISAS,2,BARRIO COMPLETO
13,09,06,039,001,130906039001,ALICANTE,2,BARRIO COMPLETO
13,09,06,039,002,130906039002,ASTURIAS,3,BARRIO PARTE
13,09,06,039,003,130906039003,GRANADA,2,BARRIO COMPLETO
13,09,06,039,004,130906039004,NAVARRA,3,BARRIO PARTE
13,09,06,039,005,130906039005,SANTO DOMINGO,2,BARRIO COMPLETO
13,09,06,039,006,130906039006,VALENCIA,2,BARRIO COMPLETO
13,09,06,039,007,130906039007,VALENCIA I,2,BARRIO COMPLETO
13,09,06,039,008,130906039008,VALLE DE LAUREL,2,BARRIO COMPLETO
13,09,06,039,009,130906039009,VALLE DEL ENCANTO,2,BARRIO COMPLETO
