fid,PROV_ID,PROV_NOMB,DIST_ID,DIST_NOMB,CORR_ID,CORR_NOMB,CORR_LEY,LEY_MOD_C,GACETA_C,GACE_MOD_C,Shape_Leng,Shape_Area,REGI_ID,CORR_CODE,DIST_CODE
1,"01",BOCAS DEL TORO,"01",BOCAS DEL TORO,"02",BASTIMENTOS,LEY N° 1 DEL 27 DE OCTUBRE DE 1982,LEY N° 5 DEL 19 DE ENERO DE 1998,GA 19956,GA 23464,230615.613822847,60934604.0587024,"0101","010102","0101"
2,"01",BOCAS DEL TORO,"04",ALMIRANTE,"08",CAUCHERO,LEY N° 69 DEL 28 DE OCTUBRE DE 1998,LEY N° 172 DEL 19 DE OCTUBRE DE 2020,GA 23664,GA 29169-B,103274.127170286,140124904.462093,"0105","010408","0104"
3,"01",BOCAS DEL TORO,"01",BOCAS DEL TORO,"04",PUNTA LAUREL,LEY N° 1 DEL 27 DE OCTUBRE DE 1982,LEY N° 5 DEL 19 DE ENERO DE 1998,GA 19956,GA 23464,180760.335811639,71337157.9338619,"0101","010104","0101"
4,"01",BOCAS DEL TORO,"02",CHANGUINOLA,"17",FINCA 60,LEY N° 39 DEL 8 DE JUNIO DE 2015,LEY N° 172 DEL 19 DE OCTUBRE DE 2020,GA 27801-A,GA 29169-B,38223.0445603647,30219397.65908,"0103","010217","0102"
5,"01",BOCAS DEL TORO,"02",CHANGUINOLA,"03",GUABITO,LEY N° 1 DEL 27 DE OCTUBRE DE 1982,"LEY N° 5 DEL 19 DE ENERO DE 1998, LEY N° 40 DEL 30 DE ABRIL DE 2003, LEY N° 172 DE 19 DE OCTUBRE DE 2020, LEY N° 188 DEL 4 DE DICIEMBREDE 2020",GA 19956,"GA 23464, GA 24794, GA 29169-B, GA 29170-A",62557.317086968,90510421.0024887,"0102","010203","0102"
6,"01",BOCAS DEL TORO,"02",CHANGUINOLA,"07",LAS TABLAS,LEY N° 40 DEL 30 DE ABRIL DE 2003,LEY N° 18 DEL 26 DE FEBRERO DE 2009,GA 24794,GA 26233,35266.3652132277,51682280.4035799,"0102","010207","0102"
7,"01",BOCAS DEL TORO,"02",CHANGUINOLA,"08",COCHIGRÓ,LEY N° 18 DEL 26 DE FEBRERO DE 2009,LEY N° 188 DEL 4 DE DICIEMBREDE 2020,GA 26261,GA 29170-A,88286.7446349777,193908044.937073,"0103","010208","0102"
8,"01",BOCAS DEL TORO,"02",CHANGUINOLA,"09",LA GLORIA,LEY N° 18 DEL 26 DE FEBRERO DE 2009,N/A,GA 26233,N/A,86554.1526851324,158779649.434703,"0104","010209","0102"
9,"01",BOCAS DEL TORO,"05",COMARCA NASO TJËR DI,"01",ÁREA DE LA COMARCA NASO TJËR DI,LEY N° 188 DEL 4 DE DICIEMBRE DE 2020,N/A,GA 29170-A,N/A,228099.750744016,1606279380.20424,"0102","010501","0105"
10,"01",BOCAS DEL TORO,"03",CHIRIQUÍ GRANDE,"01",CHIRIQUÍ GRANDE,LEY N° 1 DEL 27 DE OCTUBRE DE 1982,LEY N° 69 DEL 28 DE OCTUBRE DE 1998,GA 19956,GA 23664,90176.3087966813,60355539.9974218,"0105","010301","0103"
11,"01",BOCAS DEL TORO,"03",CHIRIQUÍ GRANDE,"02",MIRAMAR,LEY N° 69 DEL 28 DE OCTUBRE DE 1998,N/A,GA 19956,N/A,46715.8496713142,26746766.9691048,"0105","010302","0103"
12,"01",BOCAS DEL TORO,"03",CHIRIQUÍ GRANDE,"03",PUNTA PEÑA,LEY N° 69 DEL 28 DE OCTUBRE DE 1998,N/A,GA 23664,N/A,24937.9953006786,18248705.0293654,"0105","010303","0103"
13,"01",BOCAS DEL TORO,"03",CHIRIQUÍ GRANDE,"04",PUNTA RÓBALO,LEY N° 1 DEL 27 DE OCTUBRE DE 1982,"LEY N° 69 DEL 28 DE OCTUBRE DE 1998, LEY N° 18 DEL 26 DE FEBRERO DE 2009",GA 19956,"GA 23664, GA 26261",56047.2986140079,50665155.5143069,"0105","010304","0103"
14,"01",BOCAS DEL TORO,"03",CHIRIQUÍ GRANDE,"05",RAMBALA,LEY N° 69 DEL 28 DE OCTUBRE DE 1998,N/A,GA 23664,N/A,54697.7687714218,32725809.1529469,"0105","010305","0103"
15,"01",BOCAS DEL TORO,"03",CHIRIQUÍ GRANDE,"06",BAJO CEDRO,LEY N° 18 DEL 26 DE FEBRERO DE 2009,N/A,GA 26233,N/A,57727.0269556816,21542636.2556144,"0105","010306","0103"
16,"01",BOCAS DEL TORO,"04",ALMIRANTE,"02",BARRIO FRANCÉS,LEY N° 39 DEL 8 DE JUNIO DE 2015,LEY N° 172 DEL 19 DE OCTUBRE DE 2020,GA 27801-A,GA 29169-B,31455.4275977005,18111504.7566685,"0104","010402","0104"
17,"01",BOCAS DEL TORO,"04",ALMIRANTE,"07",BAJO CULUBRE,LEY N° 172 DEL 19 DE OCTUBRE DE 2020,LEY N° 188 DEL 4 DE DICIEMBREDE 2020,GA 29169-B,GA 29170-A,123217.951165536,477498066.985824,"0104","010407","0104"
18,"01",BOCAS DEL TORO,"04",ALMIRANTE,"09",CEIBA,LEY N° 5 DEL 19 DE ENERO DE 1998,"LEY N° 18 DEL 26 DE FEBRERO DE 2009, LEY N° 172 DE 19 DE OCTUBRE DE 2020",GA 23464,"GA 26233, GA 29169-B",129503.45458694,350661968.965753,"0104","010409","0104"
19,"02",COCLÉ,"01",AGUADULCE,"02",EL CRISTO,LEY N° 2 DEL 21 DE OCTUBRE DE 1981 (DEROGADA) CÓDIGO ADMINISTRATIVO 1916,LEY N° 58 DEL 29 DE JULIO DE 1998,GA 22526,GA 23602,50422.9603549484,59085387.5969634,"0201","020102","0201"
20,"02",COCLÉ,"01",AGUADULCE,"03",EL ROBLE,LEY N° 2 DEL 21 DE OCTUBRE DE 1981 (DEROGADA) CÓDIGO ADMINISTRATIVO 1916,LEY N° 58 DEL 29 DE JULIO DE 1998,GA 22526,GA 23602,102986.039517305,128213323.25031,"0201","020103","0201"
21,"02",COCLÉ,"01",AGUADULCE,"04",POCRÍ,LEY N° 2 DEL 21 DE OCTUBRE DE 1981 (DEROGADA) CÓDIGO ADMINISTRATIVO 1916,LEY N° 58 DEL 29 DE JULIO DE 1998,GA 22526,GA 23602,13319.386324576,5970907.97863328,"0201","020104","0201"
22,"02",COCLÉ,"01",AGUADULCE,"05",BARRIOS UNIDOS,LEY N° 58 DEL 29 DE JULIO DE 1998,N/A,GA 23602,N/A,61297.9571974596,64902568.222002,"0201","020105","0201"
23,"02",COCLÉ,"01",AGUADULCE,"06",PUEBLOS UNIDOS,LEY N° 58 DEL 17 DE SEPTIEMBRE DE 2013,N/A,GA 27377,N/A,76979.3816123673,91496039.7171746,"0201","020106","0201"
24,"02",COCLÉ,"01",AGUADULCE,"07",VIRGEN DEL CARMEN,LEY N° 59 DEL 17 DE SEPTIEMBRE DE 2013,N/A,GA 27377,N/A,22369.6397373559,16449010.0839965,"0201","020107","0201"
25,"02",COCLÉ,"01",AGUADULCE,"08",EL HATO DE SAN JUAN DE DIOS,LEY N° 61 DEL 17 DE SEPTIEMBRE DE 2013,N/A,GA 27377,N/A,44693.1020706943,53853587.8365943,"0201","020108","0201"
26,"02",COCLÉ,"02",ANTÓN,"01",ANTÓN,LEY N° 2 DEL 21 DE OCTUBRE DE 1981 (DEROGADA) CÓDIGO ADMINISTRATIVO 1916,LEY N° 58 DEL 29 DE JULIO DE 1998,GA 22526,GA 23602,101406.95771778,109910001.569161,"0202","020201","0202"
27,"02",COCLÉ,"02",ANTÓN,"02",CABUYA,LEY N° 2 DEL 21 DE OCTUBRE DE 1981 (DEROGADA) CÓDIGO ADMINISTRATIVO 1916,LEY N° 58 DEL 29 DE JULIO DE 1998,GA 22526,GA 23602,56032.1943318726,62326822.5548063,"0203","020202","0202"
28,"02",COCLÉ,"02",ANTÓN,"03",EL CHIRÚ,LEY N° 2 DEL 21 DE OCTUBRE DE 1981 (DEROGADA) CÓDIGO ADMINISTRATIVO 1916,LEY N° 58 DEL 29 DE JULIO DE 1998,GA 22526,GA 23602,81088.8784494085,109953876.512935,"0203","020203","0202"
29,"02",COCLÉ,"02",ANTÓN,"04",EL RETIRO,LEY N° 2 DEL 21 DE OCTUBRE DE 1981 (DEROGADA) CÓDIGO ADMINISTRATIVO 1916,LEY N° 58 DEL 29 DE JULIO DE 1998,GA 22526,GA 23602,74421.8218165869,69556701.6502026,"0203","020204","0202"
30,"02",COCLÉ,"02",ANTÓN,"05",EL VALLE,LEY N° 2 DEL 21 DE OCTUBRE DE 1981 (DEROGADA) CÓDIGO ADMINISTRATIVO 1916,LEY N° 58 DEL 29 DE JULIO DE 1998,GA 22526,GA 23602,30697.5289704347,35018582.9523421,"0202","020205","0202"
31,"02",COCLÉ,"02",ANTÓN,"06",JUAN DÍAZ,LEY N° 2 DEL 21 DE OCTUBRE DE 1981 (DEROGADA) CÓDIGO ADMINISTRATIVO 1916,LEY N° 58 DEL 29 DE JULIO DE 1998,GA 22526,GA 23602,92038.4567401655,81650532.5513317,"0202","020206","0202"
32,"02",COCLÉ,"02",ANTÓN,"07",RÍO HATO,LEY N° 2 DEL 21 DE OCTUBRE DE 1981 (DEROGADA) CÓDIGO ADMINISTRATIVO 1916,LEY N° 58 DEL 29 DE JULIO DE 1998,GA 22526,GA 23602,89693.2644772528,134615841.749466,"0203","020207","0202"
33,"02",COCLÉ,"02",ANTÓN,"08",SAN JUAN DE DIOS,LEY N° 2 DEL 21 DE OCTUBRE DE 1981 (DEROGADA) CÓDIGO ADMINISTRATIVO 1916,LEY N° 58 DEL 29 DE JULIO DE 1998,GA 22526,GA 23602,53672.9471924884,55520714.2808438,"0202","020208","0202"
34,"02",COCLÉ,"02",ANTÓN,"09",SANTA RITA,LEY N° 2 DEL 21 DE OCTUBRE DE 1981 (DEROGADA) CÓDIGO ADMINISTRATIVO 1916,LEY N° 58 DEL 29 DE JULIO DE 1998,GA 22526,GA 23602,51381.1816235395,43453047.7280274,"0202","020209","0202"
35,"02",COCLÉ,"02",ANTÓN,"10",CABALLERO,LEY N° 58 DEL 29 DE JULIO DE 1998,N/A,GA 23602,N/A,50563.2837048213,41749314.5618815,"0202","020210","0202"
36,"02",COCLÉ,"03",LA PINTADA,"01",LA PINTADA,LEY N° 2 DEL 21 DE OCTUBRE DE 1981 (DEROGADA) CÓDIGO ADMINISTRATIVO 1916,"LEY N° 58 DEL 29 DE JULIO DE 1998, LEY N° 56 DEL 5 DE DICIEMBRE DE 2002, LEY N° 45 DEL 25 DE ABRIL DE 2011",GA 22526,"GA 23602, GA 24700, GA 26774",51243.3734565999,85602879.0739727,"0204","020301","0203"
37,"02",COCLÉ,"03",LA PINTADA,"02",EL HARINO,LEY N° 2 DEL 21 DE OCTUBRE DE 1981 (DEROGADA) CÓDIGO ADMINISTRATIVO 1916,"LEY N° 58 DEL 29 DE JULIO DE 1998, LEY N° 56 DEL 5 DE DICIEMBRE DE 2002, LEY N° 45 DEL 25 DE ABRIL DE 2011",GA 22526,"GA 23602, GA 24700, GA 26774",102637.686525764,253501833.041449,"0205","020302","0203"
38,"02",COCLÉ,"03",LA PINTADA,"03",EL POTRERO,LEY N° 2 DEL 21 DE OCTUBRE DE 1981 (DEROGADA) CÓDIGO ADMINISTRATIVO 1916,"LEY N° 58 DEL 29 DE JULIO DE 1998, LEY N° 56 DEL 5 DE DICIEMBRE DE 2002, LEY N° 45 DEL 25 DE ABRIL DE 2011",GA 22526,"GA 23602, GA 24700, GA 26774",43222.6010155429,74905228.3734485,"0205","020303","0203"
39,"02",COCLÉ,"03",LA PINTADA,"04",LLANO GRANDE,LEY N° 2 DEL 21 DE OCTUBRE DE 1981 (DEROGADA) CÓDIGO ADMINISTRATIVO 1916,"LEY N° 58 DEL 29 DE JULIO DE 1998, LEY N° 56 DEL 5 DE DICIEMBRE DE 2002, LEY N° 45 DEL 25 DE ABRIL DE 2011",GA 22526,"GA 23602, GA 24700, GA 26774",45573.4320858921,88100339.0628862,"0204","020304","0203"
40,"02",COCLÉ,"03",LA PINTADA,"05",PIEDRAS GORDAS,LEY N° 2 DEL 21 DE OCTUBRE DE 1981 (DEROGADA) CÓDIGO ADMINISTRATIVO 1916,"LEY N° 58 DEL 29 DE JULIO DE 1998, LEY N° 56 DEL 5 DE DICIEMBRE DE 2002, LEY N° 45 DEL 25 DE ABRIL DE 2011",GA 22526,"GA 23602, GA 24700, GA 26774",77905.4966150762,135065934.681751,"0204","020305","0203"
41,"02",COCLÉ,"03",LA PINTADA,"06",LAS LOMAS,LEY N° 56 DEL 5 DE DICIEMBRE DE 2002,LEY N° 45 DEL 25 DE ABRIL DE 2011,GA 24700,GA 26774,52854.9407826161,86398563.2772917,"0205","020306","0203"
42,"02",COCLÉ,"03",LA PINTADA,"07",LLANO NORTE,LEY N° 45 DEL 25 DE ABRIL DE 2011,N/A,GA 26774,N/A,100100.7594327,307770862.761939,"0204","020307","0203"
43,"02",COCLÉ,"04",NATÁ,"03",EL CAÑO,LEY N° 2 DEL 21 DE OCTUBRE DE 1981 (DEROGADA) CÓDIGO ADMINISTRATIVO 1916,LEY N° 58 DEL 29 DE JULIO DE 1998,GA 22526,GA 23602,57863.5330566243,87918051.7120417,"0206","020403","0204"
44,"02",COCLÉ,"04",NATÁ,"04",GUZMÁN,LEY N° 2 DEL 21 DE OCTUBRE DE 1981 (DEROGADA) CÓDIGO ADMINISTRATIVO 1916,LEY N° 58 DEL 29 DE JULIO DE 1998,GA 22526,GA 23602,48188.170881985,73186635.6061299,"0206","020404","0204"
45,"02",COCLÉ,"04",NATÁ,"05",LAS HUACAS,LEY N° 2 DEL 21 DE OCTUBRE DE 1981 (DEROGADA) CÓDIGO ADMINISTRATIVO 1916,LEY N° 58 DEL 29 DE JULIO DE 1998,GA 22526,GA 23602,66259.5536902738,89013351.3480966,"0206","020405","0204"
46,"02",COCLÉ,"04",NATÁ,"06",TOZA,LEY N° 2 DEL 21 DE OCTUBRE DE 1981 (DEROGADA) CÓDIGO ADMINISTRATIVO 1916,LEY N° 58 DEL 29 DE JULIO DE 1998,GA 22526,GA 23602,62575.6944705196,86021147.1205318,"0206","020406","0204"
47,"02",COCLÉ,"04",NATÁ,"07",VILLARREAL,LEY N° 60 DEL 17 DE SEPTIEMBRE DE 2013,N/A,GA 27377,N/A,71892.4400288254,62785376.0790605,"0206","020407","0204"
48,"02",COCLÉ,"05",OLÁ,"01",OLÁ,LEY N° 2 DEL 21 DE OCTUBRE DE 1981 (DEROGADA) CÓDIGO ADMINISTRATIVO 1916,LEY N° 58 DEL 29 DE JULIO DE 1998,GA 22526,GA 23602,70210.0830757149,83284851.6496883,"0206","020501","0205"
49,"02",COCLÉ,"05",OLÁ,"02",EL COPÉ,LEY N° 2 DEL 21 DE OCTUBRE DE 1981 (DEROGADA) CÓDIGO ADMINISTRATIVO 1916,LEY N° 58 DEL 29 DE JULIO DE 1998,GA 22526,GA 23602,42113.7807370685,74579583.0622483,"0206","020502","0205"
50,"02",COCLÉ,"05",OLÁ,"03",EL PALMAR,LEY N° 2 DEL 21 DE OCTUBRE DE 1981 (DEROGADA) CÓDIGO ADMINISTRATIVO 1916,LEY N° 58 DEL 29 DE JULIO DE 1998,GA 22526,GA 23602,66229.6435929923,104592139.181038,"0205","020503","0205"
51,"02",COCLÉ,"05",OLÁ,"04",EL PICACHO,LEY N° 2 DEL 21 DE OCTUBRE DE 1981 (DEROGADA) CÓDIGO ADMINISTRATIVO 1916,LEY N° 58 DEL 29 DE JULIO DE 1998,GA 22526,GA 23602,32977.1937112944,30545535.3874503,"0206","020504","0205"
52,"02",COCLÉ,"05",OLÁ,"05",LA PAVA,LEY N° 2 DEL 21 DE OCTUBRE DE 1981 (DEROGADA) CÓDIGO ADMINISTRATIVO 1916,LEY N° 58 DEL 29 DE JULIO DE 1998,GA 22526,GA 23602,47141.0467545974,84525565.8581089,"0206","020505","0205"
53,"02",COCLÉ,"06",PENONOMÉ,"01",PENONOMÉ,LEY N° 2 DEL 21 DE OCTUBRE DE 1981 (DEROGADA) CÓDIGO ADMINISTRATIVO 1916,LEY N° 58 DEL 29 DE JULIO DE 1998,GA 22526,GA 23602,50728.8714488108,53392157.371794,"0207","020601","0206"
54,"02",COCLÉ,"06",PENONOMÉ,"02",CAÑAVERAL,LEY N° 2 DEL 21 DE OCTUBRE DE 1981 (DEROGADA) CÓDIGO ADMINISTRATIVO 1916,LEY N° 58 DEL 29 DE JULIO DE 1998,GA 22526,GA 23602,49362.2728228757,63482285.9692426,"0207","020602","0206"
55,"02",COCLÉ,"06",PENONOMÉ,"03",COCLÉ,LEY N° 2 DEL 21 DE OCTUBRE DE 1981 (DEROGADA) CÓDIGO ADMINISTRATIVO 1916,LEY N° 58 DEL 29 DE JULIO DE 1998,GA 22526,GA 23602,75175.7720018583,115461929.461934,"0207","020603","0206"
56,"02",COCLÉ,"06",PENONOMÉ,"04",CHIGUIRÍ ARRIBA,LEY N° 2 DEL 21 DE OCTUBRE DE 1981 (DEROGADA) CÓDIGO ADMINISTRATIVO 1916,"LEY N° 58 DEL 29 DE JULIO DE 1998, LEY N° 296 DEL 26 DE ABRIL DE 2022",GA 22526,"GA 23602, GA 29524-B",56843.5451982449,104031043.86811,"0208","020604","0206"
57,"02",COCLÉ,"06",PENONOMÉ,"05",EL COCO,LEY N° 2 DEL 21 DE OCTUBRE DE 1981 (DEROGADA) CÓDIGO ADMINISTRATIVO 1916,LEY N° 58 DEL 29 DE JULIO DE 1998,GA 22526,GA 23602,87544.1091401588,148687735.325683,"0207","020605","0206"
58,"02",COCLÉ,"06",PENONOMÉ,"13",GENERAL VICTORIANO LORENZO,LEY N° 2 DEL 21 DE OCTUBRE DE 1981 (DEROGADA) CÓDIGO ADMINISTRATIVO 1916,"LEY N° 58 DEL 29 DE JULIO DE 1998, LEY N° 296 DEL 25 DE ABRIL DE 2022",GA 22526,"GA 23602, GA 29524-B",64454.627407139,79199576.389158,"0208","020613","0206"
59,"02",COCLÉ,"06",PENONOMÉ,"07",RÍO GRANDE,LEY N° 2 DEL 21 DE OCTUBRE DE 1981 (DEROGADA) CÓDIGO ADMINISTRATIVO 1916,LEY N° 58 DEL 29 DE JULIO DE 1998,GA 22526,GA 23602,59013.9687300844,94217780.0154867,"0207","020607","0206"
60,"02",COCLÉ,"06",PENONOMÉ,"08",RÍO INDIO,LEY N° 2 DEL 21 DE OCTUBRE DE 1981 (DEROGADA) CÓDIGO ADMINISTRATIVO 1916,"LEY N° 58 DEL 29 DE JULIO DE 1998, LEY N° 296 DEL 26 DE ABRIL DE 2022",GA 22526,"GA 23602, GA 29524-B",111783.068125362,214131854.985205,"0209","020608","0206"
61,"02",COCLÉ,"06",PENONOMÉ,"09",TOABRÉ,LEY N° 2 DEL 21 DE OCTUBRE DE 1981 (DEROGADA) CÓDIGO ADMINISTRATIVO 1916,"LEY N° 58 DEL 29 DE JULIO DE 1998, LEY N° 296 DEL 26 DE ABRIL DE 2022",GA 22526,"GA 23602, GA 29524-B",118418.908148725,193775445.57506,"0209","020609","0206"
62,"02",COCLÉ,"06",PENONOMÉ,"10",TULÚ,LEY N° 2 DEL 21 DE OCTUBRE DE 1981 (DEROGADA) CÓDIGO ADMINISTRATIVO 1916,"LEY N° 58 DEL 29 DE JULIO DE 1998, LEY N° 296 DEL 26 DE ABRIL DE 2022",GA 22526,"GA 23602, GA29524-B",71199.4841452163,122010049.252919,"0209","020610","0206"
63,"03",COLÓN,"01",COLÓN,"01",BARRIO NORTE,LEY Nº 1 DEL 27 DE OCTUBRE DE 1982,N/A,GA 19981,N/A,5821.47227853812,1312650.01681957,"0301","030101","0301"
64,"03",COLÓN,"01",COLÓN,"02",BARRIO SUR,LEY Nº 1 DEL 27 DE OCTUBRE DE 1982,N/A,GA 19981,N/A,5665.76272838959,1660013.97806265,"0301","030102","0301"
65,"03",COLÓN,"01",COLÓN,"03",BUENA VISTA,LEY Nº 1 DEL 27 DE OCTUBRE DE 1982,N/A,GA 19981,N/A,69059.5001027422,112984942.722524,"0302","030103","0301"
66,"03",COLÓN,"01",COLÓN,"04",CATIVÁ,LEY N° 1 DEL 27 DE OCTUBRE DE 1982,LEY N° 20 DEL 30 DE SEPTIEMBRE DE 2014,GA 19981,GA 27634-A,57484.0802478343,22106866.3143725,"0303","030104","0301"
67,"03",COLÓN,"01",COLÓN,"05",CIRICITO,LEY N° 1 DEL 27 DE OCTUBRE DE 1982,N/A,GA 19981,N/A,315136.023777958,66388983.8383329,"0306","030105","0301"
68,"03",COLÓN,"01",COLÓN,"08",LIMÓN,LEY N° 1 DEL 27 DE OCTUBRE DE 1982,N/A,GA 19981,N/A,168295.374472075,76413538.8496511,"0304","030108","0301"
69,"03",COLÓN,"01",COLÓN,"09",NUEVA PROVIDENCIA,LEY N° 1 DEL 27 DE OCTUBRE DE 1982,N/A,GA 19981,N/A,83715.5940716106,17637510.064481,"0304","030109","0301"
70,"03",COLÓN,"01",COLÓN,"10",PUERTO PILÓN,LEY N° 1 DEL 27 DE OCTUBRE DE 1982,N/A,GA 19981,N/A,75379.6425906923,99322688.9471927,"0304","030110","0301"
71,"03",COLÓN,"01",COLÓN,"11",SABANITAS,LEY N° 1 DEL 27 DE OCTUBRE DE 1982,N/A,GA 19981,N/A,52534.5916274436,11740747.3379764,"0304","030111","0301"
72,"03",COLÓN,"01",COLÓN,"12",SALAMANCA,LEY Nº 1 DEL 27 DE OCTUBRE DE 1982,N/A,GA 19981,N/A,124647.198267833,195378319.969338,"0302","030112","0301"
73,"03",COLÓN,"01",COLÓN,"13",SAN JUAN,LEY Nº 1 DEL 27 DE OCTUBRE DE 1982,N/A,GA 19981,N/A,68678.0182465224,41691883.063697,"0302","030113","0301"
74,"03",COLÓN,"01",COLÓN,"14",SANTA ROSA,LEY Nº 1 DEL 27 DE OCTUBRE DE 1982,N/A,GA 19981,N/A,34331.1187590445,27546289.4826413,"0302","030114","0301"
75,"03",COLÓN,"01",COLÓN,"15",CRISTÓBAL ESTE,LEY N° 20 DEL 30 DE SEPTIEMBRE DE 2014,N/A,GA 27634-A,N/A,59771.6500414548,28920991.1534852,"0305","030115","0301"
76,"03",COLÓN,"02",CHAGRES,"01",NUEVO CHAGRES,LEY Nº 1 DEL 27 DE OCTUBRE DE 1982,N/A,GA 19981,N/A,14427.3224495754,5721246.49570241,"0307","030201","0302"
77,"03",COLÓN,"02",CHAGRES,"02",ACHIOTE,LEY Nº 1 DEL 27 DE OCTUBRE DE 1982,N/A,GA 19981,N/A,54966.9973348617,62070760.9936817,"0307","030202","0302"
78,"03",COLÓN,"02",CHAGRES,"03",EL GUABO,LEY Nº 1 DEL 27 DE OCTUBRE DE 1982,N/A,GA 19981,N/A,48331.3928494671,52691250.809372,"0306","030203","0302"
79,"03",COLÓN,"02",CHAGRES,"04",LA ENCANTADA,LEY Nº 1 DEL 27 DE OCTUBRE DE 1982,N/A,GA 19981,N/A,85599.6163733646,135553780.304316,"0306","030204","0302"
80,"03",COLÓN,"02",CHAGRES,"05",PALMAS BELLAS,LEY Nº 1 DEL 27 DE OCTUBRE DE 1982,N/A,GA 19981,N/A,61749.672015216,55401777.6637687,"0307","030205","0302"
81,"03",COLÓN,"02",CHAGRES,"06",PIÑA,LEY Nº 1 DEL 27 DE OCTUBRE DE 1982,N/A,GA 19981,N/A,30988.3119909912,29884784.5445658,"0307","030206","0302"
82,"03",COLÓN,"02",CHAGRES,"07",SALUD,LEY Nº 1 DEL 27 DE OCTUBRE DE 1982,N/A,GA 19981,N/A,60150.1338537614,106099477.146118,"0307","030207","0302"
83,"03",COLÓN,"03",DONOSO,"01",MIGUEL DE LA BORDA,LEY Nº 1 DEL 27 DE OCTUBRE DE 1982,N/A,GA 19981,N/A,122022.509130787,310678553.973149,"0308","030301","0303"
84,"03",COLÓN,"03",DONOSO,"02",COCLÉ DEL NORTE,LEY Nº 1 DEL 27 DE OCTUBRE DE 1982,"LEY N° 11 DEL 20 DE FEBRERO DE 2018,",GA 19981,GA 28469-B,288517.690416796,932409293.294395,"0309","030302","0303"
85,"03",COLÓN,"03",DONOSO,"03",EL GUÁSIMO,LEY Nº 1 DEL 27 DE OCTUBRE DE 1982,LEY N° 296 DEL 26 DE ABRIL DE 2022,GA 19981,GA 29524-B,97016.417491544,295273514.814095,"0308","030303","0303"
86,"03",COLÓN,"03",DONOSO,"04",GOBEA,LEY Nº 1 DEL 27 DE OCTUBRE DE 1982,N/A,GA 19981,N/A,44879.2071388325,53628849.2477392,"0308","030304","0303"
87,"03",COLÓN,"03",DONOSO,"05",RÍO INDIO,LEY N° 1 DEL 27 DE OCTUBRE DE 1982,N/A,GA 19981,N/A,67836.6969320388,36471981.3054714,"0308","030305","0303"
88,"03",COLÓN,"04",PORTOBELO,"02",CACIQUE,LEY N° 1 DEL 27 DE OCTUBRE DE 1982,N/A,GA 19981,N/A,24240.4579792615,11686418.2956722,"0310","030402","0304"
89,"03",COLÓN,"04",PORTOBELO,"03",PUERTO LINDO O GARROTE,LEY N° 1 DEL 27 DE OCTUBRE DE 1982,N/A,GA 19981,N/A,40481.6271733318,24670052.883805,"0310","030403","0304"
90,"03",COLÓN,"04",PORTOBELO,"04",ISLA GRANDE,LEY N° 1 DEL 27 DE OCTUBRE DE 1982,N/A,GA 19981,N/A,45331.5344774608,26919717.5965551,"0310","030404","0304"
91,"03",COLÓN,"04",PORTOBELO,"05",MARÍA CHIQUITA,LEY N° 1 DEL 27 DE OCTUBRE DE 1982,N/A,GA 19981,N/A,66103.0005859233,90829480.5188155,"0310","030405","0304"
92,"03",COLÓN,"05",SANTA ISABEL,"01",PALENQUE,LEY N° 1 DEL 27 DE OCTUBRE DE 1982,N/A,GA 19981,N/A,69455.2130179762,68634403.1714259,"0310","030501","0305"
93,"03",COLÓN,"05",SANTA ISABEL,"02",CUANGO,LEY N° 1 DEL 27 DE OCTUBRE DE 1982,N/A,GA 19981,N/A,37004.3774549355,46052078.2683557,"0310","030502","0305"
94,"03",COLÓN,"05",SANTA ISABEL,"03",MIRAMAR,LEY N° 1 DEL 27 DE OCTUBRE DE 1982,N/A,GA 19981,N/A,29222.2090549618,15936639.0431163,"0310","030503","0305"
95,"03",COLÓN,"05",SANTA ISABEL,"04",NOMBRE DE DIOS,LEY N° 1 DEL 27 DE OCTUBRE DE 1982,N/A,GA 19981,N/A,80088.1894998904,150325818.714845,"0310","030504","0305"
96,"03",COLÓN,"05",SANTA ISABEL,"05",PALMIRA,LEY N° 1 DEL 27 DE OCTUBRE DE 1982,N/A,GA 19981,N/A,91289.8122806863,176876799.827715,"0310","030505","0305"
97,"03",COLÓN,"05",SANTA ISABEL,"06",PLAYA CHIQUITA,LEY N° 1 DEL 27 DE OCTUBRE DE 1982,N/A,GA 19981,N/A,88202.5884876547,113030603.185059,"0310","030506","0305"
98,"03",COLÓN,"05",SANTA ISABEL,"07",SANTA ISABEL,LEY N° 1 DEL 27 DE OCTUBRE DE 1982,N/A,GA 19981,N/A,70996.7845822725,134337273.834429,"0310","030507","0305"
99,"03",COLÓN,"05",SANTA ISABEL,"08",VIENTO FRÍO,LEY N° 1 DEL 27 DE OCTUBRE DE 1982,N/A,GA 19981,N/A,36093.0167161152,34641732.3575137,"0310","030508","0305"
100,"03",COLÓN,"06",OMAR TORRIJOS HERRERA,"01",SAN JOSÉ  DEL GENERAL,LEY N° 1 DEL 27 DE OCTUBRE DE 1982,LEY N° 11 DEL 20 DE FEBRERO DE 2018,GA 19981,GA 28469-B,55567.3125588372,62750202.1164392,"0309","030601","0306"
101,"03",COLÓN,"06",OMAR TORRIJOS HERRERA,"02",NUEVA ESPERANZA,LEY N° 11 DEL 20 DE FEBRERO DE 2018,N/A,GA 28469-B,N/A,55784.0789600263,79816490.4267437,"0309","030602","0306"
102,"03",COLÓN,"06",OMAR TORRIJOS HERRERA,"03",SAN JUAN DE TURBE,LEY N° 11 DEL 20 DE FEBRERO DE 2018,N/A,GA 28469-B,N/A,41540.5095036091,55099408.3832066,"0309","030603","0306"
103,"04",CHIRIQUÍ,"01",ALANJE,"01",ALANJE,LEY N° 1 DEL 27 DE OCTUBRE DE 1982,LEY Nº 41 DEL 30 DE ABRIL DE 2003,GA 20047,GA 24794,30729.7872253837,20802475.288502,"0401","040101","0401"
104,"04",CHIRIQUÍ,"01",ALANJE,"02",DIVALÁ,LEY N° 1 DEL 27 DE OCTUBRE DE 1982,LEY Nº 41 DEL 30 DE ABRIL DE 2003,GA 20047,GA 24794,58646.5713622087,61445707.9788685,"0401","040102","0401"
105,"04",CHIRIQUÍ,"01",ALANJE,"03",EL TEJAR,LEY N° 1 DEL 27 DE OCTUBRE DE 1982,LEY Nº 41 DEL 30 DE ABRIL DE 2003,GA 20047,GA 24794,27334.3536822277,35415878.4486486,"0401","040103","0401"
106,"04",CHIRIQUÍ,"01",ALANJE,"04",GUARUMAL,LEY N° 1 DEL 27 DE OCTUBRE DE 1982,LEY Nº 41 DEL 30 DE ABRIL DE 2003,GA 20047,GA 24794,67645.3288704243,91384727.6086364,"0401","040104","0401"
107,"04",CHIRIQUÍ,"01",ALANJE,"05",PALO GRANDE,LEY N° 1 DEL 27 DE OCTUBRE DE 1982,LEY Nº 41 DEL 30 DE ABRIL DE 2003,GA 20047,GA 24794,32819.9096988751,41003789.5981524,"0401","040105","0401"
108,"04",CHIRIQUÍ,"01",ALANJE,"06",QUERÉVALO,LEY N° 1 DEL 27 DE OCTUBRE DE 1982,LEY Nº 41 DEL 30 DE ABRIL DE 2003,GA 20047,GA 24794,45388.2392794188,36682109.3028148,"0401","040106","0401"
109,"04",CHIRIQUÍ,"01",ALANJE,"07",SANTO TOMÁS,LEY N° 1 DEL 27 DE OCTUBRE DE 1982,LEY Nº 41 DEL 30 DE ABRIL DE 2003,GA 20047,GA 24794,53567.615316016,56407685.581205,"0401","040107","0401"
110,"04",CHIRIQUÍ,"01",ALANJE,"08",CANTA GALLO,LEY Nº 41 DEL 30 DE ABRIL DE 2003,N/A,GA 24794,N/A,43532.1320672545,38103886.0329414,"0401","040108","0401"
111,"04",CHIRIQUÍ,"01",ALANJE,"09",NUEVO MÉXICO,LEY Nº 41 DEL 30 DE ABRIL DE 2003,N/A,GA 24794,N/A,54398.0318106055,73953217.0258239,"0401","040109","0401"
112,"04",CHIRIQUÍ,"02",BARÚ,"02",LIMONES,LEY N° 1 DEL 27 DE OCTUBRE DE 1982,LEY N° 5 DEL 19 DE ENERO DE 1998,GA 20047,GA 23464,53661.5385547568,56153375.2326535,"0402","040202","0402"
113,"04",CHIRIQUÍ,"02",BARÚ,"04",BACO,LEY N° 1 DEL 27 DE OCTUBRE DE 1982,LEY Nº 5 DEL 19 DE ENERO DE 1998,GA 20047,GA 23464,56327.5058465394,75460077.6085434,"0403","040204","0402"
114,"04",CHIRIQUÍ,"02",BARÚ,"05",RODOLFO AGUILAR DELGADO,LEY N° 1 DEL 27 DE OCTUBRE DE 1982,"LEY N° 5 DEL 19 DE ENERO DE 1998, LEY N° 46 DEL 14 DE AGOSTO DE 2018",GA 20047,"GA 23464, GA 28591-B",79282.9211012577,109651868.613199,"0403","040205","0402"
115,"04",CHIRIQUÍ,"03",BOQUERÓN,"01",BOQUERÓN,LEY N° 1 DEL 27 DE OCTUBRE DE 1982,N/A,GA 20047,N/A,42910.9862240804,40565484.5388331,"0404","040301","0403"
116,"04",CHIRIQUÍ,"03",BOQUERÓN,"02",BÁGALA,LEY N° 1 DEL 27 DE OCTUBRE DE 1982,N/A,GA 20047,N/A,36616.028119495,43346503.1530406,"0404","040302","0403"
117,"04",CHIRIQUÍ,"03",BOQUERÓN,"03",CORDILLERA,LEY N° 1 DEL 27 DE OCTUBRE DE 1982,N/A,GA 20047,N/A,54006.5880847871,48769478.0029671,"0404","040303","0403"
118,"04",CHIRIQUÍ,"03",BOQUERÓN,"04",GUABAL,LEY N° 1 DEL 27 DE OCTUBRE DE 1982,N/A,GA 20047,N/A,39444.8981447819,32389580.1080791,"0404","040304","0403"
119,"04",CHIRIQUÍ,"03",BOQUERÓN,"05",GUAYABAL,LEY N° 1 DEL 27 DE OCTUBRE DE 1982,N/A,GA 20047,N/A,52316.7825547235,57644940.3621993,"0404","040305","0403"
120,"04",CHIRIQUÍ,"03",BOQUERÓN,"06",PARAÍSO,LEY N° 1 DEL 27 DE OCTUBRE DE 1982,N/A,GA 20047,N/A,47542.5106404543,36423009.2909326,"0404","040306","0403"
121,"04",CHIRIQUÍ,"03",BOQUERÓN,"07",PEDREGAL,LEY N° 1 DEL 27 DE OCTUBRE DE 1982,N/A,GA 20047,N/A,29911.5530995449,20838672.6351854,"0404","040307","0403"
122,"04",CHIRIQUÍ,"03",BOQUERÓN,"08",TIJERAS,LEY N° 1 DEL 27 DE OCTUBRE DE 1982,N/A,GA 20047,N/A,19862.3519276545,18194020.6892002,"0404","040308","0403"
123,"04",CHIRIQUÍ,"04",BOQUETE,"01",BOQUETE,LEY N° 1 DEL 27 DE OCTUBRE DE 1982,LEY N° 58 DEL 29 DE JULIO DE 1998,GA 20047,GA 23602,29259.0657999852,19166405.8581798,"0405","040401","0404"
124,"04",CHIRIQUÍ,"04",BOQUETE,"02",CALDERA,LEY N° 1 DEL 27 DE OCTUBRE DE 1982,LEY N° 59 DEL 29 DE JULIO DE 1998,GA 20047,GA 23602,74440.840532453,146649212.90823,"0405","040402","0404"
125,"04",CHIRIQUÍ,"04",BOQUETE,"03",PALMIRA,LEY N° 1 DEL 27 DE OCTUBRE DE 1982,LEY N° 58 DEL 29 DE JULIO DE 1998,GA 20047,GA 23602,47171.142083446,56380465.9857063,"0405","040403","0404"
126,"04",CHIRIQUÍ,"04",BOQUETE,"04",ALTO BOQUETE,LEY N° 1 DEL 27 DE OCTUBRE DE 1982,N/A,GA 20047,N/A,57597.9232650956,88089966.1428279,"0405","040404","0404"
127,"04",CHIRIQUÍ,"04",BOQUETE,"05",JARAMILLO,LEY N° 1 DEL 27 DE OCTUBRE DE 1982,N/A,GA 20047,N/A,47192.9062208576,69004394.7720435,"0405","040405","0404"
128,"04",CHIRIQUÍ,"04",BOQUETE,"06",LOS NARANJOS,LEY N° 1 DEL 27 DE OCTUBRE DE 1982,N/A,GA 20047,N/A,58879.9328403027,110573250.525677,"0405","040406","0404"
129,"04",CHIRIQUÍ,"05",BUGABA,"01",LA CONCEPCIÓN,LEY N° 1 DEL 27 DE OCTUBRE DE 1982,LEY N° 55 DEL 13 DE SEPTIEMBRE DE 2013,GA 20047,GA 27374,60505.4004519069,43005057.8258553,"0406","040501","0405"
130,"04",CHIRIQUÍ,"05",BUGABA,"02",ASERRÍO DE GARICHÉ,LEY N° 1 DEL 27 DE OCTUBRE DE 1982,LEY N° 10 DEL 14 DE FEBRERO DE 2018,GA 20047,GA 28465-A,46414.469580977,52523589.6128724,"0407","040502","0405"
131,"04",CHIRIQUÍ,"05",BUGABA,"03",BUGABA,LEY N° 1 DEL 27 DE OCTUBRE DE 1982,N/A,GA 20047,N/A,21640.0680088431,13103364.1782205,"0406","040503","0405"
132,"04",CHIRIQUÍ,"05",BUGABA,"05",GÓMEZ,LEY N° 1 DEL 27 DE OCTUBRE DE 1982,N/A,GA 20047,N/A,42393.9672099792,40211623.1662347,"0407","040505","0405"
133,"04",CHIRIQUÍ,"05",BUGABA,"06",LA ESTRELLA,LEY N° 1 DEL 27 DE OCTUBRE DE 1982,LEY Nº 41 DEL 30 DE ABRIL DE 2003,GA 20047,GA 24794,54559.8765867092,49242261.2924733,"0406","040506","0405"
134,"04",CHIRIQUÍ,"05",BUGABA,"07",SAN ANDRÉS,LEY N° 1 DEL 27 DE OCTUBRE DE 1982,N/A,GA 20047,N/A,56989.5637174276,65449835.7139073,"0407","040507","0405"
135,"04",CHIRIQUÍ,"05",BUGABA,"08",SANTA MARTA,LEY N° 1 DEL 27 DE OCTUBRE DE 1982,N/A,GA 20047,N/A,48722.4593205445,30146529.7287538,"0407","040508","0405"
136,"04",CHIRIQUÍ,"05",BUGABA,"09",SANTA ROSA,LEY N° 1 DEL 27 DE OCTUBRE DE 1982,N/A,GA 20047,N/A,48045.702360209,47521106.8199085,"0406","040509","0405"
137,"04",CHIRIQUÍ,"05",BUGABA,"10",SANTO DOMINGO,LEY N° 1 DEL 27 DE OCTUBRE DE 1982,N/A,GA 20047,N/A,40202.4222116299,50986120.4727257,"0407","040510","0405"
138,"04",CHIRIQUÍ,"05",BUGABA,"11",SORTOVÁ,LEY N° 1 DEL 27 DE OCTUBRE DE 1982,N/A,GA 20047,N/A,41047.8622444532,33570258.4471384,"0406","040511","0405"
139,"04",CHIRIQUÍ,"05",BUGABA,"13",EL BONGO,LEY N° 1 DEL 27 DE OCTUBRE DE 1982,LEY N° 5 DEL 19 DE ENERO DE 1998,GA 20047,GA 23464,37492.9075621442,41574386.3317496,"0406","040513","0405"
140,"04",CHIRIQUÍ,"05",BUGABA,"14",SOLANO,LEY N° 55 DEL 13 DE SEPTIEMBRE DE 2013,N/A,GA 27374,N/A,9324.05449294937,2889695.76995679,"0406","040514","0405"
141,"04",CHIRIQUÍ,"05",BUGABA,"15",SAN ISIDRO,LEY N° 10 DEL 14 DE FEBRERO DE 2018,N/A,GA 28465-A,N/A,46437.4742483304,47086549.3054416,"0407","040515","0405"
142,"04",CHIRIQUÍ,"06",DAVID,"01",DAVID,LEY N° 1 DEL 27 DE OCTUBRE DE 1982,LEY N° 9 DEL 14 DE FEBRERO DE 2018,GA 20047,GA 28465-A,23737.3543618057,15658241.698014,"0411","040601","0406"
143,"04",CHIRIQUÍ,"06",DAVID,"02",BIJAGUAL,LEY N° 1 DEL 27 DE OCTUBRE DE 1982,N/A,GA 20047,N/A,60224.8365591568,83841664.8282938,"0412","040602","0406"
144,"04",CHIRIQUÍ,"06",DAVID,"03",COCHEA,LEY N° 1 DEL 27 DE OCTUBRE DE 1982,N/A,GA 20047,N/A,73799.3584012496,58709984.3946542,"0412","040603","0406"
145,"04",CHIRIQUÍ,"06",DAVID,"04",CHIRIQUÍ,LEY N° 1 DEL 27 DE OCTUBRE DE 1982,N/A,GA 20047,N/A,82734.0720606928,213623283.891791,"0412","040604","0406"
146,"04",CHIRIQUÍ,"06",DAVID,"05",GUACÁ,LEY N° 1 DEL 27 DE OCTUBRE DE 1982,N/A,GA 20047,N/A,85498.5503580971,63529426.1430535,"0411","040605","0406"
147,"04",CHIRIQUÍ,"06",DAVID,"06",LAS LOMAS,LEY N° 1 DEL 27 DE OCTUBRE DE 1982,N/A,GA 20047,N/A,56442.2542530816,77113504.0269534,"0412","040606","0406"
148,"04",CHIRIQUÍ,"06",DAVID,"07",PEDREGAL,LEY N° 1 DEL 27 DE OCTUBRE DE 1982,N/A,GA 20047,N/A,297226.435457361,159425743.788697,"0409","040607","0406"
149,"04",CHIRIQUÍ,"06",DAVID,"08",SAN CARLOS,LEY N° 1 DEL 27 DE OCTUBRE DE 1982,N/A,GA 20047,N/A,66074.9667316557,49586364.3210598,"0411","040608","0406"
150,"04",CHIRIQUÍ,"06",DAVID,"09",SAN PABLO NUEVO,LEY N° 1 DEL 27 DE OCTUBRE DE 1982,N/A,GA 20047,N/A,70787.2221236654,59065879.4055212,"0401","040609","0406"
151,"04",CHIRIQUÍ,"06",DAVID,"10",SAN PABLO VIEJO,LEY N° 1 DEL 27 DE OCTUBRE DE 1982,N/A,GA 20047,N/A,45655.2765702844,59375695.6340804,"0404","040610","0406"
152,"04",CHIRIQUÍ,"06",DAVID,"11",DAVID ESTE,LEY N° 9 DEL 14 DE FEBRERO DE 2018,N/A,GA 28465-A,N/A,42741.6456893913,28955691.4199714,"0409","040611","0406"
153,"04",CHIRIQUÍ,"06",DAVID,"12",DAVID SUR,LEY N° 9 DEL 14 DE FEBRERO DE 2018,N/A,GA 28465-A,N/A,28437.2862732846,23688171.8509821,"0410","040612","0406"
154,"04",CHIRIQUÍ,"07",DOLEGA,"01",DOLEGA,LEY N° 1 DEL 27 DE OCTUBRE DE 1982,LEY N° 43 DEL 5 DE AGOSTO DE 2002,GA 20047,GA 24613,48536.7183361463,26646807.3048548,"0413","040701","0407"
155,"04",CHIRIQUÍ,"07",DOLEGA,"02",DOS RÍOS,LEY N° 1 DEL 27 DE OCTUBRE DE 1982,LEY N° 43 DEL 5 DE AGOSTO DE 2002,GA 20047,GA 24613,36700.9126313469,18252115.0613115,"0413","040702","0407"
156,"04",CHIRIQUÍ,"07",DOLEGA,"03",LOS ANASTACIOS,LEY N° 1 DEL 27 DE OCTUBRE DE 1982,LEY N° 43 DEL 5 DE AGOSTO DE 2002,GA 20047,GA 24613,21427.3967692414,10837788.8473824,"0413","040703","0407"
157,"04",CHIRIQUÍ,"07",DOLEGA,"04",POTRERILLOS,LEY N° 1 DEL 27 DE OCTUBRE DE 1982,LEY N° 43 DEL 5 DE AGOSTO DE 2002,GA 20047,GA 24613,44519.5926930666,55343401.2722312,"0413","040704","0407"
158,"04",CHIRIQUÍ,"07",DOLEGA,"05",POTRERILLOS ABAJO,LEY N° 1 DEL 27 DE OCTUBRE DE 1982,LEY N° 43 DEL 5 DE AGOSTO DE 2002,GA 20047,GA 24613,44452.2397749109,34494243.0818094,"0413","040705","0407"
159,"04",CHIRIQUÍ,"07",DOLEGA,"06",ROVIRA,LEY N° 1 DEL 27 DE OCTUBRE DE 1982,LEY N° 43 DEL 5 DE AGOSTO DE 2002,GA 20047,GA 24613,60043.9529338114,45036827.4093793,"0413","040706","0407"
160,"04",CHIRIQUÍ,"07",DOLEGA,"07",TINAJAS,LEY N° 1 DEL 27 DE OCTUBRE DE 1982,LEY N° 43 DEL 5 DE AGOSTO DE 2002,GA 20047,GA 24613,42594.8449755107,31096544.9023717,"0413","040707","0407"
161,"04",CHIRIQUÍ,"07",DOLEGA,"08",LOS ALGARROBOS,LEY N° 1 DEL 27 DE OCTUBRE DE 1982,LEY N° 43 DEL 5 DE AGOSTO DE 2002,GA 20047,GA 24613,43398.0065409214,29720421.1146101,"0413","040708","0407"
162,"04",CHIRIQUÍ,"08",GUALACA,"01",GUALACA,LEY N° 1 DEL 27 DE OCTUBRE DE 1982,N/A,GA 20047,N/A,88794.0473636513,233912848.307873,"0412","040801","0408"
163,"04",CHIRIQUÍ,"08",GUALACA,"03",LOS ÁNGELES,LEY N° 1 DEL 27 DE OCTUBRE DE 1982,LEY N° 69 DEL 28 DE OCTUBRE DE 1998,GA 20047,GA 23664,60291.479012423,80318336.0693948,"0412","040803","0408"
164,"04",CHIRIQUÍ,"08",GUALACA,"04",PAJA DE SOMBRERO,LEY N° 1 DEL 27 DE OCTUBRE DE 1982,N/A,GA 20047,N/A,48946.4915596638,65469896.2373109,"0412","040804","0408"
165,"04",CHIRIQUÍ,"08",GUALACA,"05",RINCÓN,LEY N° 1 DEL 27 DE OCTUBRE DE 1982,N/A,GA 20047,N/A,48037.8096991283,65938851.2071622,"0412","040805","0408"
166,"04",CHIRIQUÍ,"09",REMEDIOS,"01",REMEDIOS,LEY N° 1 DEL 27 DE OCTUBRE DE 1982,LEY Nº 69 DEL 28 DE OCTUBRE DE 1998,GA 20047,GA 23664,64865.4344648806,46981737.3646843,"0416","040901","0409"
167,"04",CHIRIQUÍ,"09",REMEDIOS,"02",EL NANCITO,LEY N° 1 DEL 27 DE OCTUBRE DE 1982,N/A,GA 20047,N/A,40070.6953126766,34890047.336185,"0416","040902","0409"
168,"04",CHIRIQUÍ,"09",REMEDIOS,"03",EL PORVENIR,LEY Nº 69 DEL 28 DE OCTUBRE DE 1998,N/A,GA 23664,N/A,32256.767632972,28020451.028383,"0416","040903","0409"
169,"04",CHIRIQUÍ,"09",REMEDIOS,"04",EL PUERTO,LEY N° 69 DEL 28 DE OCTUBRE DE 1998,LEY N° 43 DEL 5 DE AGOSTO DE 2002,GA 23664,GA 24613,54135.9629403745,36671737.7217736,"0416","040904","0409"
170,"04",CHIRIQUÍ,"09",REMEDIOS,"05",SANTA LUCÍA,LEY Nº 69 DEL 28 DE OCTUBRE DE 1998,N/A,GA 23664,N/A,39035.1291077988,25761539.5023672,"0416","040905","0409"
171,"04",CHIRIQUÍ,"10",RENACIMIENTO,"03",CAÑAS GORDAS,LEY N° 2 DEL 16 DE SEPTIEMBRE DE 1938,"LEY N° 1 DEL 27 DE OCTUBRE DE 1982, LEY N° 41 DEL 30 DE ABRIL  DE 2003",GA 07873,"GA 20047, GA 24794",48602.5981175678,60792578.0458866,"0415","041003","0410"
172,"04",CHIRIQUÍ,"10",RENACIMIENTO,"04",MONTE LIRIO,LEY N° 41 DEL 30 DE ABRIL DE 2003,N/A,GA 24794,N/A,44701.9293220418,45950015.0582199,"0415","041004","0410"
173,"04",CHIRIQUÍ,"10",RENACIMIENTO,"05",PLAZA CAISÁN,LEY N° 1 DEL 27 DE OCTUBRE DE 1982,LEY N° 41 DEL 30 DE ABRIL DE 2003,GA 20047,GA 24794,63622.948079478,96572298.8845652,"0415","041005","0410"
174,"04",CHIRIQUÍ,"10",RENACIMIENTO,"06",SANTA CRUZ,LEY N° 1 DEL 27 DE OCTUBRE DE 1982,LEY N° 41 DEL 30 DE ABRIL DE 2003,GA 20047,GA 24794,48040.9657639438,59473114.2027747,"0415","041006","0410"
175,"04",CHIRIQUÍ,"10",RENACIMIENTO,"07",DOMINICAL,LEY N° 41 DEL 30 DE ABRIL DE 2003,N/A,GA 24794,N/A,53093.1894847861,82696638.8089793,"0415","041007","0410"
176,"04",CHIRIQUÍ,"10",RENACIMIENTO,"08",SANTA CLARA,LEY N° 41 DEL 30 DE ABRIL DE 2003,N/A,GA 24794,N/A,66777.4076333925,69755150.7224773,"0415","041008","0410"
177,"04",CHIRIQUÍ,"11",SAN FÉLIX,"01",LAS LAJAS,LEY N° 1 DEL 27 DE OCTUBRE DE 1982,"LEY Nº 69 DEL 28 DE OCTUBRE DE 1998, LEY Nº 41 DEL 30 DE ABRIL DE 2003",GA 20047,"GA 23664, GA 24794",49112.240379049,58339688.4307955,"0416","041101","0411"
178,"04",CHIRIQUÍ,"11",SAN FÉLIX,"02",JUAY,LEY N° 1 DEL 27 DE OCTUBRE DE 1982,LEY Nº 69 DEL 28 DE OCTUBRE DE 1998,GA 20047,GA 23664,50379.743284265,33948809.714139,"0416","041102","0411"
179,"04",CHIRIQUÍ,"11",SAN FÉLIX,"03",LAJAS ADENTRO,LEY N° 58 DEL 29 DE JULIO DE 1998,N/A,GA 23602,N/A,46060.1077042966,18746902.736515,"0416","041103","0411"
180,"04",CHIRIQUÍ,"11",SAN FÉLIX,"04",SAN FÉLIX,LEY N° 1 DEL 27 DE OCTUBRE DE 1982,LEY Nº 69 DEL 28 DE OCTUBRE DE 1998,GA 20047,GA 23664,47788.5363113852,56542132.8036503,"0416","041104","0411"
181,"04",CHIRIQUÍ,"11",SAN FÉLIX,"05",SANTA CRUZ,LEY N° 58 DEL 29 DE JULIO DE 1998,LEY Nº 41 DEL 30 DE ABRIL DE 2003,GA 23602,GA 24794,42960.4793408239,58897228.612147,"0416","041105","0411"
182,"04",CHIRIQUÍ,"12",SAN LORENZO,"01",HORCONCITOS,LEY N° 1 DEL 27 DE OCTUBRE DE 1982,LEY N° 69 DEL 28 DE OCTUBRE DE 1998,GA 20047,GA 23664,67059.5416694576,77946575.5686805,"0416","041201","0412"
183,"04",CHIRIQUÍ,"12",SAN LORENZO,"02",BOCA CHICA,LEY N° 1 DEL 27 DE OCTUBRE DE 1982,LEY N° 69 DEL 28 DE OCTUBRE DE 1998,GA 20047,GA 23664,217276.255971061,115878408.816492,"0416","041202","0412"
184,"04",CHIRIQUÍ,"12",SAN LORENZO,"03",BOCA DEL MONTE,LEY N° 1 DEL 27 DE OCTUBRE DE 1982,LEY N° 69 DEL 28 DE OCTUBRE DE 1998,GA 20047,GA 23664,114940.193970193,246579202.166251,"0416","041203","0412"
185,"04",CHIRIQUÍ,"12",SAN LORENZO,"04",SAN JUAN,LEY N° 1 DEL 27 DE OCTUBRE DE 1982,LEY N° 69 DEL 28 DE OCTUBRE DE 1998,GA 20047,GA 23664,72453.7977786239,109639101.288597,"0416","041204","0412"
186,"04",CHIRIQUÍ,"12",SAN LORENZO,"05",SAN LORENZO,LEY N° 1 DEL 27 DE OCTUBRE DE 1982,LEY N° 69 DEL 28 DE OCTUBRE DE 1998,GA 20047,GA 23664,141218.305330363,139031980.14958,"0416","041205","0412"
187,"04",CHIRIQUÍ,"13",TOLÉ,"01",TOLÉ,LEY N° 1 DEL 27 DE OCTUBRE DE 1982,LEY N° 69 DEL 28 DE OCTUBRE DE 1998,GA 20047,GA 23664,62721.0872397475,78506942.2100661,"0414","041301","0413"
188,"04",CHIRIQUÍ,"13",TOLÉ,"02",BELLA VISTA,LEY N° 69 DEL 28 DE OCTUBRE DE 1998,N/A,GA 23664,N/A,34310.8820194995,38590752.3474901,"0414","041302","0413"
189,"04",CHIRIQUÍ,"13",TOLÉ,"03",CERRO VIEJO,LEY N° 1 DEL 27 DE OCTUBRE DE 1982,LEY N° 69 DEL 28 DE OCTUBRE DE 1998,GA 20047,GA 23664,114896.548690456,58546642.4988523,"1204","041303","0413"
190,"04",CHIRIQUÍ,"13",TOLÉ,"04",EL CRISTO,LEY N° 69 DEL 28 DE OCTUBRE DE 1998,N/A,GA 23664,N/A,43531.9041803124,31945682.9618879,"1204","041304","0413"
191,"04",CHIRIQUÍ,"13",TOLÉ,"05",JUSTO FIDEL PALACIOS,LEY N° 69 DEL 28 DE OCTUBRE DE 1998,N/A,GA 23664,N/A,36339.2492850849,26363255.0761547,"1204","041305","0413"
192,"04",CHIRIQUÍ,"13",TOLÉ,"06",LAJAS DE TOLÉ,LEY N° 1 DEL 27 DE OCTUBRE DE 1982,LEY N° 69 DEL 28 DE OCTUBRE DE 1998,GA 20047,GA 23664,47808.4544457453,70832556.1349639,"0414","041306","0413"
193,"04",CHIRIQUÍ,"13",TOLÉ,"07",POTRERO DE CAÑA,LEY N° 69 DEL 28 DE OCTUBRE DE 1998,N/A,GA 23664,N/A,48170.4625692621,19109355.5821339,"0414","041307","0413"
194,"04",CHIRIQUÍ,"13",TOLÉ,"08",QUEBRADA DE PIEDRA,LEY N° 1 DEL 27 DE OCTUBRE DE 1982,LEY N° 69 DEL 28 DE OCTUBRE DE 1998,GA 20047,GA 23664,97376.1302644639,111897212.751347,"0414","041308","0413"
195,"04",CHIRIQUÍ,"13",TOLÉ,"09",VELADERO,LEY N° 69 DEL 28 DE OCTUBRE DE 1998,N/A,GA 23664,N/A,51437.0686461198,49427022.6941996,"0414","041309","0413"
196,"04",CHIRIQUÍ,"14",TIERRAS ALTAS,"01",VOLCÁN,LEY N° 1 DEL 27 DE OCTUBRE DE 1982,LEY N° 55 DEL 13 DE SEPTIEMBRE DE 2013,GA 20047,GA 27374,67299.5503568993,90123270.407801,"0408","041401","0414"
197,"04",CHIRIQUÍ,"14",TIERRAS ALTAS,"02",CERRO PUNTA,LEY N° 1 DEL 27 DE OCTUBRE DE 1982,LEY N° 55 DEL 13 DE SEPTIEMBRE DE 2013,GA 20047,GA 27374,40926.5095305703,73153457.7035463,"0408","041402","0414"
198,"04",CHIRIQUÍ,"14",TIERRAS ALTAS,"03",CUESTA DE PIEDRA,LEY N° 55 DEL 13 DE SEPTIEMBRE DE 2013,N/A,GA 27374,N/A,34025.8247523164,28903210.8077298,"0408","041403","0414"
199,"04",CHIRIQUÍ,"14",TIERRAS ALTAS,"04",NUEVA CALIFORNIA,LEY N° 55 DEL 13 DE SEPTIEMBRE DE 2013,N/A,GA 27374,N/A,57997.6071353416,123073661.178094,"0408","041404","0414"
200,"04",CHIRIQUÍ,"14",TIERRAS ALTAS,"05",PASO ANCHO,LEY N° 55 DEL 13 DE SEPTIEMBRE DE 2013,N/A,GA 27374,N/A,39423.9951682052,44528004.4193532,"0408","041405","0414"
201,"05",DARIÉN,"01",CHEPIGANA,"03",CHEPIGANA,LEY N° 1 DEL 27 DE OCTUBRE DE 1982,LEY N° 58 DEL 29 DE JULIO DE 1998,GA 19965,GA 23602,101453.416182838,269942341.3524,"0501","050103","0501"
202,"05",DARIÉN,"01",CHEPIGANA,"05",JAQUÉ,LEY N° 1 DEL 27 DE OCTUBRE DE 1982,LEY N° 22 DEL 8 DE NOVIEMBRE DE 1983,GA 19965,GA 19976,239665.303097608,1093587263.99394,"0502","050105","0501"
203,"05",DARIÉN,"01",CHEPIGANA,"06",PUERTO PIÑA,LEY N° 1 DEL 27 DE OCTUBRE DE 1982,LEY N° 22 DEL 8 DE NOVIEMBRE DE 1983,GA 19965,GA 19976,268186.114274414,299962638.843752,"0502","050106","0501"
204,"05",DARIÉN,"01",CHEPIGANA,"09",SAMBÚ,LEY N° 1 DEL 27 DE OCTUBRE DE 1982,LEY N° 22 DEL 8 DE NOVIEMBRE DE 1983,GA 19965,GA 19976,40808.2059994559,37598549.8049592,"0501","050109","0501"
205,"05",DARIÉN,"01",CHEPIGANA,"10",SETEGANTÍ,LEY N° 1 DEL 27 DE OCTUBRE DE 1982,LEY N° 58 DEL 29 DE JULIO DE 1998,GA 19965,GA 23602,65904.3624461032,95443665.1953637,"0501","050110","0501"
206,"05",DARIÉN,"01",CHEPIGANA,"11",TAIMATÍ,LEY N° 1 DEL 27 DE OCTUBRE DE 1982,LEY N° 22 DEL 8 DE NOVIEMBRE DE 1983,GA 19965,GA 19976,130586.473956872,196464573.108255,"0501","050111","0501"
207,"05",DARIÉN,"01",CHEPIGANA,"12",TUCUTÍ,LEY N° 1 DEL 27 DE OCTUBRE DE 1982,LEY N° 22 DEL 8 DE NOVIEMBRE DE 1983,GA 19965,GA 19976,239687.906770945,1348231395.97259,"0501","050112","0501"
208,"05",DARIÉN,"02",PINOGANA,"01",EL REAL DE SANTA MARÍA,LEY N° 1 DEL 27 DE OCTUBRE DE 1982,N/A,GA 19965,N/A,79187.8817185166,117725630.702441,"0503","050201","0502"
209,"05",DARIÉN,"02",PINOGANA,"02",BOCA DE CUPE,LEY N° 1 DEL 27 DE OCTUBRE DE 1982,N/A,GA 19965,N/A,242459.21597329,706563480.551299,"0503","050202","0502"
210,"05",DARIÉN,"02",PINOGANA,"03",PAYA,LEY N° 1 DEL 27 DE OCTUBRE DE 1982,N/A,GA 19965,N/A,246826.692343784,1129640555.08626,"0503","050203","0502"
211,"05",DARIÉN,"02",PINOGANA,"04",PINOGANA,LEY N° 1 DEL 27 DE OCTUBRE DE 1982,LEY N° 22 DEL 8 DE NOVIEMBRE DE 1983,GA 19965,GA 19976,55550.7359026082,53768786.0424255,"0503","050204","0502"
212,"05",DARIÉN,"02",PINOGANA,"05",PÚCURO,LEY N° 1 DEL 27 DE OCTUBRE DE 1982,N/A,GA 19965,N/A,46749.0841597811,98181770.0978484,"0503","050205","0502"
213,"05",DARIÉN,"02",PINOGANA,"07",YAVIZA,LEY N° 1 DEL 27 DE OCTUBRE DE 1982,"LEY N° 22 DEL 8 NOVIEMBRE DE 1983, LEY N° 58 DEL 29 DE JULIO DE 1998, LEY N° 57 DEL 14 DE JULIO DE 2017",GA 19965,"GA 19976, GA 23602, GA 28322-A",129460.374899068,423934243.35698,"0504","050207","0502"
214,"05",DARIÉN,"03",SANTA FE,"07",RÍO CONGO,LEY N° 58 DEL 29 DE JULIO DE 1998,LEY N° 57 DEL 14 DE JULIO DE 2017,GA 19965,"GA 23602, 28322-A",268096.267337545,538886783.715655,"0505","050307","0503"
215,"05",DARIÉN,"03",SANTA FE,"14",CUCUNATÍ,LEY N° 58 DEL 29 DE JULIO DE 1998,LEY N° 57 DEL 14 DE JULIO DE 2017,GA 23602,GA 28322-A,119368.509127501,199509420.578193,"0505","050314","0503"
216,"05",DARIÉN,"03",SANTA FE,"15",RÍO CONGO ARRIBA,LEY N° 58 DEL 29 DE JULIO DE 1998,LEY N° 57 DEL 14 DE JULIO DE 2017,GA 23602,GA 28322-A,108086.690776874,313033838.496152,"0505","050315","0503"
217,"05",DARIÉN,"03",SANTA FE,"16",SANTA FE,LEY N° 58 DEL 29 DE JULIO DE 1998,LEY N° 57 DEL 14 DE JULIO DE 2017,GA 23602,GA 28322-A,194788.354223232,432061398.706611,"0505","050316","0503"
218,"06",HERRERA,"01",CHITRÉ,"01",CHITRÉ,LEY N° 2 DEL 21 DE OCTUBRE DE 1981 (DEROGADA) CÓDIGO ADMINISTRATIVO 1916,LEY N° 58 DEL 29 DE JULIO DE 1998,GA 22526,GA 23602,16150.0162453568,12819451.197984,"0601","060101","0601"
219,"06",HERRERA,"01",CHITRÉ,"02",LA ARENA,LEY N° 2 DEL 21 DE OCTUBRE DE 1981 (DEROGADA) CÓDIGO ADMINISTRATIVO 1916,LEY N° 58 DEL 29 DE JULIO DE 1998,GA 22526,GA 23602,30347.5458146948,27665058.1844115,"0601","060102","0601"
220,"06",HERRERA,"01",CHITRÉ,"03",MONAGRILLO,LEY N° 2 DEL 21 DE OCTUBRE DE 1981 (DEROGADA) CÓDIGO ADMINISTRATIVO 1916,LEY N° 58 DEL 29 DE JULIO DE 1998,GA 22526,GA 23602,36274.2325365503,27947768.712311,"0601","060103","0601"
221,"06",HERRERA,"01",CHITRÉ,"04",LLANO BONITO,LEY N° 58 DEL 29 DE JULIO DE 1998,N/A,GA 23602,N/A,21004.2390789334,11568766.1274826,"0601","060104","0601"
222,"06",HERRERA,"01",CHITRÉ,"05",SAN JUAN BAUTISTA,LEY N° 58 DEL 29 DE JULIO DE 1998,N/A,GA 23602,N/A,21233.056881087,8456235.11692217,"0601","060105","0601"
223,"06",HERRERA,"02",LAS MINAS,"01",LAS MINAS,LEY N° 2 DEL 21 DE OCTUBRE DE 1981 (DEROGADA) CÓDIGO ADMINISTRATIVO 1916,"LEY N° 58 DEL 29 DE JULIO DE 1998, LEY N° 41 DE 30 DEL ABRIL DE 2003, LEY N° 37 DEL 24 DE JUNIO DE 2008",GA 22526,"GA 23602, GA 24794, GA 26069",53381.9168137025,57300157.7429629,"0602","060201","0602"
224,"06",HERRERA,"02",LAS MINAS,"02",CHEPO,LEY N° 2 DEL 21 DE OCTUBRE DE 1981 (DEROGADA) CÓDIGO ADMINISTRATIVO 1916,"LEY N° 58 DEL 29 DE JULIO DE 1998, LEY N° 41 DE 30 DEL ABRIL DE 2003, LEY N° 37 DEL 24 DE JUNIO DE 2008",GA 22526,"GA 23602, GA 24794, GA 26069",64652.4196367919,142120871.818612,"0602","060202","0602"
225,"06",HERRERA,"02",LAS MINAS,"03",CHUMICAL,LEY N° 2 DEL 21 DE OCTUBRE DE 1981 (DEROGADA) CÓDIGO ADMINISTRATIVO 1916,"LEY N° 58 DEL 29 DE JULIO DE 1998, LEY N° 41 DEL 30 DE ABRIL DE 2003, LEY N° 37 DEL 24 DE JUNIO DE 2008",GA 22526,"GA 23602, GA 24794, GA 26069",25851.984177516,24934857.4977863,"0602","060203","0602"
226,"06",HERRERA,"02",LAS MINAS,"04",EL TORO,LEY N° 2 DEL 21 DE OCTUBRE DE 1981 (DEROGADA) CÓDIGO ADMINISTRATIVO 1916,"LEY N° 58 DEL 29 DE JULIO DE 1998, LEY N° 41 DE 30 DEL ABRIL DE 2003, LEY N° 37 DEL 24 DE JUNIO DE 2008",GA 22526,"GA 23602, GA 24794, GA 26069",55842.9076190952,83318038.7302637,"0602","060204","0602"
227,"06",HERRERA,"02",LAS MINAS,"05",LEONES,LEY N° 2 DEL 21 DE OCTUBRE DE 1981 (DEROGADA) CÓDIGO ADMINISTRATIVO 1916,"LEY N° 58 DEL 29 DE JULIO DE 1998, LEY N° 41 DE 30 DEL ABRIL DE 2003, LEY N° 37 DEL 24 DE JUNIO DE 2008",GA 22526,"GA 23602, GA 24794, GA 26069",51970.8137166158,72592864.2168201,"0602","060205","0602"
228,"06",HERRERA,"02",LAS MINAS,"06",QUEBRADA DEL ROSARIO,LEY N° 58 DEL 29 DE JULIO DE 1998,LEY N° 41 DEL 30 DE ABRIL DE 2003,GA 22526,"GA 23602, GA 24794",37265.8148821911,46253217.7673225,"0602","060206","0602"
229,"06",HERRERA,"02",LAS MINAS,"07",QUEBRADA EL CIPRIÁN,LEY N° 41 DEL 30 DE ABRIL DE 2003,N/A,GA 24794,N/A,37803.6005359207,42588505.3370131,"0602","060207","0602"
230,"06",HERRERA,"03",LOS POZOS,"01",LOS POZOS,LEY N° 2 DEL 21 DE OCTUBRE DE 1981 (DEROGADA) CÓDIGO ADMINISTRATIVO 1916,"LEY N° 58 DEL 29 DE JULIO DE 1998, LEY N° 18 DEL 24 DE ENERO DE 2003",GA 22526,"GA 23602, GA 24731",44474.1220167798,58068506.4677201,"0603","060301","0603"
231,"06",HERRERA,"03",LOS POZOS,"02",EL CAPURÍ,LEY N° 2 DEL 21 DE OCTUBRE DE 1981 (DEROGADA) CÓDIGO ADMINISTRATIVO 1916,"LEY N° 58 DEL 29 DE JULIO DE 1998, LEY N° 18 DEL 24 DE ENERO DE 2003",GA 22526,"GA 23602, GA 24731",22693.8059781765,18335409.8249756,"0603","060302","0603"
232,"06",HERRERA,"03",LOS POZOS,"03",EL CALABACITO,LEY N° 2 DEL 21 DE OCTUBRE DE 1981 (DEROGADA) CÓDIGO ADMINISTRATIVO 1916,"LEY N° 58 DEL 29 DE JULIO DE 1998, LEY N° 18 DEL 24 DE ENERO DE 2003",GA 22526,"GA 23602, GA 24731",31409.1256322832,34323644.7805872,"0603","060303","0603"
233,"06",HERRERA,"03",LOS POZOS,"04",EL CEDRO,LEY N° 2 DEL 21 DE OCTUBRE DE 1981 (DEROGADA) CÓDIGO ADMINISTRATIVO 1916,"LEY N° 58 DEL 29 DE JULIO DE 1998, LEY N° 18 DEL 24 DE ENERO DE 2003",GA 22526,"GA 23602, GA 24731",34703.4530749661,34077775.7986312,"0603","060304","0603"
234,"06",HERRERA,"03",LOS POZOS,"05",LA ARENA,LEY N° 2 DEL 21 DE OCTUBRE DE 1981 (DEROGADA) CÓDIGO ADMINISTRATIVO 1916,"LEY N° 58 DEL 29 DE JULIO DE 1998, LEY N° 18 DEL 24 DE ENERO DE 2003",GA 22526,"GA 23602, GA 24731",30508.5940184886,23810799.4603791,"0603","060305","0603"
235,"06",HERRERA,"03",LOS POZOS,"06",LA PITALOZA,LEY N° 2 DEL 21 DE OCTUBRE DE 1981 (DEROGADA) CÓDIGO ADMINISTRATIVO 1916,"LEY N° 58 DEL 29 DE JULIO DE 1998, LEY N° 18 DEL 24 DE ENERO DE 2003, LEY N° 37 DEL 24 DE JUNIO DE 2008",GA 22526,"GA 23602, GA 24731, GA 26069",61566.8065982648,84959156.8183161,"0603","060306","0603"
236,"06",HERRERA,"03",LOS POZOS,"07",LOS CERRITOS,LEY N° 2 DEL 21 DE OCTUBRE DE 1981 (DEROGADA) CÓDIGO ADMINISTRATIVO 1916,"LEY N° 58 DEL 29 DE JULIO DE 1998, LEY N° 18 DEL 24 DE ENERO DE 2003",GA 22526,"GA 23602, GA 24731",37849.0072408925,32706364.5317573,"0603","060307","0603"
237,"06",HERRERA,"03",LOS POZOS,"08",LOS CERROS DE PAJA,LEY N° 2 DEL 21 DE OCTUBRE DE 1981 (DEROGADA) CÓDIGO ADMINISTRATIVO 1916,"LEY N° 58 DEL 29 DE JULIO DE 1998, LEY N° 18 DEL 24 DE ENERO DE 2003",GA 22526,"GA 23602, GA 24731",35734.6724126293,36980757.747601,"0603","060308","0603"
238,"06",HERRERA,"03",LOS POZOS,"09",LAS LLANAS,LEY N° 18 DEL 24 DE ENERO DE 2003,N/A,GA 24731,N/A,55321.2764237577,61854326.301054,"0603","060309","0603"
239,"06",HERRERA,"04",OCÚ,"01",OCÚ,LEY N° 2 DEL 21 DE OCTUBRE DE 1981 (DEROGADA) CÓDIGO ADMINISTRATIVO 1916,"LEY N° 58 DEL 29 DE JULIO DE 1998, LEY N° 41 DEL 30 DE ABRIL  DE 2003, LEY N° 37  DEL 24 DE JUNIO DE 2008",GA 22526,"GA 23602, GA 24794, GA 26069",88061.8744208288,122153225.84047,"0604","060401","0604"
240,"06",HERRERA,"04",OCÚ,"02",CERRO LARGO,LEY N° 2 DEL 21 DE OCTUBRE DE 1981 (DEROGADA) CÓDIGO ADMINISTRATIVO 1916,"LEY N° 58 DEL 29 DE JULIO DE 1998, LEY N° 41 DEL 30 DE ABRIL  DE 2003, LEY N° 37  DEL 24 DE JUNIO DE 2008",GA 22526,"GA 23602, GA 24794, GA 26069",50230.6946858334,52289219.2182664,"0604","060402","0604"
241,"06",HERRERA,"04",OCÚ,"03",LOS LLANOS,LEY N° 2 DEL 21 DE OCTUBRE DE 1981 (DEROGADA) CÓDIGO ADMINISTRATIVO 1916,"LEY N° 58 DEL 29 DE JULIO DE 1998, LEY N° 41 DEL 30 DE ABRIL  DE 2003, LEY N° 37 DEL 24 DE JUNIO DE 2008",GA 22526,"GA 23602, GA 24794, GA 26069",74416.485034615,98123373.0661227,"0604","060403","0604"
242,"06",HERRERA,"04",OCÚ,"04",LLANO GRANDE,LEY N° 2 DEL 21 DE OCTUBRE DE 1981 (DEROGADA) CÓDIGO ADMINISTRATIVO 1916,"LEY N° 58 DEL 29 DE JULIO DE 1998, LEY N° 41 DEL 30 DE ABRIL  DE 2003",GA 22526,"GA 23602, GA 24794",48581.6133968843,71355652.5271417,"0604","060404","0604"
243,"06",HERRERA,"04",OCÚ,"05",PEÑA CHATAS,LEY N° 2 DEL 21 DE OCTUBRE DE 1981 (DEROGADA) CÓDIGO ADMINISTRATIVO 1916,"LEY N° 58 DEL 29 DE JULIO DE 1998, LEY N° 41 DEL 30 DE ABRIL  DE 2003, LEY N° 37  DEL 24 DE JUNIO DE 2008",GA 22526,"GA 23602, GA 24794, GA 26069",65997.5378204493,88923276.0921951,"0604","060405","0604"
244,"06",HERRERA,"04",OCÚ,"06",EL TIJERA,LEY N° 58 DEL 29 DE JULIO DE 1998,"LEY N° 41 DEL 30 DE ABRIL DE 2003, LEY N° 37 DEL 24 DE JUNIO DE 2008",GA 23602,"GA 24794, GA 26069",48822.2002874672,66908263.0250773,"0604","060406","0604"
245,"06",HERRERA,"04",OCÚ,"07",MENCHACA,LEY N° 41 DEL 30 DE ABRIL DE 2003,LEY N° 37 DEL 24 DE JUNIO DE 2008,GA 24794,GA 26069,50614.1350471134,66462783.2038564,"0604","060407","0604"
246,"06",HERRERA,"04",OCÚ,"08",ENTRADERO DEL CASTILLO,LEY N° 30 DEL 10 DE MAYO DE 2012,N/A,GA 27032-A,N/A,58886.3218883801,52829918.8544815,"0604","060408","0604"
247,"06",HERRERA,"05",PARITA,"01",PARITA,LEY N° 2 DEL 21 DE OCTUBRE DE 1981 (DEROGADA) CÓDIGO ADMINISTRATIVO 1916,LEY N° 58 DEL 29 DE JULIO DE 1998,GA 22526,GA 23602,70966.5646082991,108996661.817439,"0605","060501","0605"
248,"06",HERRERA,"05",PARITA,"02",CABUYA,LEY N° 2 DEL 21 DE OCTUBRE DE 1981 (DEROGADA) CÓDIGO ADMINISTRATIVO 1916,LEY N° 58 DEL 29 DE JULIO DE 1998,GA 22526,GA 23602,43556.5770431505,59559773.1345486,"0605","060502","0605"
249,"06",HERRERA,"05",PARITA,"03",LOS CASTILLOS,LEY N° 2 DEL 21 DE OCTUBRE DE 1981 (DEROGADA) CÓDIGO ADMINISTRATIVO 1916,LEY N° 58 DEL 29 DE JULIO DE 1998,GA 22526,GA 23602,27684.7145414063,22582876.2209895,"0605","060503","0605"
250,"06",HERRERA,"05",PARITA,"04",LLANO DE LA CRUZ,LEY N° 2 DEL 21 DE OCTUBRE DE 1981 (DEROGADA) CÓDIGO ADMINISTRATIVO 1916,LEY N° 58 DEL 29 DE JULIO DE 1998,GA 22526,GA 23602,21605.4915958224,10822990.7304774,"0605","060504","0605"
251,"06",HERRERA,"05",PARITA,"05",PARÍS,LEY N° 2 DEL 21 DE OCTUBRE DE 1981 (DEROGADA) CÓDIGO ADMINISTRATIVO 1916,LEY N° 58 DEL 29 DE JULIO DE 1998,GA 22526,GA 23602,60363.7076210195,76013743.0358677,"0605","060505","0605"
252,"06",HERRERA,"05",PARITA,"06",PORTOBELILLO,LEY N° 2 DEL 21 DE OCTUBRE DE 1981 (DEROGADA) CÓDIGO ADMINISTRATIVO 1916,LEY N° 58 DEL 29 DE JULIO DE 1998,GA 22526,GA 23602,26775.3524278258,27132498.2637919,"0605","060506","0605"
253,"06",HERRERA,"05",PARITA,"07",POTUGA,LEY N° 2 DEL 21 DE OCTUBRE DE 1981 (DEROGADA) CÓDIGO ADMINISTRATIVO 1916,LEY N° 58 DEL 29 DE JULIO DE 1998,GA 22526,GA 23602,56491.6454559194,49107942.6475747,"0605","060507","0605"
254,"06",HERRERA,"06",PESÉ,"01",PESÉ,LEY N° 2 DEL 21 DE OCTUBRE DE 1981 (DEROGADA) CÓDIGO ADMINISTRATIVO 1917,LEY N° 58 DEL 29 DE JULIO DE 1998,GA 22526,GA 23602,13945.6748847605,5484228.95110438,"0603","060601","0606"
255,"06",HERRERA,"06",PESÉ,"02",LAS CABRAS,LEY N° 2 DEL 21 DE OCTUBRE DE 1981 (DEROGADA) CÓDIGO ADMINISTRATIVO 1918,LEY N° 58 DEL 29 DE JULIO DE 1998,GA 22526,GA 23602,44665.1710956635,58397404.9967107,"0603","060602","0606"
256,"06",HERRERA,"06",PESÉ,"03",EL PÁJARO,LEY N° 2 DEL 21 DE OCTUBRE DE 1981 (DEROGADA) CÓDIGO ADMINISTRATIVO 1919,LEY N° 58 DEL 29 DE JULIO DE 1998,GA 22526,GA 23602,25516.0280393502,23315641.6878918,"0603","060603","0606"
257,"06",HERRERA,"06",PESÉ,"04",EL BARRERO,LEY N° 2 DEL 21 DE OCTUBRE DE 1981 (DEROGADA) CÓDIGO ADMINISTRATIVO 1920,LEY N° 58 DEL 29 DE JULIO DE 1998,GA 22526,GA 23602,39427.0325736297,36886496.7270009,"0603","060604","0606"
258,"06",HERRERA,"06",PESÉ,"05",EL PEDREGOSO,LEY N° 2 DEL 21 DE OCTUBRE DE 1981 (DEROGADA) CÓDIGO ADMINISTRATIVO 1921,LEY N° 58 DEL 29 DE JULIO DE 1998,GA 22526,GA 23602,32674.6717790491,31534912.0799998,"0603","060605","0606"
259,"06",HERRERA,"06",PESÉ,"06",EL CIRUELO,LEY N° 2 DEL 21 DE OCTUBRE DE 1981 (DEROGADA) CÓDIGO ADMINISTRATIVO 1922,LEY N° 58 DEL 29 DE JULIO DE 1998,GA 22526,GA 23602,38376.0950001238,45692358.3485004,"0603","060606","0606"
260,"06",HERRERA,"06",PESÉ,"07",SABANA GRANDE,LEY N° 2 DEL 21 DE OCTUBRE DE 1981 (DEROGADA) CÓDIGO ADMINISTRATIVO 1923,LEY N° 58 DEL 29 DE JULIO DE 1998,GA 22526,GA 23602,48753.0887393021,58272015.2833132,"0603","060607","0606"
261,"06",HERRERA,"06",PESÉ,"08",RINCÓN HONDO,LEY N° 2 DEL 21 DE OCTUBRE DE 1981 (DEROGADA) CÓDIGO ADMINISTRATIVO 1924,LEY N° 58 DEL 29 DE JULIO DE 1998,GA 22526,GA 23602,34570.2864873558,29651161.2656874,"0603","060608","0606"
262,"06",HERRERA,"07",SANTA MARÍA,"01",SANTA MARÍA,LEY N° 2 DEL 21 DE OCTUBRE DE 1981 (DEROGADA) CÓDIGO ADMINISTRATIVO 1916,LEY N° 58 DEL 29 DE JULIO DE 1998,GA 22526,GA 23602,32719.8829131788,24693791.8331911,"0605","060701","0607"
263,"06",HERRERA,"07",SANTA MARÍA,"02",CHUPAMPA,LEY N° 2 DEL 21 DE OCTUBRE DE 1981 (DEROGADA) CÓDIGO ADMINISTRATIVO 1916,LEY N° 58 DEL 29 DE JULIO DE 1998,GA 22526,GA 23602,34749.8289752119,23794140.5207273,"0605","060702","0607"
264,"06",HERRERA,"07",SANTA MARÍA,"03",EL RINCÓN,LEY N° 2 DEL 21 DE OCTUBRE DE 1981 (DEROGADA) CÓDIGO ADMINISTRATIVO 1916,LEY N° 58 DEL 29 DE JULIO DE 1998,GA 22526,GA 23602,36122.777482722,40460612.1514369,"0605","060703","0607"
265,"06",HERRERA,"07",SANTA MARÍA,"04",EL LIMÓN,LEY N° 58 DEL 29 DE JULIO DE 1998,N/A,GA 23602,N/A,29608.5562340124,23467840.2137714,"0605","060704","0607"
266,"06",HERRERA,"07",SANTA MARÍA,"05",LOS CANELOS,LEY N° 58 DEL 29 DE JULIO DE 1998,N/A,GA 23602,N/A,51921.7267759279,47138035.5509398,"0605","060705","0607"
267,"07",LOS SANTOS,"01",GUARARÉ,"01",GUARARÉ,LEY N° 1 DEL 22 DE AGOSTO DE 1916 (CÓDIGO ADMINISTRATIVO),"LEY N° 58 DEL 29 DE JULIO DE 1998, SIGUE EN VIGENCIA CÓDIGO ADMINISTRATIVO DE 1916",GA 02404,GA 23602,22030.4653273469,16741033.2957721,"0701","070101","0701"
268,"07",LOS SANTOS,"01",GUARARÉ,"02",EL ESPINAL,LEY N° 2 DEL 21 DE OCTUBRE DE 1981 (DEROGADA) CÓDIGO ADMINISTRATIVO 1916,LEY N° 58 DEL 29 DE JULIO DE 1998,GA 22526,GA 23602,37383.9446441376,35244956.8048955,"0701","070102","0701"
269,"07",LOS SANTOS,"01",GUARARÉ,"03",EL MACANO,LEY N° 2 DEL 21 DE OCTUBRE DE 1981 (DEROGADA) CÓDIGO ADMINISTRATIVO 1916,LEY N° 58 DEL 29 DE JULIO DE 1998,GA 22526,GA 23602,25333.0340180072,29005758.9340778,"0701","070103","0701"
270,"07",LOS SANTOS,"01",GUARARÉ,"04",GUARARÉ ARRIBA,LEY N° 2 DEL 21 DE OCTUBRE DE 1981 (DEROGADA) CÓDIGO ADMINISTRATIVO 1916,LEY N° 58 DEL 29 DE JULIO DE 1998,GA 22526,GA 23602,17363.2209438804,8582811.36342095,"0701","070104","0701"
271,"07",LOS SANTOS,"01",GUARARÉ,"05",LA ENEA,LEY N° 2 DEL 21 DE OCTUBRE DE 1981 (DEROGADA) CÓDIGO ADMINISTRATIVO 1916,LEY N° 58 DEL 29 DE JULIO DE 1998,GA 22526,GA 23602,19379.6842319974,13144342.5907888,"0701","070105","0701"
272,"07",LOS SANTOS,"01",GUARARÉ,"06",LA PASERA,LEY N° 2 DEL 21 DE OCTUBRE DE 1981 (DEROGADA) CÓDIGO ADMINISTRATIVO 1916,LEY N° 58 DEL 29 DE JULIO DE 1998,GA 22526,GA 23602,22513.1015718272,17489012.3344978,"0701","070106","0701"
273,"07",LOS SANTOS,"01",GUARARÉ,"07",LAS TRANCAS,LEY N° 2 DEL 21 DE OCTUBRE DE 1981 (DEROGADA) CÓDIGO ADMINISTRATIVO 1916,LEY N° 58 DEL 29 DE JULIO DE 1998,GA 22526,GA 23602,31350.529906135,29167946.5815729,"0701","070107","0701"
274,"07",LOS SANTOS,"01",GUARARÉ,"08",LLANO ABAJO,LEY N° 2 DEL 21 DE OCTUBRE DE 1981 (DEROGADA) CÓDIGO ADMINISTRATIVO 1916,LEY N° 58 DEL 29 DE JULIO DE 1998,GA 22526,GA 23602,30261.3495920913,21372093.3585291,"0701","070108","0701"
275,"07",LOS SANTOS,"01",GUARARÉ,"09",EL HATO,LEY N° 58 DEL 29 DE JULIO DE 1998,N/A,GA 23602,N/A,26581.136975245,24334739.3137151,"0701","070109","0701"
276,"07",LOS SANTOS,"01",GUARARÉ,"10",PERALES,LEY N° 58 DEL 29 DE JULIO DE 1998,N/A,GA 23602,N/A,25398.0826341724,17856859.4852077,"0701","070110","0701"
277,"07",LOS SANTOS,"02",LAS TABLAS,"01",LAS TABLAS,LEY N° 1 DEL 22 DE AGOSTO DE 1916 (CÓDIGO ADMINISTRATIVO),"LEY N° 58 DEL 29 DE JULIO DE 1998, SIGUE EN VIGENCIA CÓDIGO ADMINISTRATIVO DE 1916",GA 02404,GA 23602,23073.023874076,9771421.60597258,"0702","070201","0702"
278,"07",LOS SANTOS,"02",LAS TABLAS,"02",BAJO CORRAL,LEY N° 2 DEL 21 DE OCTUBRE DE 1981 (DEROGADA) CÓDIGO ADMINISTRATIVO 1916,LEY N° 58 DEL 29 DE JULIO DE 1998,GA 22526,GA 23602,52973.5726620879,63369424.5106331,"0702","070202","0702"
279,"07",LOS SANTOS,"02",LAS TABLAS,"03",BAYANO,LEY N° 2 DEL 21 DE OCTUBRE DE 1981 (DEROGADA) CÓDIGO ADMINISTRATIVO 1916,LEY N° 58 DEL 29 DE JULIO DE 1998,GA 22526,GA 23602,65324.7891349983,114094729.78928,"0702","070203","0702"
280,"07",LOS SANTOS,"02",LAS TABLAS,"04",EL CARATE,LEY N° 2 DEL 21 DE OCTUBRE DE 1981 (DEROGADA) CÓDIGO ADMINISTRATIVO 1916,LEY N° 58 DEL 29 DE JULIO DE 1998,GA 22526,GA 23602,24622.2969553712,17704147.9480205,"0702","070204","0702"
281,"07",LOS SANTOS,"02",LAS TABLAS,"05",EL COCAL,LEY N° 2 DEL 21 DE OCTUBRE DE 1981 (DEROGADA) CÓDIGO ADMINISTRATIVO 1916,LEY N° 58 DEL 29 DE JULIO DE 1998,GA 22526,GA 23602,12895.4538491322,7069817.7120294,"0702","070205","0702"
282,"07",LOS SANTOS,"02",LAS TABLAS,"06",EL MANANTIAL,LEY N° 2 DEL 21 DE OCTUBRE DE 1981 (DEROGADA) CÓDIGO ADMINISTRATIVO 1916,LEY N° 58 DEL 29 DE JULIO DE 1998,GA 22526,GA 23602,27244.5970741435,26936170.9219528,"0702","070206","0702"
283,"07",LOS SANTOS,"02",LAS TABLAS,"07",EL MUÑOZ,LEY N° 2 DEL 21 DE OCTUBRE DE 1981 (DEROGADA) CÓDIGO ADMINISTRATIVO 1916,LEY N° 58 DEL 29 DE JULIO DE 1998,GA 22526,GA 23602,30477.1575755301,32944572.8564771,"0702","070207","0702"
284,"07",LOS SANTOS,"02",LAS TABLAS,"08",EL PEDREGOSO,LEY N° 2 DEL 21 DE OCTUBRE DE 1981 (DEROGADA) CÓDIGO ADMINISTRATIVO 1916,LEY N° 58 DEL 29 DE JULIO DE 1998,GA 22526,GA 23602,15862.6873355489,7226491.34442718,"0702","070208","0702"
285,"07",LOS SANTOS,"02",LAS TABLAS,"09",LA LAJA,LEY N° 2 DEL 21 DE OCTUBRE DE 1981 (DEROGADA) CÓDIGO ADMINISTRATIVO 1916,LEY N° 58 DEL 29 DE JULIO DE 1998,GA 22526,GA 23602,12611.6926533989,4516120.48634845,"0702","070209","0702"
286,"07",LOS SANTOS,"02",LAS TABLAS,"10",LA MIEL,LEY N° 2 DEL 21 DE OCTUBRE DE 1981 (DEROGADA) CÓDIGO ADMINISTRATIVO 1916,LEY N° 58 DEL 29 DE JULIO DE 1998,GA 22526,GA 23602,36347.1078224367,40046583.5442843,"0702","070210","0702"
287,"07",LOS SANTOS,"02",LAS TABLAS,"11",LA PALMA,LEY N° 2 DEL 21 DE OCTUBRE DE 1981 (DEROGADA) CÓDIGO ADMINISTRATIVO 1916,LEY N° 58 DEL 29 DE JULIO DE 1998,GA 22526,GA 23602,21565.1220571765,13266222.1641645,"0702","070211","0702"
288,"07",LOS SANTOS,"02",LAS TABLAS,"12",LA TIZA,LEY N° 2 DEL 21 DE OCTUBRE DE 1981 (DEROGADA) CÓDIGO ADMINISTRATIVO 1916,LEY N° 58 DEL 29 DE JULIO DE 1998,GA 22526,GA 23602,11294.3053401403,3804986.60964506,"0702","070212","0702"
289,"07",LOS SANTOS,"02",LAS TABLAS,"13",LAS PALMITAS,LEY N° 2 DEL 21 DE OCTUBRE DE 1981 (DEROGADA) CÓDIGO ADMINISTRATIVO 1916,LEY N° 58 DEL 29 DE JULIO DE 1998,GA 22526,GA 23602,17601.4389720201,11207977.1887928,"0702","070213","0702"
290,"07",LOS SANTOS,"02",LAS TABLAS,"14",LAS TABLAS ABAJO,LEY N° 1 DEL 22 DE AGOSTO DE 1916 (CÓDIGO ADMINISTRATIVO),"LEY N° 58 DEL 29 DE JULIO DE 1998, SIGUE EN VIGENCIA CÓDIGO ADMINISTRATIVO DE 1916",GA 02404,GA 23602,21282.2384928364,15897849.3002377,"0702","070214","0702"
291,"07",LOS SANTOS,"02",LAS TABLAS,"15",NUARIO,LEY N° 2 DEL 21 DE OCTUBRE DE 1981 (DEROGADA) CÓDIGO ADMINISTRATIVO 1916,LEY N° 58 DEL 29 DE JULIO DE 1998,GA 22526,GA 23602,71217.6203709689,95157810.8985676,"0702","070215","0702"
292,"07",LOS SANTOS,"02",LAS TABLAS,"16",PALMIRA,LEY N° 2 DEL 21 DE OCTUBRE DE 1981 (DEROGADA) CÓDIGO ADMINISTRATIVO 1916,LEY N° 58 DEL 29 DE JULIO DE 1998,GA 22526,GA 23602,18379.640264953,9528580.16919819,"0702","070216","0702"
293,"07",LOS SANTOS,"02",LAS TABLAS,"17",PEÑA BLANCA,LEY N° 2 DEL 21 DE OCTUBRE DE 1981 (DEROGADA) CÓDIGO ADMINISTRATIVO 1916,LEY N° 58 DEL 29 DE JULIO DE 1998,GA 22526,GA 23602,15533.8041683188,7885937.72187574,"0702","070217","0702"
294,"07",LOS SANTOS,"02",LAS TABLAS,"18",RÍO HONDO,LEY N° 2 DEL 21 DE OCTUBRE DE 1981 (DEROGADA) CÓDIGO ADMINISTRATIVO 1916,LEY N° 58 DEL 29 DE JULIO DE 1998,GA 22526,GA 23602,42203.527546243,32274722.2595992,"0702","070218","0702"
295,"07",LOS SANTOS,"02",LAS TABLAS,"19",SAN JOSÉ,LEY N° 2 DEL 21 DE OCTUBRE DE 1981 (DEROGADA) CÓDIGO ADMINISTRATIVO 1916,LEY N° 58 DEL 29 DE JULIO DE 1998,GA 22526,GA 23602,51798.5101969672,61864594.2197912,"0702","070219","0702"
296,"07",LOS SANTOS,"02",LAS TABLAS,"20",SAN MIGUEL,LEY N° 2 DEL 21 DE OCTUBRE DE 1981 (DEROGADA) CÓDIGO ADMINISTRATIVO 1916,LEY N° 58 DEL 29 DE JULIO DE 1998,GA 22526,GA 23602,17650.1064909264,10218480.9849812,"0702","070220","0702"
297,"07",LOS SANTOS,"02",LAS TABLAS,"21",SANTO DOMINGO,LEY N° 2 DEL 21 DE OCTUBRE DE 1981 (DEROGADA) CÓDIGO ADMINISTRATIVO 1916,LEY N° 58 DEL 29 DE JULIO DE 1998,GA 22526,GA 23602,46467.731490848,48312252.8463429,"0702","070221","0702"
298,"07",LOS SANTOS,"02",LAS TABLAS,"22",SESTEADERO,LEY N° 2 DEL 21 DE OCTUBRE DE 1981 (DEROGADA) CÓDIGO ADMINISTRATIVO 1916,LEY N° 58 DEL 29 DE JULIO DE 1998,GA 22526,GA 23602,10831.5740863984,4159231.82688696,"0702","070222","0702"
299,"07",LOS SANTOS,"02",LAS TABLAS,"23",VALLE RICO,LEY N° 2 DEL 21 DE OCTUBRE DE 1981 (DEROGADA) CÓDIGO ADMINISTRATIVO 1916,LEY N° 58 DEL 29 DE JULIO DE 1998,GA 22526,GA 23602,36533.9332923663,41124773.815314,"0702","070223","0702"
300,"07",LOS SANTOS,"02",LAS TABLAS,"24",VALLERRIQUITO,LEY N° 2 DEL 21 DE OCTUBRE DE 1981 (DEROGADA) CÓDIGO ADMINISTRATIVO 1916,LEY N° 58 DEL 29 DE JULIO DE 1998,GA 22526,GA 23602,38457.2503573125,39154442.7812774,"0702","070224","0702"
301,"07",LOS SANTOS,"03",LOS SANTOS,"01",LA VILLA DE LOS SANTOS,LEY N° 2 DEL 21 DE OCTUBRE DE 1981 (DEROGADA) CÓDIGO ADMINISTRATIVO 1916,LEY N° 58 DEL 29 DE JULIO DE 1998,GA 22526,GA 23602,61964.2395345375,74573140.1550677,"0703","070301","0703"
302,"07",LOS SANTOS,"03",LOS SANTOS,"02",EL GUÁSIMO,LEY N° 2 DEL 21 DE OCTUBRE DE 1981 (DEROGADA) CÓDIGO ADMINISTRATIVO 1916,LEY N° 58 DEL 29 DE JULIO DE 1998,GA 22526,GA 23602,38777.4248064571,30843953.937854,"0703","070302","0703"
303,"07",LOS SANTOS,"03",LOS SANTOS,"03",LA COLORADA,LEY N° 2 DEL 21 DE OCTUBRE DE 1981 (DEROGADA) CÓDIGO ADMINISTRATIVO 1916,LEY N° 58 DEL 29 DE JULIO DE 1998,GA 22526,GA 23602,29229.8547973368,20587530.2216701,"0703","070303","0703"
304,"07",LOS SANTOS,"03",LOS SANTOS,"04",LA ESPIGADILLA,LEY N° 2 DEL 21 DE OCTUBRE DE 1981 (DEROGADA) CÓDIGO ADMINISTRATIVO 1916,LEY N° 58 DEL 29 DE JULIO DE 1998,GA 22526,GA 23602,32222.6386848933,29382905.5359979,"0703","070304","0703"
305,"07",LOS SANTOS,"03",LOS SANTOS,"05",LAS CRUCES,LEY N° 2 DEL 21 DE OCTUBRE DE 1981 (DEROGADA) CÓDIGO ADMINISTRATIVO 1916,LEY N° 58 DEL 29 DE JULIO DE 1998,GA 22526,GA 23602,40661.3647230954,43341807.2615631,"0703","070305","0703"
306,"07",LOS SANTOS,"03",LOS SANTOS,"06",LAS GUABAS,LEY N° 2 DEL 21 DE OCTUBRE DE 1981 (DEROGADA) CÓDIGO ADMINISTRATIVO 1916,LEY N° 58 DEL 29 DE JULIO DE 1998,GA 22526,GA 23602,27508.5236082282,21669696.1321601,"0703","070306","0703"
307,"07",LOS SANTOS,"03",LOS SANTOS,"07",LOS ÁNGELES,LEY N° 2 DEL 21 DE OCTUBRE DE 1981 (DEROGADA) CÓDIGO ADMINISTRATIVO 1916,LEY N° 58 DEL 29 DE JULIO DE 1998,GA 22526,GA 23602,26025.7845352897,20587411.7738354,"0703","070307","0703"
308,"07",LOS SANTOS,"03",LOS SANTOS,"08",LOS OLIVOS,LEY N° 2 DEL 21 DE OCTUBRE DE 1981 (DEROGADA) CÓDIGO ADMINISTRATIVO 1916,LEY N° 58 DEL 29 DE JULIO DE 1998,GA 22526,GA 23602,30468.6672184427,27054300.3369987,"0703","070308","0703"
309,"07",LOS SANTOS,"03",LOS SANTOS,"09",LLANO LARGO,LEY N° 2 DEL 21 DE OCTUBRE DE 1981 (DEROGADA) CÓDIGO ADMINISTRATIVO 1916,LEY N° 58 DEL 29 DE JULIO DE 1998,GA 22526,GA 23602,16065.2526742053,10271488.3310806,"0703","070309","0703"
310,"07",LOS SANTOS,"03",LOS SANTOS,"10",SABANA GRANDE,LEY N° 2 DEL 21 DE OCTUBRE DE 1981 (DEROGADA) CÓDIGO ADMINISTRATIVO 1916,LEY N° 58 DEL 29 DE JULIO DE 1998,GA 22526,GA 23602,34285.6778639524,33158208.4596163,"0703","070310","0703"
311,"07",LOS SANTOS,"03",LOS SANTOS,"11",SANTA ANA,LEY N° 2 DEL 21 DE OCTUBRE DE 1981 (DEROGADA) CÓDIGO ADMINISTRATIVO 1916,LEY N° 58 DEL 29 DE JULIO DE 1998,GA 22526,GA 23602,44053.8555703605,54854518.6105581,"0703","070311","0703"
312,"07",LOS SANTOS,"03",LOS SANTOS,"12",TRES QUEBRADAS,LEY N° 2 DEL 21 DE OCTUBRE DE 1981 (DEROGADA) CÓDIGO ADMINISTRATIVO 1916,LEY N° 58 DEL 29 DE JULIO DE 1998,GA 22526,GA 23602,20612.7313912544,12605211.697702,"0703","070312","0703"
313,"07",LOS SANTOS,"03",LOS SANTOS,"13",AGUA BUENA,LEY N° 58 DEL 29 DE JULIO DE 1998,N/A,GA 23602,N/A,17514.4468728631,10363577.8811129,"0703","070313","0703"
314,"07",LOS SANTOS,"03",LOS SANTOS,"14",VILLA LOURDES,LEY N° 58 DEL 29 DE JULIO DE 1998,N/A,GA 23602,N/A,33801.945810243,27612999.185046,"0703","070314","0703"
315,"07",LOS SANTOS,"03",LOS SANTOS,"15",EL EJIDO,LEY N° 97 DEL 12 DE NOVIEMBRE DE 2013,N/A,GA 27415,N/A,24983.2421237186,15513878.2897525,"0703","070315","0703"
316,"07",LOS SANTOS,"04",MACARACAS,"01",MACARACAS,LEY N° 2 DEL 21 DE OCTUBRE DE 1981 (DEROGADA) CÓDIGO ADMINISTRATIVO 1916,LEY N° 58 DEL 29 DE JULIO DE 1998,GA 22526,GA 23602,52160.9078837997,34987859.1005661,"0704","070401","0704"
317,"07",LOS SANTOS,"04",MACARACAS,"02",BAHÍA HONDA,LEY N° 2 DEL 21 DE OCTUBRE DE 1981 (DEROGADA) CÓDIGO ADMINISTRATIVO 1916,LEY N° 58 DEL 29 DE JULIO DE 1998,GA 22526,GA 23602,29951.9770973732,28361736.3634514,"0704","070402","0704"
318,"07",LOS SANTOS,"04",MACARACAS,"03",BAJOS DE GÜERA,LEY N° 2 DEL 21 DE OCTUBRE DE 1981 (DEROGADA) CÓDIGO ADMINISTRATIVO 1916,LEY N° 58 DEL 29 DE JULIO DE 1998,GA 22526,GA 23602,50992.5459647741,95027138.0664099,"0704","070403","0704"
319,"07",LOS SANTOS,"04",MACARACAS,"04",COROZAL,LEY N° 2 DEL 21 DE OCTUBRE DE 1981 (DEROGADA) CÓDIGO ADMINISTRATIVO 1916,LEY N° 58 DEL 29 DE JULIO DE 1998,GA 22526,GA 23602,29923.4700572619,26412782.5978401,"0704","070404","0704"
320,"07",LOS SANTOS,"04",MACARACAS,"05",CHUPA,LEY N° 2 DEL 21 DE OCTUBRE DE 1981 (DEROGADA) CÓDIGO ADMINISTRATIVO 1916,LEY N° 58 DEL 29 DE JULIO DE 1998,GA 22526,GA 23602,25313.7643200955,17860790.0940783,"0704","070405","0704"
321,"07",LOS SANTOS,"04",MACARACAS,"06",EL CEDRO,LEY N° 2 DEL 21 DE OCTUBRE DE 1981 (DEROGADA) CÓDIGO ADMINISTRATIVO 1916,LEY N° 58 DEL 29 DE JULIO DE 1998,GA 22526,GA 23602,27815.6712593735,28199527.9784342,"0704","070406","0704"
322,"07",LOS SANTOS,"04",MACARACAS,"07",ESPINO AMARILLO,LEY N° 2 DEL 21 DE OCTUBRE DE 1981 (DEROGADA) CÓDIGO ADMINISTRATIVO 1916,LEY N° 58 DEL 29 DE JULIO DE 1998,GA 22526,GA 23602,30324.3525460966,26626416.5735963,"0704","070407","0704"
323,"07",LOS SANTOS,"04",MACARACAS,"08",LA MESA,LEY N° 2 DEL 21 DE OCTUBRE DE 1981 (DEROGADA) CÓDIGO ADMINISTRATIVO 1916,LEY N° 58 DEL 29 DE JULIO DE 1998,GA 22526,GA 23602,38474.3481666206,48525368.9262995,"0704","070408","0704"
324,"07",LOS SANTOS,"04",MACARACAS,"09",LAS PALMAS,LEY N° 2 DEL 21 DE OCTUBRE DE 1981 (DEROGADA) CÓDIGO ADMINISTRATIVO 1916,LEY N° 58 DEL 29 DE JULIO DE 1998,GA 22526,GA 23602,51095.6851874087,42492237.3943018,"0704","070409","0704"
325,"07",LOS SANTOS,"04",MACARACAS,"10",LLANO DE PIEDRA,LEY N° 2 DEL 21 DE OCTUBRE DE 1981 (DEROGADA) CÓDIGO ADMINISTRATIVO 1916,LEY N° 58 DEL 29 DE JULIO DE 1998,GA 22526,GA 23602,53095.5125823718,101748914.139239,"0704","070410","0704"
326,"07",LOS SANTOS,"04",MACARACAS,"11",MOGOLLÓN,LEY N° 2 DEL 21 DE OCTUBRE DE 1981 (DEROGADA) CÓDIGO ADMINISTRATIVO 1916,LEY N° 58 DEL 29 DE JULIO DE 1998,GA 22526,GA 23602,56020.295910326,55513851.8760616,"0704","070411","0704"
327,"07",LOS SANTOS,"05",PEDASÍ,"01",PEDASÍ,LEY N° 2 DEL 21 DE OCTUBRE DE 1981 (DEROGADA) CÓDIGO ADMINISTRATIVO 1916,LEY N° 58 DEL 29 DE JULIO DE 1998,GA 22526,GA 23602,57866.86548408,112978493.261218,"0705","070501","0705"
328,"07",LOS SANTOS,"05",PEDASÍ,"02",LOS ASIENTOS,LEY N° 2 DEL 21 DE OCTUBRE DE 1981 (DEROGADA) CÓDIGO ADMINISTRATIVO 1916,LEY N° 58 DEL 29 DE JULIO DE 1998,GA 22526,GA 23602,71041.7263356912,90001885.411418,"0705","070502","0705"
329,"07",LOS SANTOS,"05",PEDASÍ,"03",MARIABÉ,LEY N° 2 DEL 21 DE OCTUBRE DE 1981 (DEROGADA) CÓDIGO ADMINISTRATIVO 1916,LEY N° 58 DEL 29 DE JULIO DE 1998,GA 22526,GA 23602,51133.0668690803,46971939.2615723,"0705","070503","0705"
330,"07",LOS SANTOS,"05",PEDASÍ,"04",PURIO,LEY N° 2 DEL 21 DE OCTUBRE DE 1981 (DEROGADA) CÓDIGO ADMINISTRATIVO 1916,LEY N° 58 DEL 29 DE JULIO DE 1998,GA 22526,GA 23602,32894.4874419501,24234724.6058488,"0705","070504","0705"
331,"07",LOS SANTOS,"05",PEDASÍ,"05",ORIA ARRIBA,LEY N° 58 DEL 29 DE JULIO DE 1998,N/A,GA 23602,N/A,76484.0072292879,102641262.111913,"0705","070505","0705"
332,"07",LOS SANTOS,"06",POCRÍ,"01",POCRÍ,LEY N° 2 DEL 21 DE OCTUBRE DE 1981 (DEROGADA) CÓDIGO ADMINISTRATIVO 1916,LEY N° 58 DEL 29 DE JULIO DE 1998,GA 22526,GA 23602,44358.8921715555,57475270.4581172,"0705","070601","0706"
333,"07",LOS SANTOS,"06",POCRÍ,"02",EL CAÑAFÍSTULO,LEY N° 2 DEL 21 DE OCTUBRE DE 1981 (DEROGADA) CÓDIGO ADMINISTRATIVO 1916,LEY N° 58 DEL 29 DE JULIO DE 1998,GA 22526,GA 23602,67016.7317595165,56763437.4035088,"0705","070602","0706"
334,"07",LOS SANTOS,"06",POCRÍ,"03",LAJAMINA,LEY N° 2 DEL 21 DE OCTUBRE DE 1981 (DEROGADA) CÓDIGO ADMINISTRATIVO 1916,LEY N° 58 DEL 29 DE JULIO DE 1998,GA 22526,GA 23602,46742.5902353301,52001935.5948576,"0705","070603","0706"
335,"07",LOS SANTOS,"06",POCRÍ,"04",PARAÍSO,LEY N° 2 DEL 21 DE OCTUBRE DE 1981 (DEROGADA) CÓDIGO ADMINISTRATIVO 1916,LEY N° 58 DEL 29 DE JULIO DE 1998,GA 22526,GA 23602,40981.8688047756,61374960.1562002,"0705","070604","0706"
336,"07",LOS SANTOS,"06",POCRÍ,"05",PARITILLA,LEY N° 2 DEL 21 DE OCTUBRE DE 1981 (DEROGADA) CÓDIGO ADMINISTRATIVO 1916,LEY N° 58 DEL 29 DE JULIO DE 1998,GA 22526,GA 23602,55232.5076658126,48770571.4141347,"0705","070605","0706"
337,"07",LOS SANTOS,"07",TONOSÍ,"01",TONOSÍ,LEY N° 2 DEL 21 DE OCTUBRE DE 1981 (DEROGADA) CÓDIGO ADMINISTRATIVO 1916,"LEY N° 58 DEL 29 DE JULIO DE 1998, LEY N° 61 DEL 18 DE OCTUBRE DE 2003",GA 22526,"GA 23602, GA 24915",56097.6464353805,85323628.4504937,"0706","070701","0707"
338,"07",LOS SANTOS,"07",TONOSÍ,"02",ALTOS DE GÜERA,LEY N° 2 DEL 21 DE OCTUBRE DE 1981 (DEROGADA) CÓDIGO ADMINISTRATIVO 1916,LEY N° 58 DEL 29 DE JULIO DE 1998,GA 22526,GA 23602,71038.9974154189,140242180.287315,"0706","070702","0707"
339,"07",LOS SANTOS,"07",TONOSÍ,"03",CAÑAS,LEY N° 2 DEL 21 DE OCTUBRE DE 1981 (DEROGADA) CÓDIGO ADMINISTRATIVO 1916,"LEY N° 58 DEL 29 DE JULIO DE 1998, LEY N° 61 DEL 18 DE OCTUBRE DE 2003",GA 22526,"GA 23602, GA 24915",47896.7997604041,97089453.0197746,"0706","070703","0707"
340,"07",LOS SANTOS,"07",TONOSÍ,"04",EL BEBEDERO,LEY N° 2 DEL 21 DE OCTUBRE DE 1981 (DEROGADA) CÓDIGO ADMINISTRATIVO 1916,LEY N° 58 DEL 29 DE JULIO DE 1998,GA 22526,GA 23602,59544.4873797977,115702788.838741,"0706","070704","0707"
341,"07",LOS SANTOS,"07",TONOSÍ,"05",EL CACAO,LEY N° 2 DEL 21 DE OCTUBRE DE 1981 (DEROGADA) CÓDIGO ADMINISTRATIVO 1916,"LEY N° 58 DEL 29 DE JULIO DE 1998, LEY N° 61 DEL 18 DE OCTUBRE DE 2003",GA 22526,"GA 23602, GA 24915",72289.907150747,92280664.9003909,"0706","070705","0707"
342,"07",LOS SANTOS,"07",TONOSÍ,"06",EL CORTEZO,LEY N° 2 DEL 21 DE OCTUBRE DE 1981 (DEROGADA) CÓDIGO ADMINISTRATIVO 1916,"LEY N° 58 DEL 29 DE JULIO DE 1998, LEY N° 61 DEL 18 DE OCTUBRE DE 2003",GA 22526,"GA 23602, GA 24915",65209.3404054552,150807284.902117,"0706","070706","0707"
343,"07",LOS SANTOS,"07",TONOSÍ,"07",FLORES,LEY N° 2 DEL 21 DE OCTUBRE DE 1981 (DEROGADA) CÓDIGO ADMINISTRATIVO 1916,LEY N° 58 DEL 29 DE JULIO DE 1998,GA 22526,GA 23602,58068.8055708172,105816177.543506,"0706","070707","0707"
344,"07",LOS SANTOS,"07",TONOSÍ,"08",GUÁNICO,LEY N° 2 DEL 21 DE OCTUBRE DE 1981 (DEROGADA) CÓDIGO ADMINISTRATIVO 1916,LEY N° 58 DEL 29 DE JULIO DE 1998,GA 22526,GA 23602,94893.2952671819,209836655.367871,"0706","070708","0707"
345,"07",LOS SANTOS,"07",TONOSÍ,"09",LA TRONOSA,LEY N° 2 DEL 21 DE OCTUBRE DE 1981 (DEROGADA) CÓDIGO ADMINISTRATIVO 1916,LEY N° 58 DEL 29 DE JULIO DE 1998,GA 22526,GA 23602,54922.3075443834,84611491.8854237,"0706","070709","0707"
346,"07",LOS SANTOS,"07",TONOSÍ,"10",CAMBUTAL,LEY N° 58 DEL 29 DE JULIO DE 1998,N/A,GA 23602,N/A,89884.4913187675,183709697.542689,"0706","070710","0707"
347,"07",LOS SANTOS,"07",TONOSÍ,"11",ISLA DE CAÑAS,LEY N° 61 DEL 18 DE OCTUBRE DE 2003,N/A,GA 24915,N/A,47542.555355278,27286116.4528801,"0706","070711","0707"
348,"08",PANAMÁ,"02",BALBOA,"01",SAN MIGUEL,LEY Nº 1 DEL 27 DE OCTUBRE DE 1982,N/A,GA 20006,N/A,257903.534404621,129277110.128288,"0801","080201","0802"
349,"08",PANAMÁ,"02",BALBOA,"02",LA ENSENADA,LEY Nº 1 DEL 27 DE OCTUBRE DE 1982,N/A,GA 20006,N/A,91060.4454525566,66266623.4881086,"0801","080202","0802"
350,"08",PANAMÁ,"02",BALBOA,"03",LA ESMERALDA,LEY Nº 1 DEL 27 DE OCTUBRE DE 1982,N/A,GA 20006,N/A,97789.2503797816,39190965.8563374,"0801","080203","0802"
351,"08",PANAMÁ,"02",BALBOA,"04",LA GUINEA,LEY Nº 1 DEL 27 DE OCTUBRE DE 1982,N/A,GA 20006,N/A,67830.1928182999,29365622.8761543,"0801","080204","0802"
352,"08",PANAMÁ,"02",BALBOA,"05",PEDRO GONZÁLEZ,LEY Nº 1 DEL 27 DE OCTUBRE DE 1982,N/A,GA 20006,N/A,112986.757579896,59647033.5772606,"0801","080205","0802"
353,"08",PANAMÁ,"02",BALBOA,"06",SABOGA,LEY Nº 1 DEL 27 DE OCTUBRE DE 1982,N/A,GA 20006,N/A,47492.4309001001,7899398.9188648,"0801","080206","0802"
354,"08",PANAMÁ,"05",CHEPO,"01",CHEPO,LEY Nº 1 DEL 27 DE OCTUBRE DE 1982,LEY Nº 58 DEL 29 DE JULIO DE 1998,GA 20006,GA 23602,124216.049035866,429466250.570014,"0802","080501","0805"
355,"08",PANAMÁ,"05",CHEPO,"02",CAÑITA,LEY Nº 1 DEL 27 DE OCTUBRE DE 1982,LEY Nº 24 DEL 12 DE ENERO DE 1996,GA 20006,GA 22951,153338.883390003,401973301.157551,"0802","080502","0805"
356,"08",PANAMÁ,"05",CHEPO,"04",EL LLANO,LEY Nº 1 DEL 27 DE OCTUBRE DE 1982,LEY Nº 58 DEL 29 DE JULIO DE 1998,GA 20006,GA 23602,446387.713737643,441553901.862111,"0802","080504","0805"
357,"08",PANAMÁ,"05",CHEPO,"05",LAS MARGARITAS,LEY Nº 1 DEL 27 DE OCTUBRE DE 1982,N/A,GA 20006,N/A,98812.5274238511,261811589.382335,"0802","080505","0805"
358,"08",PANAMÁ,"05",CHEPO,"03",CHEPILLO,LEY Nº 1 DEL 27 DE OCTUBRE DE 1982,N/A,GA 20006,N/A,5934.15375047463,548599.374785944,"0802","080503","0805"
359,"08",PANAMÁ,"05",CHEPO,"06",SANTA CRUZ DE CHININA,LEY Nº 1 DEL 27 DE OCTUBRE DE 1982,N/A,GA 20006,N/A,146988.383707425,361373383.030343,"0804","080506","0805"
360,"08",PANAMÁ,"05",CHEPO,"07",COMARCA KUNA DE MADUNGANDI,LEY Nº 24 DEL 12 DE ENERO DE 1996,N/A,GA 22951,N/A,1149511.50752286,2124656335.88809,"0803","080507","0805"
361,"08",PANAMÁ,"06",CHIMÁN,"01",CHIMÁN,LEY Nº 1 DEL 27 DE OCTUBRE DE 1982,LEY N° 57 DEL 14 DE JULIO DE 2017,GA 20006,28322-A,115616.993714486,222033822.669396,"0804","080601","0806"
362,"08",PANAMÁ,"06",CHIMÁN,"02",BRUJAS,LEY Nº 1 DEL 27 DE OCTUBRE DE 1982,LEY N° 57 DEL 14 DE JULIO DE 2017,GA 20006,28322-A,196160.457884018,149788254.345461,"0804","080602","0806"
363,"08",PANAMÁ,"06",CHIMÁN,"03",GONZALO VÁSQUEZ,LEY Nº 1 DEL 27 DE OCTUBRE DE 1982,LEY N° 57 DEL 14 DE JULIO DE 2017,GA 20006,28322-A,47507.127362254,41797004.7759238,"0804","080603","0806"
364,"08",PANAMÁ,"06",CHIMÁN,"04",PÁSIGA,LEY Nº 1 DEL 27 DE OCTUBRE DE 1982,LEY Nº 5 DEL 19 DE ENERO DE 1998,GA 20006,GA 23464,89869.2034134479,195703658.904099,"0804","080604","0806"
365,"08",PANAMÁ,"06",CHIMÁN,"05",UNIÓN SANTEÑA,LEY N° 1 DEL 27 DE OCTUBRE DE 1982,LEY Nº 5 DEL 19 DE ENERO DE 1998,GA 20006,GA 23464,145496.283945261,385386571.026586,"0804","080605","0806"
366,"08",PANAMÁ,"08",PANAMÁ,"01",SAN FELIPE,LEY Nº 1 DEL 27 DE OCTUBRE DE 1982,N/A,GA 20006,N/A,3129.85910475962,315488.395254196,"0805","080801","0808"
367,"08",PANAMÁ,"08",PANAMÁ,"02",EL CHORRILLO,LEY Nº 1 DEL 27 DE OCTUBRE DE 1982,N/A,GA 20006,N/A,4026.05249595134,681837.922357157,"0806","080802","0808"
368,"08",PANAMÁ,"08",PANAMÁ,"03",SANTA ANA,LEY Nº 1 DEL 27 DE OCTUBRE DE 1982,N/A,GA 20006,N/A,5586.38683595168,834372.303959453,"0806","080803","0808"
369,"08",PANAMÁ,"08",PANAMÁ,"04",LA EXPOSICIÓN O CALIDONIA,LEY Nº 1 DEL 27 DE OCTUBRE DE 1982,N/A,GA 20006,N/A,7996.4241222097,1870776.45626802,"0807","080804","0808"
370,"08",PANAMÁ,"08",PANAMÁ,"05",CURUNDÚ,LEY Nº 1 DEL 27 DE OCTUBRE DE 1982,N/A,GA 20006,N/A,8318.75377370284,1202106.53579197,"0807","080805","0808"
371,"08",PANAMÁ,"08",PANAMÁ,"06",BETANIA,LEY Nº 1 DEL 27 DE OCTUBRE DE 1982,N/A,GA 20006,N/A,15913.7769898297,8236057.21426203,"0808","080806","0808"
372,"08",PANAMÁ,"08",PANAMÁ,"07",BELLA VISTA,LEY Nº 1 DEL 27 DE OCTUBRE DE 1982,N/A,GA 20006,N/A,10092.8261461257,4583062.47870123,"0810","080807","0808"
373,"08",PANAMÁ,"08",PANAMÁ,"08",PUEBLO NUEVO,LEY Nº 1 DEL 27 DE OCTUBRE DE 1982,N/A,GA 20006,N/A,10540.2684989825,3135350.1854518,"0812","080808","0808"
374,"08",PANAMÁ,"08",PANAMÁ,"09",SAN FRANCISCO,LEY Nº 1 DEL 27 DE OCTUBRE DE 1982,N/A,GA 20006,N/A,18557.6015602543,6816829.09430424,"0814","080809","0808"
375,"08",PANAMÁ,"08",PANAMÁ,"10",PARQUE LEFEVRE,LEY Nº 1 DEL 27 DE OCTUBRE DE 1982,N/A,GA 20006,N/A,12681.1540708766,7230328.99040474,"0815","080810","0808"
376,"08",PANAMÁ,"08",PANAMÁ,"11",RÍO ABAJO,LEY Nº 1 DEL 27 DE OCTUBRE DE 1982,N/A,GA 20006,N/A,10491.0355489554,3819085.1322317,"0816","080811","0808"
377,"08",PANAMÁ,"08",PANAMÁ,"12",JUAN DÍAZ,LEY Nº 1 DEL 27 DE OCTUBRE DE 1982,LEY N° 42 DEL 31 DE MAYO DE 2017,GA 20006,GA 28291-A,24259.5385926724,19808798.8178573,"0817","080812","0808"
378,"08",PANAMÁ,"08",PANAMÁ,"13",PEDREGAL,LEY Nº 1 DEL 27 DE OCTUBRE DE 1982,N/A,GA 20006,N/A,28405.702319243,28536512.6796646,"0820","080813","0808"
379,"08",PANAMÁ,"08",PANAMÁ,"24",CAIMITILLO,LEY Nº 29 DEL 10 DE MAYO DE 2012,N/A,GA 27032-A,N/A,360687.242359695,893181078.518957,"0823","080824","0808"
380,"08",PANAMÁ,"08",PANAMÁ,"15",CHILIBRE,LEY Nº 29 DEL 10 DE MAYO DE 2012,N/A,GA 27032-A,N/A,75580.9031511251,58200798.1986507,"0822","080815","0808"
381,"08",PANAMÁ,"08",PANAMÁ,"16",LAS CUMBRES,LEY Nº 1 DEL 27 DE OCTUBRE DE 1982,LEY Nº 42 DEL 10 DE JULIO DE 2009,GA 20006,GA 26323,25366.7983503038,27857157.400153,"0824","080816","0808"
382,"08",PANAMÁ,"08",PANAMÁ,"25",LAS GARZAS,LEY Nº 40 DEL 31 DE MAYO DE 2017,N/A,GA 28291-A,N/A,86038.8004614198,174781084.958139,"0827","080825","0808"
383,"08",PANAMÁ,"08",PANAMÁ,"17",PACORA,LEY Nº 40 DEL 31 DE MAYO DE 2017,N/A,GA 28291-A,N/A,108654.337967617,211460134.58357,"0832","080817","0808"
384,"08",PANAMÁ,"08",PANAMÁ,"18",SAN MARTÍN,LEY Nº 1 DEL 27 DE OCTUBRE DE 1982,N/A,GA 20006,N/A,82076.1881654499,140412163.446264,"0827","080818","0808"
385,"08",PANAMÁ,"08",PANAMÁ,"19",TOCUMEN,LEY Nº 1 DEL 27 DE OCTUBRE DE 1982,LEY Nº 13 DEL 6 DE FEBRERO DE 2002,GA 20006,GA 24490,73133.1652446707,64804148.8436461,"0828","080819","0808"
386,"08",PANAMÁ,"08",PANAMÁ,"20",LAS MAÑANITAS,LEY Nº 13 DEL 6 DE FEBRERO DE 2002,N/A,GA 24490,N/A,38930.1980891122,23931605.4116917,"0830","080820","0808"
387,"08",PANAMÁ,"08",PANAMÁ,"21",24 DE DICIEMBRE,LEY Nº 13 DEL 6 DE FEBRERO DE 2002,N/A,GA 24490,N/A,71876.5546924259,81156545.8154943,"0831","080821","0808"
388,"08",PANAMÁ,"08",PANAMÁ,"22",ALCALDE DÍAZ,LEY Nº 42 DEL 10 DE JULIO DE 2009,N/A,GA 26323,N/A,49228.3698362402,43112242.1380123,"0825","080822","0808"
389,"08",PANAMÁ,"08",PANAMÁ,"23",ERNESTO CÓRDOBA CAMPOS,LEY Nº 42 DEL 10 DE JULIO DE 2009,N/A,GA 26323,N/A,35967.5375931517,29968880.3731959,"0826","080823","0808"
390,"08",PANAMÁ,"08",PANAMÁ,"26",DON BOSCO,LEY N° 42 DEL 31 DE MAYO DE 2017,N/A,GA 28291-A,N/A,24758.0017558351,16829848.0463345,"0819","080826","0808"
391,"08",PANAMÁ,"10",SAN MIGUELITO,"01",AMELIA DENIS DE ICAZA,LEY Nº 1 DEL 27 DE OCTUBRE DE 1982,LEY Nº 21 DEL 27 DE JUNIO DE 2000,GA 20006,GA 24084,13337.1755143251,3784614.99628445,"0833","081001","0810"
392,"08",PANAMÁ,"10",SAN MIGUELITO,"02",BELISARIO PORRAS,LEY Nº 1 DEL 27 DE OCTUBRE DE 1982,LEY Nº 21 DEL 27 DE JUNIO DE 2000,GA 20006,GA 24084,10221.2699182742,4003591.08181256,"0834","081002","0810"
393,"08",PANAMÁ,"10",SAN MIGUELITO,"03",JOSÉ DOMINGO ESPINAR,LEY Nº 1 DEL 27 DE OCTUBRE DE 1982,LEY Nº 21 DEL 27 DE JUNIO DE 2000,GA 20006,GA 24084,15575.0957129678,7112208.13626484,"0835","081003","0810"
394,"08",PANAMÁ,"10",SAN MIGUELITO,"04",MATEO ITURRALDE,LEY Nº 1 DEL 27 DE OCTUBRE DE 1982,LEY Nº 21 DEL 27 DE JUNIO DE 2000,GA 20006,GA 24084,4913.68232840618,989817.564909612,"0836","081004","0810"
395,"08",PANAMÁ,"10",SAN MIGUELITO,"05",VICTORIANO LORENZO,LEY Nº 1 DEL 27 DE OCTUBRE DE 1982,LEY Nº 21 DEL 27 DE JUNIO DE 2000,GA 20006,GA 24084,8735.20757581656,2014063.37224529,"0836","081005","0810"
396,"08",PANAMÁ,"10",SAN MIGUELITO,"06",ARNULFO ARIAS,LEY Nº 21 DEL 27 DE JUNIO DE 2000,N/A,GA 24084,N/A,10557.1791413131,3501740.47191802,"0837","081006","0810"
397,"08",PANAMÁ,"10",SAN MIGUELITO,"07",BELISARIO FRÍAS,LEY Nº 21 DEL 27 DE JUNIO DE 2000,N/A,GA 24084,N/A,13931.9314889449,4746273.9795636,"0838","081007","0810"
398,"08",PANAMÁ,"10",SAN MIGUELITO,"08",OMAR TORRIJOS,LEY Nº 21 DEL 27 DE JUNIO DE 2000,N/A,GA 24084,N/A,19078.4639399061,10989069.9753395,"0839","081008","0810"
399,"08",PANAMÁ,"10",SAN MIGUELITO,"09",RUFINA ALFARO,LEY Nº 21 DEL 27 DE JUNIO DE 2000,N/A,GA 24084,N/A,19112.0629615715,12740015.0459717,"0840","081009","0810"
400,"08",PANAMÁ,"11",TABOGA,"01",TABOGA,LEY Nº 1 DEL 27 DE OCTUBRE DE 1982,N/A,GA 20006,N/A,31788.0460294976,8624399.53308432,"0805","081101","0811"
401,"08",PANAMÁ,"11",TABOGA,"02",OTOQUE OCCIDENTE,LEY Nº 1 DEL 27 DE OCTUBRE DE 1982,N/A,GA 20006,N/A,8101.9966185444,1655688.92167844,"0805","081102","0811"
402,"08",PANAMÁ,"11",TABOGA,"03",OTOQUE ORIENTE,LEY Nº 1 DEL 27 DE OCTUBRE DE 1982,N/A,GA 20006,N/A,11609.7168121471,1903754.63196776,"0805","081103","0811"
403,"09",VERAGUAS,"01",ATALAYA,"01",ATALAYA,LEY N° 2 DEL 21 DE OCTUBRE DE 1981 (DEROGADA) CÓDIGO ADMINISTRATIVO 1916,LEY N° 58 DEL 29 DE JULIO DE 1998,GA 22526,GA 23602,41903.7149697364,47176799.1773226,"0901","090101","0901"
404,"09",VERAGUAS,"01",ATALAYA,"02",EL BARRITO,LEY N° 2 DEL 21 DE OCTUBRE DE 1981 (DEROGADA) CÓDIGO ADMINISTRATIVO 1916,LEY N° 58 DEL 29 DE JULIO DE 1998,GA 22526,GA 23602,20848.7502824518,24406444.1378147,"0901","090102","0901"
405,"09",VERAGUAS,"01",ATALAYA,"03",LA MONTAÑUELA,LEY N° 2 DEL 21 DE OCTUBRE DE 1981 (DEROGADA) CÓDIGO ADMINISTRATIVO 1916,LEY N° 58 DEL 29 DE JULIO DE 1998,GA 22526,GA 23602,38194.315604326,27260466.194906,"0901","090103","0901"
406,"09",VERAGUAS,"01",ATALAYA,"04",LA CARRILLO,LEY N° 58 DEL 29 DE JULIO DE 1998,N/A,GA 23602,N/A,31926.1837883715,39454141.205557,"0901","090104","0901"
407,"09",VERAGUAS,"01",ATALAYA,"05",SAN ANTONIO,LEY N° 58 DEL 29 DE JULIO DE 1998,N/A,GA 23602,N/A,28700.5622651655,17935925.8490211,"0901","090105","0901"
408,"09",VERAGUAS,"02",CALOBRE,"01",CALOBRE,LEY N° 2 DEL 21 DE OCTUBRE DE 1981 (DEROGADA) CÓDIGO ADMINISTRATIVO 1916,LEY N° 58 DEL 29 DE JULIO DE 1998,GA 22526,GA 23602,62614.5752254137,78669388.5037435,"0902","090201","0902"
409,"09",VERAGUAS,"02",CALOBRE,"02",BARNIZAL,LEY N° 2 DEL 21 DE OCTUBRE DE 1981 (DEROGADA) CÓDIGO ADMINISTRATIVO 1916,LEY N° 58 DEL 29 DE JULIO DE 1998,GA 22526,GA 23602,29041.3841167576,27409271.7897633,"0902","090202","0902"
410,"09",VERAGUAS,"02",CALOBRE,"03",CHITRA,LEY N° 2 DEL 21 DE OCTUBRE DE 1981 (DEROGADA) CÓDIGO ADMINISTRATIVO 1916,LEY N° 58 DEL 29 DE JULIO DE 1998,GA 22526,GA 23602,51439.7011528454,109890746.512556,"0902","090203","0902"
411,"09",VERAGUAS,"02",CALOBRE,"04",EL COCLA,LEY N° 2 DEL 21 DE OCTUBRE DE 1981 (DEROGADA) CÓDIGO ADMINISTRATIVO 1916,LEY Nº 58 DEL 29 DE JULIO DE 1998,GA 22526,GA 23602,44981.1653321461,71802708.5279248,"0902","090204","0902"
412,"09",VERAGUAS,"02",CALOBRE,"05",EL POTRERO,LEY N° 2 DEL 21 DE OCTUBRE DE 1981 (DEROGADA) CÓDIGO ADMINISTRATIVO 1916,LEY N° 58 DEL 29 DE JULIO DE 1998,GA 22526,GA 23602,36217.9572185689,43405038.9336361,"0902","090205","0902"
413,"09",VERAGUAS,"02",CALOBRE,"06",LA LAGUNA,LEY N° 2 DEL 21 DE OCTUBRE DE 1981 (DEROGADA) CÓDIGO ADMINISTRATIVO 1916,LEY N° 58 DEL 29 DE JULIO DE 1998,GA 22526,GA 23602,53860.9909013509,85024995.9717561,"0902","090206","0902"
414,"09",VERAGUAS,"02",CALOBRE,"07",LA RAYA DE CALOBRE,LEY N° 2 DEL 21 DE OCTUBRE DE 1981 (DEROGADA) CÓDIGO ADMINISTRATIVO 1916,LEY N° 58 DEL 29 DE JULIO DE 1998,GA 22526,GA 23602,43108.027062493,33123826.2049332,"0902","090207","0902"
415,"09",VERAGUAS,"02",CALOBRE,"08",LA TETILLA,LEY N° 2 DEL 21 DE OCTUBRE DE 1981 (DEROGADA) CÓDIGO ADMINISTRATIVO 1916,LEY N° 58 DEL 29 DE JULIO DE 1998,GA 22526,GA 23602,41255.6353441365,54331507.7986481,"0902","090208","0902"
416,"09",VERAGUAS,"02",CALOBRE,"09",LA YEGUADA,LEY N° 2 DEL 21 DE OCTUBRE DE 1981 (DEROGADA) CÓDIGO ADMINISTRATIVO 1916,LEY N° 58 DEL 29 DE JULIO DE 1998,GA 22526,GA 23602,82058.0833977881,128772281.651047,"0902","090209","0902"
417,"09",VERAGUAS,"02",CALOBRE,"10",LAS GUÍAS,LEY N° 2 DEL 21 DE OCTUBRE DE 1981 (DEROGADA) CÓDIGO ADMINISTRATIVO 1916,LEY N° 58 DEL 29 DE JULIO DE 1998,GA 22526,GA 23602,56525.1173666783,92968618.9978398,"0902","090210","0902"
418,"09",VERAGUAS,"02",CALOBRE,"11",MONJARÁS,LEY N° 2 DEL 21 DE OCTUBRE DE 1981 (DEROGADA) CÓDIGO ADMINISTRATIVO 1916,LEY N° 58 DEL 29 DE JULIO DE 1998,GA 22526,GA 23602,35044.0654537277,42997049.234088,"0902","090211","0902"
419,"09",VERAGUAS,"02",CALOBRE,"12",SAN JOSÉ,LEY N° 2 DEL 21 DE OCTUBRE DE 1981 (DEROGADA) CÓDIGO ADMINISTRATIVO 1916,LEY N° 58 DEL 29 DE JULIO DE 1998,GA 22526,GA 23602,31159.6720047597,37366358.3902235,"0902","090212","0902"
420,"09",VERAGUAS,"03",CAÑAZAS,"01",CAÑAZAS,LEY N° 2 DEL 21 DE OCTUBRE DE 1981 (DEROGADA) CÓDIGO ADMINISTRATIVO 1916,"LEY N° 58 DEL 29 DE JULIO DE 1998, LEY N° 69 DEL 28 DE OCTUBRE DE 1998, LEY N° 37 DEL 24 DE JUNIO DEL 2008",GA 22526,"GA 23602, GA 23664, GA 26069",55309.6862995056,89461216.5142724,"0903","090301","0903"
421,"09",VERAGUAS,"03",CAÑAZAS,"02",CERRO PLATA,LEY N° 2 DEL 21 DE OCTUBRE DE 1981 (DEROGADA) CÓDIGO ADMINISTRATIVO 1916,"LEY N° 58 DEL 29 DE JULIO DE 1998, LEY N° 69 DEL 28 DE OCTUBRE DE 1998, LEY N° 37 DEL 24 DE JUNIO DEL 2008",GA 22526,"GA 23602, GA 23664, GA 26069",77933.186098167,98101389.7650893,"0904","090302","0903"
422,"09",VERAGUAS,"03",CAÑAZAS,"03",EL PICADOR,LEY N° 69 DEL 28 DE OCTUBRE DE 1998,N/A,GA 23664,N/A,111730.493601461,154040630.498351,"0903","090303","0903"
423,"09",VERAGUAS,"03",CAÑAZAS,"04",LOS VALLES,LEY N° 2 DEL 21 DE OCTUBRE DE 1981 (DEROGADA) CÓDIGO ADMINISTRATIVO 1916,"LEY N° 58 DEL 29 DE JULIO DE 1998, LEY N° 69 DEL 28 DE OCTUBRE DE 1998",GA 22526,"GA 23602, GA 23664",69646.0006547576,82320600.1015948,"0903","090304","0903"
424,"09",VERAGUAS,"03",CAÑAZAS,"05",SAN JOSÉ,LEY N° 69 DEL 28 DE OCTUBRE DE 1998,N/A,GA 23664,N/A,155127.119181759,146581865.256505,"0904","090305","0903"
425,"09",VERAGUAS,"03",CAÑAZAS,"06",SAN MARCELO,LEY N° 2 DEL 21 DE OCTUBRE DE 1981 (DEROGADA) CÓDIGO ADMINISTRATIVO 1916,"LEY N° 58 DEL 29 DE JULIO DE 1998, LEY N° 43 DEL 5 DE AGOSTO DEL 2002",GA 22526,"GA 23602, GA 24613",51124.120296163,77934141.373529,"0903","090306","0903"
426,"09",VERAGUAS,"03",CAÑAZAS,"07",EL AROMILLO,LEY N° 43 DEL 5 DE AGOSTO DE 2002,N/A,GA 24613,N/A,46425.656303283,65151995.9749021,"0903","090307","0903"
427,"09",VERAGUAS,"03",CAÑAZAS,"08",LAS CRUCES,LEY N° 37 DEL 24 DE JUNIO DEL 2008,N/A,GA 26069,N/A,72990.9423133641,68937671.1358513,"0903","090308","0903"
428,"09",VERAGUAS,"04",LA MESA,"01",LA MESA,LEY N° 2 DEL 21 DE OCTUBRE DE 1981 (DEROGADA) CÓDIGO ADMINISTRATIVO 1916,"LEY N° 58 DEL 29 DE JULIO DE 1998, LEY N° 27 DEL 5 DE JUNIO DE 2002",GA 22526,"GA 25602, GA 24570",93723.3038192234,165460024.607022,"0903","090401","0904"
429,"09",VERAGUAS,"04",LA MESA,"02",BISVALLES,LEY N° 2 DEL 21 DE OCTUBRE DE 1981 (DEROGADA) CÓDIGO ADMINISTRATIVO 1916,LEY N° 58 DEL 29 DE JULIO DE 1998,GA 22526,GA 23602,46281.9809914627,83449687.4939167,"0903","090402","0904"
430,"09",VERAGUAS,"04",LA MESA,"03",BORÓ,LEY N° 2 DEL 21 DE OCTUBRE DE 1981 (DEROGADA) CÓDIGO ADMINISTRATIVO 1916,LEY N° 58 DEL 29 DE JULIO DE 1998,GA 22526,GA 23602,44874.7345770918,72734645.3617858,"0904","090403","0904"
431,"09",VERAGUAS,"04",LA MESA,"04",LLANO GRANDE,LEY N° 2 DEL 21 DE OCTUBRE DE 1981 (DEROGADA) CÓDIGO ADMINISTRATIVO 1916,"LEY N° 58 DEL 29 DEL JULIO DE 1998, LEY N° 27 DEL 5 DE JUNIO DE 2002",GA 22526,"GA 25602, GA 24570",48523.0319404044,58087961.18055,"0903","090404","0904"
432,"09",VERAGUAS,"04",LA MESA,"05",SAN BARTOLO,LEY N° 2 DEL 21 DE OCTUBRE DE 1981 (DEROGADA) CÓDIGO ADMINISTRATIVO 1916,"LEY N° 58 DEL 29 DE JULIO DE 1998, LEY N° 35 DEL 10 DE MAYO 2012",GA 22526,"GA 23602, GA 27032-B",33448.7681863617,38635464.8592304,"0904","090405","0904"
433,"09",VERAGUAS,"04",LA MESA,"06",LOS MILAGROS,LEY N° 27 DEL 5 DE JUNIO DE 2002,N/A,GA 24570,N/A,41620.1746516872,34846318.0649012,"0903","090406","0904"
434,"09",VERAGUAS,"04",LA MESA,"07",EL HIGO,LEY N° 35 DEL 10 DE MAYO DE 2012,N/A,GA 27032-B,N/A,42991.2138254773,56951485.6970638,"0904","090407","0904"
435,"09",VERAGUAS,"05",LAS PALMAS,"01",LAS PALMAS,LEY N° 2 DEL 21 DE OCTUBRE DE 1981 (DEROGADA) CÓDIGO ADMINISTRATIVO 1916,"LEY N° 58 DEL 29 DE JULIO DE 1998, LEY N° 69 DEL 28 DE OCTUBRE DE 1998, LEY N° 32 DEL 10 DE MAYO DEL 2012",GA 22526,"GA 23602, GA 23664, GA 27032-A",73486.5053497699,73967668.9437493,"0905","090501","0905"
436,"09",VERAGUAS,"05",LAS PALMAS,"02",CERRO DE CASA,LEY N° 2 DEL 21 DE OCTUBRE DE 1981 (DEROGADA) CÓDIGO ADMINISTRATIVO 1916,"LEY N° 58 DEL 29 DE JULIO DE 1998, LEY N° 69 DEL 28 DE OCTUBRE DE 1998",GA 22526,"GA 23602, GA 23664",76117.3865060306,91431953.6884868,"0905","090502","0905"
437,"09",VERAGUAS,"05",LAS PALMAS,"03",COROZAL,LEY N° 2 DEL 21 DE OCTUBRE DE 1981 (DEROGADA) CÓDIGO ADMINISTRATIVO 1916,"LEY N° 58 DEL 29 DE JULIO DE 1998, LEY N° 69 DEL 28 DE OCTUBRE DE 1998",GA 22526,"GA 23602, GA 23664",33444.8018156594,40232467.6661089,"0905","090503","0905"
438,"09",VERAGUAS,"05",LAS PALMAS,"04",EL MARÍA,LEY N° 2 DEL 21 DE OCTUBRE DE 1981 (DEROGADA) CÓDIGO ADMINISTRATIVO 1916,"LEY N° 58 DEL 29 DE JULIO DE 1998, LEY N° 69 DEL 28 DE OCTUBRE DE 1998",GA 22526,"GA 23602, GA 23664",69260.2943973819,97275276.9736032,"0905","090504","0905"
439,"09",VERAGUAS,"05",LAS PALMAS,"05",EL PRADO,LEY N° 2 DEL 21 DE OCTUBRE DE 1981 (DEROGADA) CÓDIGO ADMINISTRATIVO 1916,"LEY N° 58 DEL 29 DE JULIO DE 1998, LEY N° 69 DEL 28 DE OCTUBRE DE 1998",GA 22526,"GA 23602, GA 23664",70786.3449666552,41488122.8652919,"0904","090505","0905"
440,"09",VERAGUAS,"05",LAS PALMAS,"06",EL RINCÓN,LEY N° 2 DEL 21 DE OCTUBRE DE 1981 (DEROGADA) CÓDIGO ADMINISTRATIVO 1916,"LEY N° 58 DEL 29 DE JULIO DE 1998, LEY N° 69 DEL 28 DE OCTUBRE DE 1998",GA 22526,"GA 23602, GA 23664",63333.4819504032,82423867.2319503,"0904","090506","0905"
441,"09",VERAGUAS,"05",LAS PALMAS,"07",LOLÁ,LEY N° 2 DEL 21 DE OCTUBRE DE 1981 (DEROGADA) CÓDIGO ADMINISTRATIVO 1916,"LEY N° 58 DEL 29 DE JULIO DE 1998, LEY N° 69 DEL 28 DE OCTUBRE DE 1998",GA 22526,"GA 23602, GA 23664",47067.3943152323,39665337.5302635,"0905","090507","0905"
442,"09",VERAGUAS,"05",LAS PALMAS,"08",PIXVAE,LEY N° 2 DEL 21 DE OCTUBRE DE 1981 (DEROGADA) CÓDIGO ADMINISTRATIVO 1916,"LEY N° 58 DEL 29 DE JULIO DE 1998, LEY N° 69 DEL 28 DE OCTUBRE DE 1998",GA 22526,"GA 23602, GA 23664",115044.455849138,78829332.9661618,"0905","090508","0905"
443,"09",VERAGUAS,"05",LAS PALMAS,"09",PUERTO VIDAL,LEY N° 2 DEL 21 DE OCTUBRE DE 1981 (DEROGADA) CÓDIGO ADMINISTRATIVO 1916,"LEY N° 58 DEL 29 DE JULIO DE 1998, LEY N° 69 DEL 28 DE OCTUBRE DE 1998",GA 22526,"GA 23602, GA 23664",76422.7686858439,132416579.012883,"0905","090509","0905"
444,"09",VERAGUAS,"05",LAS PALMAS,"10",SAN MARTÍN DE PORRES,LEY Nº 10 DEL 7 DE MARZO DE 1997,"LEY N° 58 DEL 29 DE JULIO DE 1998, LEY N° 69 DEL 28 DE OCTUBRE DE 1998",GA 23242,"GA 23602, GA 23664",54967.6769963085,26690019.7073935,"0905","090510","0905"
445,"09",VERAGUAS,"05",LAS PALMAS,"11",VIGUÍ,LEY Nº 10 DEL 7 DE MARZO DE 1997,"LEY N° 58 DEL 29 DE JULIO DE 1998, LEY N° 69 DEL 28 DE OCTUBRE DE 1998",GA 23242,"GA 23602, GA 23664",53975.6638567709,59796294.6425544,"0904","090511","0905"
446,"09",VERAGUAS,"05",LAS PALMAS,"12",ZAPOTILLO,LEY N° 2 DEL 21 DE OCTUBRE DE 1981 (DEROGADA) CÓDIGO ADMINISTRATIVO 1916,"LEY N° 58 DEL 29 DE JULIO DE 1998, LEY N° 69 DEL 28 DE OCTUBRE DE 1998",GA 22526,"GA 23602, GA 23664",100094.294021036,194465967.62987,"0905","090512","0905"
447,"09",VERAGUAS,"05",LAS PALMAS,"13",MANUEL E. AMADOR TERRERO,LEY N° 32 DEL 10 DE MAYO DE 2012,N/A,GA 27032-A,N/A,52685.5589281976,57244658.7245185,"0905","090513","0905"
448,"09",VERAGUAS,"06",MONTIJO,"01",MONTIJO,LEY N° 2 DEL 21 DE OCTUBRE DE 1981 (DEROGADA) CÓDIGO ADMINISTRATIVO 1916,"LEY N° 58 DEL 29 DE JULIO DE 1998, LEY N° 27 DEL 25 DE JUNIO DE 2001, LEY N° 42 DEL 30 DE ABRIL DE 2003",GA 22526,"GA 23602, GA 24333, GA 24794",35163.3742239155,36148747.6483096,"0906","090601","0906"
449,"09",VERAGUAS,"06",MONTIJO,"02",GOBERNADORA,LEY N° 2 DEL 21 DE OCTUBRE DE 1981 (DEROGADA) CÓDIGO ADMINISTRATIVO 1916,"LEY N° 58 DEL 29 DE JULIO DE 1998, LEY N° 27 DEL 25 DE JUNIO DE 2001, LEY Nº 42 DEL 30 DE ABRIL DE 2003",GA 22526,"GA 23602, GA 24333, GA 24794",257282.592880566,531053319.952296,"0906","090602","0906"
450,"09",VERAGUAS,"06",MONTIJO,"03",LA GARCEANA,LEY N° 2 DEL 21 DE OCTUBRE DE 1981 (DEROGADA) CÓDIGO ADMINISTRATIVO 1916,"LEY N° 58 DEL 29 DE JULIO DE 1998, LEY N° 27 DEL 25 DE JUNIO DE 2001, LEY Nº 42 DEL 30 DE ABRIL DE 2003",GA 22526,"GA 23602, GA 24333, GA 24794",28386.5810677071,28042460.1569975,"0901","090603","0906"
451,"09",VERAGUAS,"06",MONTIJO,"04",LEONES,LEY N° 2 DEL 29 DE ABRIL DE 1994,"LEY N° 58 DEL 29 DE JULIO DE 1998, LEY N° 27 DEL 25 DE JUNIO DE 2001, LEY N° 42 DEL 30 DE ABRIL DE 2003",GA 22526,"GA 23602, GA 24333, GA 24794",35838.8446979803,18532124.9712483,"0906","090604","0906"
452,"09",VERAGUAS,"06",MONTIJO,"05",PILÓN,LEY N° 2 DEL 21 DE OCTUBRE DE 1981 (DEROGADA) CÓDIGO ADMINISTRATIVO 1916,"LEY N° 58 DEL 29 DE JULIO DE 1998, LEY N° 27 DEL 25 DE JUNIO DE 2001, LEY N° 42 DEL 30 DE ABRIL DE 2003",GA 22526,"GA 23602, GA 24333, GA 24794",31488.3620522325,26775799.329211,"0906","090605","0906"
453,"09",VERAGUAS,"06",MONTIJO,"06",CÉBACO,LEY N° 42 DEL 30 DE ABRIL DE 2003,N/A,GA 24794,N/A,82176.7012085258,78346599.6335713,"0906","090606","0906"
454,"09",VERAGUAS,"06",MONTIJO,"07",COSTA HERMOSA,LEY N° 42 DEL 30 DE ABRIL DE 2003,N/A,GA 24794,N/A,28162.6071546842,21024697.521948,"0906","090607","0906"
455,"09",VERAGUAS,"06",MONTIJO,"08",UNIÓN DEL NORTE,LEY Nº 42 DEL 30 DE ABRIL DE 2003,N/A,GA 24794,N/A,33618.9794270318,34983265.4215699,"0906","090608","0906"
456,"09",VERAGUAS,"07",RÍO DE JESÚS,"01",RÍO DE JESÚS,LEY N° 2 DEL 21 DE OCTUBRE DE 1981 (DEROGADA) CÓDIGO ADMINISTRATIVO 1916,LEY N° 58 DEL 29 DE JULIO DE 1998,GA 22526,GA 23602,78257.7085000908,103471286.612175,"0906","090701","0907"
457,"09",VERAGUAS,"07",RÍO DE JESÚS,"02",LAS HUACAS,LEY N° 2 DEL 21 DE OCTUBRE DE 1981 (DEROGADA) CÓDIGO ADMINISTRATIVO 1916,LEY N° 58 DEL 29 DE JULIO DE 1998,GA 22526,GA 23602,54152.3567314753,79833330.4112867,"0906","090702","0907"
458,"09",VERAGUAS,"07",RÍO DE JESÚS,"03",LOS CASTILLOS,LEY N° 2 DEL 21 DE OCTUBRE DE 1981 (DEROGADA) CÓDIGO ADMINISTRATIVO 1916,LEY N° 58 DEL 29 DE JULIO DE 1998,GA 22526,GA 23602,24186.1335486209,17529976.3269512,"0906","090703","0907"
459,"09",VERAGUAS,"07",RÍO DE JESÚS,"04",UTIRÁ,LEY N° 2 DEL 21 DE OCTUBRE DE 1981 (DEROGADA) CÓDIGO ADMINISTRATIVO 1916,LEY N° 58 DEL 29 DE JULIO DE 1998,GA 22526,GA 23602,50178.2706874943,49340238.6734195,"0906","090704","0907"
460,"09",VERAGUAS,"07",RÍO DE JESÚS,"05",CATORCE DE NOVIEMBRE,LEY N° 58 DEL 29 DE JULIO DE 1998,N/A,GA 23602,N/A,59287.2656513383,66537753.0595456,"0906","090705","0907"
461,"09",VERAGUAS,"08",SAN FRANCISCO,"01",SAN FRANCISCO,LEY N° 2 DEL 21 DE OCTUBRE DE 1981 (DEROGADA) CÓDIGO ADMINISTRATIVO 1916,LEY N° 58 DEL 29 DE JULIO DE 1998,GA 22526,GA 23602,53788.1800346622,72334620.0873716,"0907","090801","0908"
462,"09",VERAGUAS,"08",SAN FRANCISCO,"02",CORRAL FALSO,LEY N° 2 DEL 21 DE OCTUBRE DE 1981 (DEROGADA) CÓDIGO ADMINISTRATIVO 1916,LEY N° 58 DEL 29 DE JULIO DE 1998,GA 22526,GA 23602,48779.1030230646,38342813.7768128,"0907","090802","0908"
463,"09",VERAGUAS,"08",SAN FRANCISCO,"03",LOS HATILLOS,LEY N° 2 DEL 21 DE OCTUBRE DE 1981 (DEROGADA) CÓDIGO ADMINISTRATIVO 1916,LEY N° 58 DEL 29 DE JULIO DE 1998,GA 22526,GA 23602,68391.0400840483,108200747.637971,"0907","090803","0908"
464,"09",VERAGUAS,"08",SAN FRANCISCO,"04",REMANCE,LEY N° 2 DEL 21 DE OCTUBRE DE 1981 (DEROGADA) CÓDIGO ADMINISTRATIVO 1916,LEY N° 58 DEL 29 DE JULIO DE 1998,GA 22526,GA 23602,67809.5026199893,77337832.6004725,"0907","090804","0908"
465,"09",VERAGUAS,"08",SAN FRANCISCO,"05",SAN JUAN,LEY N° 2 DEL 21 DE OCTUBRE DE 1981 (DEROGADA) CÓDIGO ADMINISTRATIVO 1916,"LEY N° 58 DEL 29 DE JULIO DE 1998, LEY N° 18 DEL 24 DE ENERO DE 2003",GA 22526,"GA 23602, GA 24731",41897.5099499203,62875883.5352179,"0907","090805","0908"
466,"09",VERAGUAS,"08",SAN FRANCISCO,"06",SAN JOSÉ,LEY N° 18 DEL 24 DE ENERO DE 2003,N/A,GA 24731,N/A,50540.539592612,75533752.658813,"0907","090806","0908"
467,"09",VERAGUAS,"09",SANTA FE,"01",SANTA FE,LEY N° 2 DEL 21 DE OCTUBRE DE 1981 (DEROGADA) CÓDIGO ADMINISTRATIVO 1916,"LEY N° 58 DEL 29 DE JULIO DE 1998, LEY Nº 37 DEL 24 DE JULIO DE 2008",GA 22526,"GA 23602, GA 26069",81080.0956237379,143449236.333721,"0908","090901","0909"
468,"09",VERAGUAS,"09",SANTA FE,"02",CALOVÉBORA,LEY N° 2 DEL 21 DE OCTUBRE DE 1981 (DEROGADA) CÓDIGO ADMINISTRATIVO 1916,"LEY N° 58 DEL 29 DE JULIO DE 1998, LEY N° 37 DEL 24 DE JULIO DE 2008",GA 22526,"GA 23602, GA 26069",205630.537987123,1129849808.82759,"0908","090902","0909"
469,"09",VERAGUAS,"09",SANTA FE,"03",EL ALTO,LEY N° 2 DEL 21 DE OCTUBRE DE 1981 (DEROGADA) CÓDIGO ADMINISTRATIVO 1916,"LEY N° 58 DEL 29 DE JULIO DE 1998, LEY N° 37 DEL 24 DE JULIO DE 2008",GA 22526,"GA 23602, GA 26069",54413.0725385081,84128788.2918599,"0908","090903","0909"
470,"09",VERAGUAS,"09",SANTA FE,"04",EL CUAY,LEY N° 2 DEL 21 DE OCTUBRE DE 1981 (DEROGADA) CÓDIGO ADMINISTRATIVO 1916,LEY Nº 58 DEL 29 DE JULIO DE 1998,GA 22526,GA 23602,53205.8285161014,87510404.2029427,"0908","090904","0909"
471,"09",VERAGUAS,"09",SANTA FE,"05",EL PANTANO,LEY N° 2 DEL 21 DE OCTUBRE DE 1981 (DEROGADA) CÓDIGO ADMINISTRATIVO 1916,LEY N° 58 DEL 29 DE JULIO DE 1998,GA 22526,GA 23602,37705.7430604766,52512695.8222569,"0908","090905","0909"
472,"09",VERAGUAS,"09",SANTA FE,"06",GATÚ O GATUCITO,LEY N° 2 DEL 21 DE OCTUBRE DE 1981 (DEROGADA) CÓDIGO ADMINISTRATIVO 1916,LEY Nº 37 DEL 24 DE JULIO DE 2008,GA 22526,GA 26069,47588.2634381023,63925021.2152168,"0908","090906","0909"
473,"09",VERAGUAS,"09",SANTA FE,"07",RÍO LUIS,LEY Nº 58 DEL 29 DE JULIO DE 1998,N/A,GA 23602,N/A,99189.3065438629,257707603.211182,"0908","090907","0909"
474,"09",VERAGUAS,"09",SANTA FE,"08",RUBÉN CANTÚ,LEY Nº 37 DEL 24 DE JULIO DE 2008,N/A,GA 26069,N/A,49565.0236459997,103572296.07188,"0908","090908","0909"
475,"09",VERAGUAS,"10",SANTIAGO,"01",SANTIAGO,LEY N° 2 DEL 21 DE OCTUBRE DE 1981 (DEROGADA) CÓDIGO ADMINISTRATIVO 1916,"LEY N° 58 DEL 29 DE JULIO DE 1998, LEY N° 53 DEL 22 DE NOVIEMBRE DE 2002, LEY N° 68 DEL 30 DE OCTUBRE  DE 2017",GA 22526,"GA 23602, GA 24692, GA 28397-C",28328.7485676289,28707879.9792095,"0909","091001","0910"
476,"09",VERAGUAS,"10",SANTIAGO,"02",LA COLORADA,LEY N° 2 DEL 21 DE OCTUBRE DE 1981 (DEROGADA) CÓDIGO ADMINISTRATIVO 1916,LEY N° 58 DEL 29 DE JULIO DE 1998,GA 22526,GA 23602,47986.8062011369,46539685.8849321,"0901","091002","0910"
477,"09",VERAGUAS,"10",SANTIAGO,"03",LA PEÑA,LEY N° 2 DEL 21 DE OCTUBRE DE 1981 (DEROGADA) CÓDIGO ADMINISTRATIVO 1916,LEY N° 58 DEL 29 DE JULIO DE 1998,GA 22526,GA 23602,76637.920781877,117175172.300103,"0910","091003","0910"
478,"09",VERAGUAS,"10",SANTIAGO,"04",LA RAYA DE SANTA MARÍA,LEY Nº 53 DEL 22 DE DICIEMBRE DE 2002,N/A,GA 24692,N/A,50657.6844469698,67356126.0393355,"0911","091004","0910"
479,"09",VERAGUAS,"10",SANTIAGO,"05",PONUGA,LEY N° 2 DEL 21 DE OCTUBRE DE 1981 (DEROGADA) CÓDIGO ADMINISTRATIVO 1916,"LEY N° 58 DEL 29 DE JULIO DE 1998, LEY N° 37 DEL 24 DE JUNIO DE 2008",GA 22526,"GA 23602, GA 26069",86448.9247455005,142853889.158678,"0901","091005","0910"
480,"09",VERAGUAS,"10",SANTIAGO,"06",SAN PEDRO DEL ESPINO,LEY N° 2 DEL 21 DE OCTUBRE DE 1981 (DEROGADA) CÓDIGO ADMINISTRATIVO 1916,LEY N° 58 DEL 29 DE JULIO DE 1998,GA 22526,GA  23602,38597.0668554887,23402378.072996,"0910","091006","0910"
481,"09",VERAGUAS,"10",SANTIAGO,"07",CANTO DEL LLANO,LEY N° 1 DEL 7 DE  ENERO DE 1993,"LEY N° 58 DEL 29 DE JULIO DE 1998, LEY N° 53 DEL 22 DE NOVIEMBRE DE 2002",GA 22203,"GA 23602, GA 24692",59311.0752845702,65872178.9586957,"0910","091007","0910"
482,"09",VERAGUAS,"10",SANTIAGO,"08",LOS ALGARROBOS,LEY Nº 58 DEL 29 DE JULIO DE 1998,LEY N° 53 DEL 22 DE NOVIEMBRE DE 2002,GA 23602,GA 24692,46069.2327153454,63354836.5545658,"0910","091008","0910"
483,"09",VERAGUAS,"10",SANTIAGO,"09",CARLOS SANTANA ÁVILA,LEY Nº 53 DEL 22 DE NOVIEMBRE DE 2002,N/A,GA 24692,N/A,66354.0295813672,67440154.121678,"0911","091009","0910"
484,"09",VERAGUAS,"10",SANTIAGO,"10",EDWIN FÁBREGA,LEY Nº 53 DEL 22 DE NOVIEMBRE DE 2002,N/A,GA 24692,N/A,28878.5398885652,35103249.3853648,"0901","091010","0910"
485,"09",VERAGUAS,"10",SANTIAGO,"11",SAN MARTÍN DE PORRES,LEY Nº 53 DEL 22 DE NOVIEMBRE DE 2002,N/A,GA 24692,N/A,11566.8809450545,5277976.40748506,"0911","091011","0910"
486,"09",VERAGUAS,"10",SANTIAGO,"12",URRACÁ,LEY Nº 53 DEL 22 DE NOVIEMBRE DE 2002,N/A,GA 24692,N/A,61271.0178527329,73626155.2858717,"0911","091012","0910"
487,"09",VERAGUAS,"10",SANTIAGO,"13",RODRIGO LUQUE,LEY N° 21 DEL 16 DE OCTUBRE DE 2014,N/A,GA 27644-A,N/A,22243.4405757684,16918249.1884144,"0910","091013","0910"
488,"09",VERAGUAS,"10",SANTIAGO,"14",NUEVO SANTIAGO,LEY N° 68 DEL 30 DE OCTUBRE DE 2017,N/A,GA 28397-C,N/A,28140.9589571349,23469784.7401351,"0909","091014","0910"
489,"09",VERAGUAS,"10",SANTIAGO,"15",SANTIAGO ESTE,LEY N° 68 DEL 30 DE OCTUBRE DE 2017,N/A,GA 28397-C,N/A,38212.8795013019,28637676.7910409,"0911","091015","0910"
490,"09",VERAGUAS,"10",SANTIAGO,"16",SANTIAGO SUR,LEY N° 68 DEL 30 DE OCTUBRE DE 2017,N/A,GA 28397-C,N/A,76875.6318632691,169536547.363015,"0901","091016","0910"
491,"09",VERAGUAS,"11",SONÁ,"01",SONÁ,LEY N° 2 DEL 21 DE OCTUBRE DE 1981 (DEROGADA) CÓDIGO ADMINISTRATIVO 1916,LEY N° 58 DEL 29 DE JULIO DE 1998,GA 22526,GA 23602,44146.0146552592,69557722.3235884,"0912","091101","0911"
492,"09",VERAGUAS,"11",SONÁ,"02",BAHÍA HONDA,LEY N° 2 DEL 21 DE OCTUBRE DE 1981 (DEROGADA) CÓDIGO ADMINISTRATIVO 1916,LEY N° 58 DEL 29 DE JULIO DE 1998,GA 22526,GA 23602,176624.148958618,173210172.81975,"0912","091102","0911"
493,"09",VERAGUAS,"11",SONÁ,"03",CALIDONIA,LEY N° 2 DEL 21 DE OCTUBRE DE 1981 (DEROGADA) CÓDIGO ADMINISTRATIVO 1916,LEY N° 58 DEL 29 DE JULIO DE 1998,GA 22526,GA 23602,74417.2737559661,158671755.6138,"0912","091103","0911"
494,"09",VERAGUAS,"11",SONÁ,"04",CATIVÉ,LEY N° 2 DEL 21 DE OCTUBRE DE 1981 (DEROGADA) CÓDIGO ADMINISTRATIVO 1916,LEY N° 58 DEL 29 DE JULIO DE 1998,GA 22526,GA 23602,75646.8079387347,136079710.693835,"0912","091104","0911"
495,"09",VERAGUAS,"11",SONÁ,"05",EL MARAÑÓN,LEY N° 2 DEL 21 DE OCTUBRE DE 1981 (DEROGADA) CÓDIGO ADMINISTRATIVO 1916,LEY N° 58 DEL 29 DE JULIO DE 1998,GA 22526,GA 23602,70794.2385062384,114313747.529886,"0912","091105","0911"
496,"09",VERAGUAS,"11",SONÁ,"06",GUARUMAL,LEY N° 2 DEL 21 DE OCTUBRE DE 1981 (DEROGADA) CÓDIGO ADMINISTRATIVO 1916,LEY N° 58 DEL 29 DE JULIO DE 1998,GA 22526,GA 23602,107887.423414278,130969620.457241,"0912","091106","0911"
497,"09",VERAGUAS,"11",SONÁ,"07",LA SOLEDAD,LEY N° 2 DEL 21 DE OCTUBRE DE 1981 (DEROGADA) CÓDIGO ADMINISTRATIVO 1916,LEY N° 58 DEL 29 DE JULIO DE 1998,GA 22526,GA 23602,67084.1634718847,119406558.956313,"0912","091107","0911"
498,"09",VERAGUAS,"11",SONÁ,"08",QUEBRADA DE ORO,LEY N° 2 DEL 21 DE OCTUBRE DE 1981 (DEROGADA) CÓDIGO ADMINISTRATIVO 1916,LEY N° 58 DEL 29 DE JULIO DE 1998,GA 22526,GA 23602,49848.6860251831,61274640.8611195,"0912","091108","0911"
499,"09",VERAGUAS,"11",SONÁ,"09",RÍO GRANDE,LEY N° 2 DEL 21 DE OCTUBRE DE 1981 (DEROGADA) CÓDIGO ADMINISTRATIVO 1916,"LEY N° 58 DEL 29 DE JULIO DE 1998, LEY N° 34 DEL 10 DE MAYO DE 2012",GA 22526,"GA 23602, GA 27032-B",87274.8279052874,152560367.417815,"0912","091109","0911"
500,"09",VERAGUAS,"11",SONÁ,"10",RODEO VIEJO,LEY N° 2 DEL 21 DE OCTUBRE DE 1981 (DEROGADA) CÓDIGO ADMINISTRATIVO 1916,LEY N° 58 DEL 29 DE JULIO DE 1998,GA 22526,GA 23602,61134.5917034598,122586999.608301,"0912","091110","0911"
501,"09",VERAGUAS,"11",SONÁ,"11",HICACO,LEY Nº 34 DEL 10 DE MAYO DE 2012,N/A,GA 27032-B,N/A,57689.2462794211,94567078.2658869,"0912","091111","0911"
502,"09",VERAGUAS,"11",SONÁ,"12",LA TRINCHERA,LEY N° 3 DEL 6 DE FEBRERO DE 2018,N/A,GA 28462-B,N/A,102023.596630135,189619483.06232,"0912","091112","0911"
503,"09",VERAGUAS,"12",MARIATO,"01",LLANO DE CATIVAL O MARIATO,LEY N° 2 DEL 21 DE OCTUBRE DE 1981 (DEROGADA) CÓDIGO ADMINISTRATIVO 1916,LEY Nº 27 DEL 25 DE JUNIO DE 2001,GA 22526,GA 24333,102146.769353957,314629364.589377,"0913","091201","0912"
504,"09",VERAGUAS,"12",MARIATO,"02",ARENAS,LEY Nº 27 DE 25 DE JUNIO DE 2001,N/A,GA 24333,N/A,92217.9412404704,231592428.324388,"0913","091202","0912"
505,"09",VERAGUAS,"12",MARIATO,"03",EL CACAO,LEY N° 27 DEL 25 DE JUNIO DE 2001,N/A,GA 24333,N/A,153653.861305483,414333487.163615,"0913","091203","0912"
506,"09",VERAGUAS,"12",MARIATO,"04",QUEBRO,LEY N° 2 DEL 21 DE OCTUBRE DE 1981 (DEROGADA) CÓDIGO ADMINISTRATIVO 1916,N/A,GA 22526,N/A,127541.405538106,350571900.624541,"0913","091204","0912"
507,"10",COMARCA KUNA YALA,"01",COMARCA KUNA YALA,"02",AILIGANDÍ,LEY N° 1 DEL 27 DE OCTUBRE DE 1982,N/A,GA 19960,N/A,284126.169749737,575703732.469587,"1002","100102","1001"
508,"10",COMARCA KUNA YALA,"01",COMARCA KUNA YALA,"03",PUERTO OBALDÍA,LEY N° 1 DEL 27 DE OCTUBRE DE 1982,N/A,GA 19960,N/A,78567.2403106107,97570855.2908281,"1003","100103","1001"
509,"10",COMARCA KUNA YALA,"01",COMARCA KUNA YALA,"04",TUBUALÁ,LEY N° 1 DEL 27 DE OCTUBRE DE 1982,N/A,GA 19960,N/A,381274.150513309,668697226.707834,"1003","100104","1001"
510,"11",COMARCA EMBERÁ-WOUNAÁN,"01",CÉMACO,"01",CIRILO GUAYNORA,LEY N° 22 DEL 8 DE NOVIEMBRE DE 1983,N/A,GA 19976,N/A,154835.762595535,430318586.112566,"0503","110101","1101"
511,"11",COMARCA EMBERÁ-WOUNAÁN,"01",CÉMACO,"02",LAJAS BLANCAS,LEY N° 22 DEL 8 DE NOVIEMBRE DE 1983,N/A,GA 19976,N/A,279103.6314185,1647056337.80874,"0504","110102","1101"
512,"11",COMARCA EMBERÁ-WOUNAÁN,"01",CÉMACO,"03",MANUEL ORTEGA,LEY N° 22 DEL 8 DE NOVIEMBRE DE 1983,N/A,GA 19976,N/A,178151.350822723,973007233.417025,"0503","110103","1101"
513,"11",COMARCA EMBERÁ-WOUNAÁN,"02",SAMBÚ,"01",RÍO SÁBALO,LEY N° 22 DEL 8 DE NOVIEMBRE DE 1983,N/A,GA 19976,N/A,177887.058087546,550964003.073192,"0501","110201","1102"
514,"11",COMARCA EMBERÁ-WOUNAÁN,"02",SAMBÚ,"02",JINGURUDÓ,LEY N° 22 DEL 8 DE NOVIEMBRE DE 1983,N/A,GA 19976,N/A,165544.731190283,760684874.202321,"0501","110202","1102"
515,"12",COMARCA NGÄBE-BUGLÉ,"01",BESIKO,"01",SOLOY,LEY N° 10 DEL 7 DE MARZO DE 1997,LEY N° 69 DEL 28 DE OCTUBRE DE 1998,GA 23242,GA 23664,70711.0257294577,113578457.069271,"1201","120101","1201"
516,"12",COMARCA NGÄBE-BUGLÉ,"01",BESIKO,"02",BOCA DE BALSA,LEY N° 10 DEL 7 DE MARZO DE 1997,"LEY N° 69 DEL 28 DE OCTUBRE DE 1998, LEY N° 33 DEL 10 DE MAYO DE 2012",GA 23242,"GA 23664, GA 27032-B",67459.0013776587,119299923.285515,"1201","120102","1201"
517,"12",COMARCA NGÄBE-BUGLÉ,"01",BESIKO,"03",CAMARÓN ARRIBA,LEY N° 10 DEL 7 DE MARZO DE 1997,LEY N° 69 DEL 28 DE OCTUBRE DE 1998,GA 23242,GA 23664,48692.843101068,50542332.8121393,"1201","120103","1201"
518,"12",COMARCA NGÄBE-BUGLÉ,"01",BESIKO,"04",CERRO BANCO,LEY N° 10 DEL 7 DE MARZO DE 1997,LEY N° 69 DEL 28 DE OCTUBRE DE 1998,GA 23242,GA 23664,54337.9609381684,109825580.322606,"1201","120104","1201"
519,"12",COMARCA NGÄBE-BUGLÉ,"01",BESIKO,"05",CERRO DE PATENA,LEY N° 10 DEL 7 DE MARZO DE 1997,LEY N° 69 DEL 28 DE OCTUBRE DE 1998,GA 23242,GA 23664,40012.7373177545,51993697.800755,"1201","120105","1201"
520,"12",COMARCA NGÄBE-BUGLÉ,"01",BESIKO,"06",EMPLANADA DE CHORCHA,LEY N° 10 DEL 7 DE MARZO DE 1997,"LEY N° 69 DEL 28 DE OCTUBRE DE 1998, LEY N° 33 DEL 10 DE MAYO DE 2012",GA 23242,"GA 23664, GA 27032-B",121716.187302456,147679793.888561,"1201","120106","1201"
521,"12",COMARCA NGÄBE-BUGLÉ,"01",BESIKO,"07",NÄMNONI,LEY N° 10 DEL 7 DE MARZO DE 1997,LEY N° 69 DEL 28 DE OCTUBRE DE 1998,GA 23242,GA 23664,33294.5687936497,28223681.0232986,"1201","120107","1201"
522,"12",COMARCA NGÄBE-BUGLÉ,"01",BESIKO,"08",NIBA,LEY N° 10 DEL 7 DE MARZO DE 1997,"LEY N° 69 DEL 28 DE OCTUBRE DE 1998, LEY N° 33 DEL 10 DE MAYO DE 2012",GA 23242,"GA 23664, GA 27032-B",61493.6040855227,134822851.181319,"1201","120108","1201"
523,"12",COMARCA NGÄBE-BUGLÉ,"02",MIRONÓ,"01",HATO PILÓN,LEY N° 10 DEL 7 DE MARZO DE 1997,LEY N° 69 DEL 28 DE OCTUBRE DE 1998,GA 23242,GA 23664,32858.7036005299,45207612.1873008,"1202","120201","1202"
524,"12",COMARCA NGÄBE-BUGLÉ,"02",MIRONÓ,"02",CASCABEL,LEY N° 10 DEL 7 DE MARZO DE 1997,LEY N° 69 DEL 31 DE OCTUBRE DE 1998,GA 23242,GA 23664,62858.9915427054,123488046.467219,"1202","120202","1202"
525,"12",COMARCA NGÄBE-BUGLÉ,"02",MIRONÓ,"03",HATO COROTÚ,LEY N° 10 DEL 7 DE MARZO DE 1997,LEY N° 69 DEL 28 DE OCTUBRE DE 1998,GA 23242,GA 23664,36635.0870769727,21035191.3797643,"1202","120203","1202"
526,"12",COMARCA NGÄBE-BUGLÉ,"02",MIRONÓ,"04",HATO CULANTRO,LEY N° 10 DEL 7 DE MARZO DE 1997,LEY N° 69 DEL 28 DE OCTUBRE DE 1998,GA 23242,GA 23664,40551.3241463362,67789117.7178583,"1202","120204","1202"
527,"12",COMARCA NGÄBE-BUGLÉ,"02",MIRONÓ,"05",HATO JOBO,LEY N° 10 DEL 7 DE MARZO DE 1997,LEY N° 69 DEL 28 DE OCTUBRE DE 1998,GA 23242,GA 23664,34807.5187816802,30923107.5128835,"1202","120205","1202"
528,"12",COMARCA NGÄBE-BUGLÉ,"02",MIRONÓ,"06",HATO JULÍ,LEY N° 10 DEL 7 DE MARZO DE 1997,LEY N° 69 DEL 28 DE OCTUBRE DE 1998,GA 23242,GA 23664,16018.8517414733,9925328.08619537,"1202","120206","1202"
529,"12",COMARCA NGÄBE-BUGLÉ,"02",MIRONÓ,"07",QUEBRADA DE LORO,LEY N° 10 DEL 7 DE MARZO DE 1997,LEY N° 69 DEL 28 DE OCTUBRE DE 1998,GA 23242,GA 23664,27682.5689719529,14537370.2017881,"1202","120207","1202"
530,"12",COMARCA NGÄBE-BUGLÉ,"02",MIRONÓ,"08",SALTO DUPÍ,LEY N° 10 DEL 7 DE MARZO DE 1997,LEY N° 69 DEL 28 DE OCTUBRE DE 1998,GA 23242,GA 23664,26193.7195118217,27459129.6109832,"1202","120208","1202"
531,"12",COMARCA NGÄBE-BUGLÉ,"03",MÜNA,"01",CHICHICA,LEY N° 10 DEL 7 DE MARZO DE 1997,"LEY N° 69 DEL 28 DE OCTUBRE DE 1998, LEY N° 31 DEL 10 DE MARZO DE 2012",GA 23242,"GA 23664, GA 27032-A",45879.0300696855,50712001.5590181,"1203","120301","1203"
532,"12",COMARCA NGÄBE-BUGLÉ,"03",MÜNA,"02",ALTO CABALLERO,LEY N° 10 DEL 7 DE MARZO DE 1997,"LEY N° 69 DEL 28 DE OCTUBRE DE 1998, LEY N° 31 DEL 10 DE MARZO DE 2012",GA 23242,"GA 23664, GA 27032-A",44206.413851601,19398553.3221334,"0414","120302","1203"
533,"12",COMARCA NGÄBE-BUGLÉ,"03",MÜNA,"03",BAKAMA,LEY N° 10 DEL 7 DE MARZO DE 1997,LEY N° 69 DEL 28 DE OCTUBRE DE 1998,GA 23242,GA 23664,53101.9078396521,11717326.0298692,"1204","120303","1203"
534,"12",COMARCA NGÄBE-BUGLÉ,"03",MÜNA,"04",CERRO CAÑA,LEY N° 10 DEL 7 DE MARZO DE 1997,"LEY N° 69 DEL 28 DE OCTUBRE DE 1998, LEY N° 31 DEL 10 DE MARZO DE 2012",GA 23242,"GA 23664, GA 27032-A",41666.7130368406,31253302.1602751,"0414","120304","1203"
535,"12",COMARCA NGÄBE-BUGLÉ,"03",MÜNA,"05",CERRO PUERCO,LEY N° 10 DEL 7 DE MARZO DE 1997,LEY N° 69 DEL 28 DE OCTUBRE DE 1998,GA 23242,GA 23664,36237.0410054277,43367270.7890103,"1203","120305","1203"
536,"12",COMARCA NGÄBE-BUGLÉ,"03",MÜNA,"06",KRÜA,LEY N° 10 DEL 7 DE MARZO DE 1997,N/A,GA 23242,N/A,75696.5531112727,168988921.730293,"1204","120306","1203"
537,"12",COMARCA NGÄBE-BUGLÉ,"03",MÜNA,"07",MARACA,LEY N° 10 DEL 7 DE MARZO DE 1997,N/A,GA 23242,N/A,27687.5738668189,37036796.7402783,"1203","120307","1203"
538,"12",COMARCA NGÄBE-BUGLÉ,"03",MÜNA,"08",NIBRA,LEY N° 10 DEL 7 DE MARZO DE 1997,LEY N° 69 DEL 28 DE OCTUBRE DE 1998,GA 23242,GA 23664,86068.3837541477,35161483.1171163,"1204","120308","1203"
539,"12",COMARCA NGÄBE-BUGLÉ,"03",MÜNA,"09",PEÑA BLANCA,LEY N° 10 DEL 7 DE MARZO DE 1997,LEY N° 69 DEL 28 DE OCTUBRE DE 1998,GA 23242,GA 23664,60476.1822404073,103189256.356709,"1203","120309","1203"
540,"12",COMARCA NGÄBE-BUGLÉ,"03",MÜNA,"10",ROKARI,LEY N° 10 DEL 7 DE MARZO DE 1997,LEY N° 69 DEL 28 DE OCTUBRE DE 1998,GA 23242,GA 23664,51276.1041368964,83404920.2679439,"1204","120310","1203"
541,"12",COMARCA NGÄBE-BUGLÉ,"03",MÜNA,"11",SITIO PRADO,LEY N° 10 DEL 7 DE MARZO DE 1997,LEY N° 31 DEL 10 DE MAYO DE 2012,GA 23242,GA 27032-A,40974.8898201232,52094402.7352578,"1204","120311","1203"
542,"12",COMARCA NGÄBE-BUGLÉ,"03",MÜNA,"12",ÜMANI,LEY N° 10 DEL 7 DE MARZO DE 1997,LEY N° 69 DEL 28 DE OCTUBRE DE 1998,GA 23242,GA 23664,31309.4690306842,23822548.9248351,"1203","120312","1203"
543,"12",COMARCA NGÄBE-BUGLÉ,"03",MÜNA,"13",DIKERI,LEY N° 31 DEL 10 DE MARZO DE 2012,N/A,GA 27032-A,N/A,34013.5705803698,31269620.4442219,"1203","120313","1203"
544,"12",COMARCA NGÄBE-BUGLÉ,"03",MÜNA,"14",DIKO,LEY N° 31 DEL 10 DE MARZO DE 2012,N/A,GA 27032-A,N/A,36794.3056225703,42055580.125705,"1203","120314","1203"
545,"12",COMARCA NGÄBE-BUGLÉ,"03",MÜNA,"15",KIKARI,LEY N° 31 DEL 10 DE MARZO DE 2012,N/A,GA 27032-A,N/A,20897.3782223827,13461127.568795,"1203","120315","1203"
546,"12",COMARCA NGÄBE-BUGLÉ,"03",MÜNA,"16",MREENI,LEY N° 31 DEL 10 DE MARZO DE 2012,N/A,GA 27032-A,N/A,42452.0382350225,53116917.0828025,"1204","120316","1203"
547,"12",COMARCA NGÄBE-BUGLÉ,"04",NOLE DUIMA,"01",CERRO IGLESIAS,LEY N° 10 DEL 7 DE MARZO DE 1997,LEY N° 69 DEL 28 DE OCTUBRE DE 1998,GA 23242,GA 23664,31520.530365359,34879901.5348765,"1205","120401","1204"
548,"12",COMARCA NGÄBE-BUGLÉ,"04",NOLE DUIMA,"02",HATO CHAMÍ,LEY N° 10 DEL 7 DE MARZO DE 1997,LEY N° 69 DEL 28 DE OCTUBRE DE 1998,GA 23242,GA 23664,34960.9863839675,50145055.8687787,"1205","120402","1204"
549,"12",COMARCA NGÄBE-BUGLÉ,"04",NOLE DUIMA,"03",JÄDEBERI,LEY N° 10 DEL 7 DE MARZO DE 1997,LEY N° 69 DEL 28 DE OCTUBRE DE 1998,GA 23242,GA 23664,48981.4673833712,66554742.6616907,"1205","120403","1204"
550,"12",COMARCA NGÄBE-BUGLÉ,"04",NOLE DUIMA,"04",LAJERO,LEY N° 10 DEL 7 DE MARZO DE 1997,LEY N° 69 DEL 28 DE OCTUBRE DE 1998,GA 23242,GA 23664,30447.8631436583,11683141.1384395,"1205","120404","1204"
551,"12",COMARCA NGÄBE-BUGLÉ,"04",NOLE DUIMA,"05",SUSAMA,LEY N° 10 DEL 7 DE MARZO DE 1997,LEY N° 69 DEL 28 DE OCTUBRE DE 1998,GA 23242,GA 23664,31577.376789787,21898552.2395964,"1205","120405","1204"
552,"12",COMARCA NGÄBE-BUGLÉ,"05",ÑÜRÜM,"01",BUENOS AIRES,LEY N° 10 DEL 7 DE MARZO DE 1997,"LEY N° 69 DEL 28 DE OCTUBRE DE 1998, LEY N° 31 DEL 10 DE MAYO DE 2012",GA 23242,"GA 23664, GA 27032-A",33305.1340772928,26967812.2593919,"0904","120501","1205"
553,"12",COMARCA NGÄBE-BUGLÉ,"05",ÑÜRÜM,"02",AGUA DE SALUD,LEY N° 10 DEL 7 DE MARZO DE 1997,"LEY N° 69 DEL 28 DE OCTUBRE DE 1998, LEY N° 31 DEL 10 DE MAYO DE 2012",GA 23242,"GA 23664, GA 27032-A",44179.2428005833,69970788.8998621,"0904","120502","1205"
554,"12",COMARCA NGÄBE-BUGLÉ,"05",ÑÜRÜM,"03",ALTO DE JESÚS,LEY N° 10 DEL 7 DE MARZO DE 1997,LEY N° 69 DEL 28 DE OCTUBRE DE 1998,GA 23242,GA 23664,51242.3337424939,27483453.7962563,"0904","120503","1205"
555,"12",COMARCA NGÄBE-BUGLÉ,"05",ÑÜRÜM,"04",CERRO PELADO,LEY N° 10 DEL 7 DE MARZO DE 1997,LEY N° 69 DEL 28 DE OCTUBRE DE 1998,GA 23242,GA 23664,61786.4819951647,31141795.1503789,"0905","120504","1205"
556,"12",COMARCA NGÄBE-BUGLÉ,"05",ÑÜRÜM,"05",EL BALE,LEY N° 10 DEL 7 DE MARZO DE 1997,LEY N° 69 DEL 28 DE OCTUBRE DE 1998,GA 23242,GA 23664,91587.8846757312,48101483.3877992,"0904","120505","1205"
557,"12",COMARCA NGÄBE-BUGLÉ,"05",ÑÜRÜM,"06",EL PAREDÓN,LEY N° 10 DEL 7 DE MARZO DE 1997,LEY N° 69 DEL 28 DE OCTUBRE DE 1998,GA 23242,GA 23664,110953.328931325,117783970.951588,"0903","120506","1205"
558,"12",COMARCA NGÄBE-BUGLÉ,"05",ÑÜRÜM,"07",EL PIRO,LEY N° 10 DEL 7 DE MARZO DE 1997,LEY N° 69 DEL 28 DE OCTUBRE DE 1998,GA 23242,GA 23664,25610.4400240479,4779040.00809376,"0904","120507","1205"
559,"12",COMARCA NGÄBE-BUGLÉ,"05",ÑÜRÜM,"08",GUAYABITO,LEY N° 10 DEL 7 DE MARZO DE 1997,LEY N° 69 DEL 28 DE OCTUBRE DE 1998,GA 23242,GA 23664,45291.8704346156,59380991.3465306,"0904","120508","1205"
560,"12",COMARCA NGÄBE-BUGLÉ,"05",ÑÜRÜM,"09",GÜIBALE,LEY N° 10 DEL 7 DE MARZO DE 1997,LEY N° 69 DEL 28 DE OCTUBRE DE 1998,GA 23242,GA 23664,86227.6982867792,98087047.6375356,"0903","120509","1205"
561,"12",COMARCA NGÄBE-BUGLÉ,"05",ÑÜRÜM,"10",EL PEÑÓN,LEY N° 31 DEL 10 DE MAYO DE 2012,N/A,GA 27032-A,N/A,68559.8386406902,63245413.3845882,"0904","120510","1205"
562,"12",COMARCA NGÄBE-BUGLÉ,"05",ÑÜRÜM,"11",EL PIRO N°2 (MUAKWATA KUBU),LEY N° 31 DEL 10 DE MAYO DE 2012,N/A,GA 27032-A,N/A,33399.1543933878,35354359.4976,"0904","120511","1205"
563,"12",COMARCA NGÄBE-BUGLÉ,"06",KANKINTÚ,"01",BISIRA,LEY N° 10 DEL 7 DE MARZO DE 1997,"LEY N° 69 DEL 31 DE OCTUBRE DE 1998, LEY N° 33 DEL 10 DE MAYO DE 2012",GA 19956,"GA 23242, GA 23664, GA 27032-B",108746.908310697,208753865.066681,"1206","120601","1206"
564,"12",COMARCA NGÄBE-BUGLÉ,"06",KANKINTÚ,"04",GWORONI,LEY N° 1 DEL 27 DE OCTUBRE DE 1982,"LEY N° 69 DEL 31 DE OCTUBRE DE 1998, LEY N° 33 DEL 10 DE MAYO DE 2012",GA 19956,"GA 23242, GA 23664, GA 27032-B",103035.73206757,391900095.779248,"1206","120604","1206"
565,"12",COMARCA NGÄBE-BUGLÉ,"06",KANKINTÚ,"05",KANKINTÚ,LEY N° 1 DEL 27 DE OCTUBRE DE 1982,"LEY N° 69 DEL 28 DE OCTUBRE DE 1998, LEY N° 33 DEL 10 DE MAYO DE 2012",GA 19956,"GA 23242, GA 23664, GA 27032-B",63367.6458054345,102034715.320331,"1206","120605","1206"
566,"12",COMARCA NGÄBE-BUGLÉ,"06",KANKINTÚ,"06",MÜNÜNI,LEY N° 1 DEL 27 DE OCTUBRE DE 1982,"LEY N° 69 DEL 28 DE OCTUBRE DE 1998, LEY N° 33 DEL 10 DE MAYO DE 2012",GA 19956,"GA 23242, GA 23664, GA 27032-B",50639.4673013352,85829477.5112892,"1206","120606","1206"
567,"12",COMARCA NGÄBE-BUGLÉ,"06",KANKINTÚ,"07",PIEDRA ROJA,LEY N° 1 DEL 27 DE OCTUBRE DE 1982,"LEY N° 69 DEL 28 DE OCTUBRE DE 1998, LEY N° 33 DEL 10 DE MAYO DE 2012",GA 23242,"GA 23664, GA 27032-B",39986.947001518,71707471.0721152,"1206","120607","1206"
568,"12",COMARCA NGÄBE-BUGLÉ,"06",KANKINTÚ,"10",CALANTE,LEY N° 33 DEL 10 DE MAYO DE 2012,N/A,GA 27032-B,N/A,61263.8442114558,88602833.562001,"1206","120610","1206"
569,"12",COMARCA NGÄBE-BUGLÉ,"06",KANKINTÚ,"11",TOLOTE,LEY N° 33 DEL 10 DE MAYO DE 2012,N/A,GA 27032-B,N/A,63789.9883623022,96267514.8873969,"1206","120611","1206"
570,"12",COMARCA NGÄBE-BUGLÉ,"07",KUSAPÍN,"01",KUSAPÍN,LEY N° 1 DEL 27 DE OCTUBRE DE 1982,"LEY N° 10 DEL 7 DE MARZO DE 1997, LEY N° 69 DEL 28 DE OCTUBRE DE 1998, LEY N° 33 DEL 10 DE MAYO DE 2012",GA 20047,"GA 23242, GA 23664, GA 27032-B",51789.5685912877,22552672.9861612,"1207","120701","1207"
571,"12",COMARCA NGÄBE-BUGLÉ,"07",KUSAPÍN,"02",BAHÍA AZUL,LEY N° 1 DEL 27 DE OCTUBRE DE 1982,LEY N° 33 DEL 10 DE MAYO DE 2012,GA 19956,GA 27032-B,92424.8988580544,81686531.8780515,"1207","120702","1207"
572,"12",COMARCA NGÄBE-BUGLÉ,"07",KUSAPÍN,"05",RÍO CHIRIQUÍ,LEY N° 10 DEL 7 DE MARZO DE 1997,"LEY N° 69 DEL 28 DE OCTUBRE DE 1998, LEY N° 33 DEL 10 DE MAYO DE 2012",GA 23242,"GA 23664, GA 27032-B",151180.396848257,519313549.57695,"1207","120705","1207"
573,"12",COMARCA NGÄBE-BUGLÉ,"07",KUSAPÍN,"06",TOBOBE,LEY N° 1 DEL 27 DE OCTUBRE DE 1982,"LEY N° 10 DEL 7 DE MARZO DE 1997, LEY N° 69 DEL 28 DE OCTUBRE DE 1998, LEY N° 33 DEL 10 DE MAYO DE 2012",GA 20047,"GA 23242, GA 23664, GA 27032-B",104476.107573824,90706215.2309244,"1207","120706","1207"
574,"12",COMARCA NGÄBE-BUGLÉ,"07",KUSAPÍN,"08",CAÑAVERAL,LEY N° 33 DEL 10 DE MAYO DE 2012,N/A,GA 27032-B,N/A,73807.5347378188,129723332.198208,"1207","120708","1207"
575,"12",COMARCA NGÄBE-BUGLÉ,"08",JIRONDAI,"01",SAMBOA,LEY N° 33 DEL 10 DE MAYO DE 2012,N/A,GA 27032-B,N/A,85632.9822011016,203982595.6715,"1206","120801","1208"
576,"12",COMARCA NGÄBE-BUGLÉ,"08",JIRONDAI,"02",BÜRI,LEY N° 10 DEL 7 DE MARZO DE 1997,"LEY N° 69 DEL 28 DE OCTUBRE DE 1998, LEY N° 42 DEL 30 DE ABRIL DE 2003, LEY N° 33 DEL 10 DE MAYO DE 2012",GA 23242,"GA 23664, GA 24794, GA 27032-B",124510.745882327,338373375.103178,"0105","120802","1208"
577,"12",COMARCA NGÄBE-BUGLÉ,"08",JIRONDAI,"03",GWARIBIARA,LEY N° 10 DEL 7 DE MARZO DE 1997,"LEY N° 69 DEL 28 DE OCTUBRE DE 1998, LEY N° 42 DEL 30 DE ABRIL DE 2003, LEY N° 33 DEL 10 DE MAYO DE 2012",GA 23242,"GA 23664, GA 24794, GA 27032-B",135123.606848378,395642660.527263,"1206","120803","1208"
578,"12",COMARCA NGÄBE-BUGLÉ,"08",JIRONDAI,"04",MAN CREEK,LEY N° 42 DEL 30 DE ABRIL DE 2003,LEY N° 33 DEL 10 DE MAYO DE 2012,GA 24794,GA 27032-B,136869.031753601,184146927.85081,"1206","120804","1208"
579,"12",COMARCA NGÄBE-BUGLÉ,"08",JIRONDAI,"05",TU GWAI,LEY N° 10 DEL 7 DE MARZO DE 1997,"LEY N° 69 DEL 28 DE OCTUBRE DE 1998, LEY N° 33 DEL 10 DE MAYO DE 2012",GA 23242,"GA 23242, GA 27032-B",146463.560118949,257512076.199614,"0105","120805","1208"
580,"12",COMARCA NGÄBE-BUGLÉ,"09",SANTA CATALINA O CALOVÉBORA (BLEDESHIA),"01",SANTA CATALINA O CALOVÉBORA (BLEDESHIA),LEY N° 1 DEL 27 DE OCTUBRE DE 1982,"LEY N° 10 DEL 7 DE MARZO DE 1997, LEY N° 69 DEL 28 DE OCTUBRE DE 1998, LEY N° 33 DEL 10 DE MAYO DE 2012",GA 19956,"GA 23242, GA 27032-B",77637.7262556691,202204508.00673,"1207","120901","1209"
581,"12",COMARCA NGÄBE-BUGLÉ,"09",SANTA CATALINA O CALOVÉBORA (BLEDESHIA),"02",ALTO BILINGÜE (GDOGÜESHIA),LEY N° 33 DEL 10 DE MAYO DE 2012,N/A,GA 27032-B,N/A,43251.977265938,65248051.8363381,"0908","120902","1209"
582,"12",COMARCA NGÄBE-BUGLÉ,"09",SANTA CATALINA O CALOVÉBORA (BLEDESHIA),"03",LOMA YUCA (IJUICHO),LEY N° 10 DEL 7 DE MARZO DE 1997,"LEY N° 69 DEL 28 DE OCTUBRE DE 1998, LEY N° 33 DEL 10 DE MAYO DE 2012",GA 23242,"GA 23242, GA 27032-B",87956.0899072821,299965364.219423,"1207","120903","1209"
583,"12",COMARCA NGÄBE-BUGLÉ,"09",SANTA CATALINA O CALOVÉBORA (BLEDESHIA),"04",SAN PEDRITO (JIKÜI),LEY N° 33 DEL 10 DE MAYO DE 2012,N/A,GA 27032-B,N/A,71146.8416728599,144434739.94943,"1207","120904","1209"
584,"12",COMARCA NGÄBE-BUGLÉ,"09",SANTA CATALINA O CALOVÉBORA (BLEDESHIA),"05",VALLE BONITO (DOGATA),LEY N° 10 DEL 7 DE MARZO DE 1997,"LEY N° 69 DEL 28 DE OCTUBRE DE 1998, LEY N° 33 DEL 10 DE MAYO DE 2012",GA 23242,"GA 23242, GA 27032-B",73463.9912802112,191658531.432811,"0908","120905","1209"
585,"13",PANAMÁ OESTE,"01",ARRAIJÁN,"01",ARRAIJÁN,LEY Nº 1 DEL 27 DE OCTUBRE DE 1982,"LEY N° 42 DEL 30 DE ABRIL DE 2003, LEY N° 119 DEL 30 DE DICIEMBRE DE 2013",GA 19965,GA 27443-A,64148.7783972754,64067288.085885,"1301","130101","1301"
586,"13",PANAMÁ OESTE,"01",ARRAIJÁN,"02",JUAN DEMÓSTENES AROSEMENA,LEY Nº 1 DEL 27 DE OCTUBRE DE 1982,"LEY N° 42 DEL 30 DE ABRIL DE 2003, LEY N° 119 DEL 30 DE DICIEMBRE DE 2013",GA 19965,GA 27443-A,42776.2727660188,40756890.3294592,"1302","130102","1301"
587,"13",PANAMÁ OESTE,"01",ARRAIJÁN,"03",NUEVO EMPERADOR,LEY Nº 1 DEL 27 DE OCTUBRE DE 1982,"LEY N° 42 DEL 30 DE ABRIL DE 2003, LEY N° 119 DEL 30 DE DICIEMBRE DE 2013",GA 19965,GA 27443-A,83179.2991217248,107927021.171902,"1306","130103","1301"
588,"13",PANAMÁ OESTE,"01",ARRAIJÁN,"05",VERACRUZ,LEY Nº 1 DEL 27 DE OCTUBRE DE 1982,"LEY N° 42 DEL 30 DE ABRIL DE 2003, LEY N° 119 DEL 30 DE DICIEMBRE DE 2013",GA 19965,GA 27443-A,43556.098091494,49333095.3175245,"0805","130105","1301"
589,"13",PANAMÁ OESTE,"01",ARRAIJÁN,"09",VACAMONTE,LEY N° 298 DEL 28 DE ABRIL DE 2022,N/A,GA 29526-C,N/A,30277.3439149701,18835866.6924103,"1303","130109","1301"
590,"13",PANAMÁ OESTE,"01",ARRAIJÁN,"07",BURUNGA,LEY N° 42 DEL 30 DE ABRIL DE 2003,LEY N° 119 DEL 30 DE DICIEMBRE DE 2013,GA 19965,GA 27443-A,45321.7217994663,51230399.7291387,"1305","130107","1301"
591,"13",PANAMÁ OESTE,"01",ARRAIJÁN,"08",CERRO SILVESTRE,LEY N° 42 DEL 30 DE ABRIL DE 2003,LEY N° 119 DEL 30 DE DICIEMBRE DE 2013,GA 19965,GA 27443-A,34966.5226905439,18978052.6608116,"1306","130108","1301"
592,"13",PANAMÁ OESTE,"03",CAPIRA,"01",CAPIRA,LEY Nº 1 DEL 27 DE OCTUBRE DE 1982,LEY N° 119 DEL 30 DE DICIEMBRE DE 2013,GA 19965,GA 27443-A,47016.9393090182,48520282.9817474,"1307","130301","1303"
593,"13",PANAMÁ OESTE,"03",CAPIRA,"02",CAIMITO,LEY Nº 1 DEL 27 DE OCTUBRE DE 1982,LEY N° 119 DEL 30 DE DICIEMBRE DE 2013,GA 19965,GA 27443-A,34719.12429202,42570597.7077327,"1308","130302","1303"
594,"13",PANAMÁ OESTE,"03",CAPIRA,"03",CAMPANA,LEY Nº 1 DEL 27 DE OCTUBRE DE 1982,LEY N° 119 DEL 30 DE DICIEMBRE DE 2013,GA 19965,GA 27443-A,59843.8003715345,75085266.0974771,"1307","130303","1303"
595,"13",PANAMÁ OESTE,"03",CAPIRA,"10",LÍDICE,LEY Nº 1 DEL 27 DE OCTUBRE DE 1982,LEY N° 119 DEL 30 DE DICIEMBRE DE 2013,GA 19965,GA 27443-A,30806.8352353645,42273287.1469913,"1307","130310","1303"
596,"13",PANAMÁ OESTE,"03",CAPIRA,"05",CIRÍ DE LOS SOTOS,LEY Nº 1 DEL 27 DE OCTUBRE DE 1982,"LEY Nº 5 DEL 19 DE ENERO DE 1998, LEY N° 119 DEL 30 DE DICIEMBRE DE 2013",GA 19965,GA 27443-A,51337.3645209561,92163503.4555844,"1308","130305","1303"
597,"13",PANAMÁ OESTE,"03",CAPIRA,"06",CIRÍ GRANDE,LEY Nº 1 DEL 27 DE OCTUBRE DE 1982,"LEY Nº 5 DEL 19 DE ENERO DE 1998, LEY N° 119 DEL 30 DE DICIEMBRE DE 2013",GA 19965,GA 27443-A,102533.666651447,147127774.090665,"1308","130306","1303"
598,"13",PANAMÁ OESTE,"03",CAPIRA,"07",EL CACAO,LEY Nº 1 DEL 27 DE OCTUBRE DE 1982,LEY N° 119 DEL 30 DE DICIEMBRE DE 2013,GA 19965,GA 27443-A,69798.1902723434,177435701.963068,"1308","130307","1303"
599,"13",PANAMÁ OESTE,"03",CAPIRA,"08",LA TRINIDAD,LEY Nº 1 DEL 27 DE OCTUBRE DE 1982,LEY N° 119 DEL 30 DE DICIEMBRE DE 2013,GA 19965,GA 27443-A,55868.7429647511,106150570.657974,"1308","130308","1303"
600,"13",PANAMÁ OESTE,"03",CAPIRA,"09",LAS OLLAS ARRIBA,LEY Nº 1 DEL 27 DE OCTUBRE DE 1982,LEY N° 119 DEL 30 DE DICIEMBRE DE 2013,GA 19965,GA 27443-A,26037.4781804805,26254011.2025714,"1307","130309","1303"
601,"13",PANAMÁ OESTE,"03",CAPIRA,"11",VILLA CARMEN,LEY Nº 1 DEL 27 DE OCTUBRE DE 1982,LEY N° 119 DEL 30 DE DICIEMBRE DE 2013,GA 19965,GA 27443-A,13290.9762110538,6236581.39131075,"1307","130311","1303"
602,"13",PANAMÁ OESTE,"03",CAPIRA,"12",VILLA ROSARIO,LEY Nº 1 DEL 27 DE OCTUBRE DE 1982,LEY N° 119 DEL 30 DE DICIEMBRE DE 2013,GA 19965,GA 27443-A,35575.6880815294,23504948.4272065,"1307","130312","1303"
603,"13",PANAMÁ OESTE,"03",CAPIRA,"13",SANTA ROSA,LEY Nº 5 DEL 19 DE ENERO DE 1998,LEY N° 119 DEL 30 DE DICIEMBRE DE 2013,GA 19965,GA 27443-A,66366.388400084,93951853.3077593,"1308","130313","1303"
604,"13",PANAMÁ OESTE,"04",CHAME,"01",CHAME,LEY Nº 1 DEL 27 DE OCTUBRE DE 1982,LEY N° 119 DEL 30 DE DICIEMBRE DE 2013,GA 19965,GA 27443-A,34544.5021347,31313675.8628141,"1309","130401","1304"
605,"13",PANAMÁ OESTE,"04",CHAME,"02",BEJUCO,LEY Nº 1 DEL 27 DE OCTUBRE DE 1982,LEY N° 119 DEL 30 DE DICIEMBRE DE 2013,GA 19965,GA 27443-A,54961.3510581941,59452433.6832027,"1309","130402","1304"
606,"13",PANAMÁ OESTE,"04",CHAME,"03",BUENOS AIRES,LEY Nº 1 DEL 27 DE OCTUBRE DE 1982,LEY N° 119 DEL 30 DE DICIEMBRE DE 2013,GA 19965,GA 27443-A,44400.6582039164,40902453.5352405,"1309","130403","1304"
607,"13",PANAMÁ OESTE,"04",CHAME,"04",CABUYA,LEY Nº 1 DEL 27 DE OCTUBRE DE 1982,LEY N° 119 DEL 30 DE DICIEMBRE DE 2013,GA 19965,GA 27443-A,45769.0896972055,44705155.9763819,"1309","130404","1304"
608,"13",PANAMÁ OESTE,"04",CHAME,"05",CHICÁ,LEY Nº 1 DEL 27 DE OCTUBRE DE 1982,LEY N° 119 DEL 30 DE DICIEMBRE DE 2013,GA 19965,GA 27443-A,20119.220972118,18443185.0291678,"1309","130405","1304"
609,"13",PANAMÁ OESTE,"04",CHAME,"06",EL LÍBANO,LEY Nº 1 DEL 27 DE OCTUBRE DE 1982,LEY N° 119 DEL 30 DE DICIEMBRE DE 2013,GA 19965,GA 27443-A,32909.7255720269,30474777.0111241,"1309","130406","1304"
610,"13",PANAMÁ OESTE,"04",CHAME,"07",LAS LAJAS,LEY Nº 1 DEL 27 DE OCTUBRE DE 1982,LEY N° 119 DEL 30 DE DICIEMBRE DE 2013,GA 19965,GA 27443-A,26913.304048513,13307714.8454233,"1309","130407","1304"
611,"13",PANAMÁ OESTE,"04",CHAME,"08",NUEVA GORGONA,LEY Nº 1 DEL 27 DE OCTUBRE DE 1982,LEY N° 119 DEL 30 DE DICIEMBRE DE 2013,GA 19965,GA 27443-A,28172.9758887889,19253507.290821,"1309","130408","1304"
612,"13",PANAMÁ OESTE,"04",CHAME,"09",PUNTA CHAME,LEY Nº 1 DEL 27 DE OCTUBRE DE 1982,LEY N° 119 DEL 30 DE DICIEMBRE DE 2013,GA 19965,GA 27443-A,35882.3129441341,16577806.8065252,"1309","130409","1304"
613,"13",PANAMÁ OESTE,"04",CHAME,"10",SAJALICES,LEY Nº 1 DEL 27 DE OCTUBRE DE 1982,LEY N° 119 DEL 30 DE DICIEMBRE DE 2013,GA 19965,GA 27443-A,26486.2449623776,24831675.3852094,"1309","130410","1304"
614,"13",PANAMÁ OESTE,"04",CHAME,"11",SORÁ,LEY Nº 1 DEL 27 DE OCTUBRE DE 1982,LEY N° 119 DEL 30 DE DICIEMBRE DE 2013,GA 19965,GA 27443-A,46486.9415249815,76220435.5250131,"1309","130411","1304"
615,"13",PANAMÁ OESTE,"07",LA CHORRERA,"01",BARRIO BALBOA,LEY Nº 1 DEL 27 DE OCTUBRE DE 1982,LEY N° 119 DEL 30 DE DICIEMBRE DE 2013,GA 19965,GA 27443-A,14609.8881993695,7872616.3815377,"1310","130701","1307"
616,"13",PANAMÁ OESTE,"07",LA CHORRERA,"02",BARRIO COLÓN,LEY Nº 1 DEL 27 DE OCTUBRE DE 1982,LEY N° 119 DEL 30 DE DICIEMBRE DE 2013,GA 19965,GA 27443-A,18597.9957988476,14791746.2627446,"1311","130702","1307"
617,"13",PANAMÁ OESTE,"07",LA CHORRERA,"03",AMADOR,LEY Nº 1 DEL 27 DE OCTUBRE DE 1982,LEY N° 119 DEL 30 DE DICIEMBRE DE 2013,GA 19965,GA 27443-A,371976.441035404,133415069.904022,"1315","130703","1307"
618,"13",PANAMÁ OESTE,"07",LA CHORRERA,"04",AROSEMENA,LEY Nº 1 DEL 27 DE OCTUBRE DE 1982,LEY N° 119 DEL 30 DE DICIEMBRE DE 2013,GA 19965,GA 27443-A,38438.9702759749,31332254.1241395,"1315","130704","1307"
619,"13",PANAMÁ OESTE,"07",LA CHORRERA,"05",EL ARADO,LEY Nº 1 DEL 27 DE OCTUBRE DE 1982,LEY N° 119 DEL 30 DE DICIEMBRE DE 2013,GA 19965,GA 27443-A,69269.5572928767,70435792.8466518,"1315","130705","1307"
620,"13",PANAMÁ OESTE,"07",LA CHORRERA,"06",EL COCO,LEY Nº 1 DEL 27 DE OCTUBRE DE 1982,LEY N° 119 DEL 30 DE DICIEMBRE DE 2013,GA 19965,GA 27443-A,22081.894537946,14863832.8023026,"1314","130706","1307"
621,"13",PANAMÁ OESTE,"07",LA CHORRERA,"07",FEUILLET,LEY Nº 1 DEL 27 DE OCTUBRE DE 1982,LEY N° 119 DEL 30 DE DICIEMBRE DE 2013,GA 19965,GA 27443-A,24300.1112999837,19482506.6955254,"1313","130707","1307"
622,"13",PANAMÁ OESTE,"07",LA CHORRERA,"08",GUADALUPE,LEY Nº 1 DEL 27 DE OCTUBRE DE 1982,LEY N° 119 DEL 30 DE DICIEMBRE DE 2013,GA 19965,GA 27443-A,29863.580290443,25599321.5160263,"1313","130708","1307"
623,"13",PANAMÁ OESTE,"07",LA CHORRERA,"09",HERRERA,LEY Nº 1 DEL 27 DE OCTUBRE DE 1982,LEY N° 119 DEL 30 DE DICIEMBRE DE 2013,GA 19965,GA 27443-A,50973.6894003175,86006478.7356539,"1315","130709","1307"
624,"13",PANAMÁ OESTE,"07",LA CHORRERA,"10",HURTADO,LEY Nº 1 DEL 27 DE OCTUBRE DE 1982,LEY N° 119 DEL 30 DE DICIEMBRE DE 2013,GA 19965,GA 27443-A,41383.7120181983,47571325.4100824,"1315","130710","1307"
625,"13",PANAMÁ OESTE,"07",LA CHORRERA,"11",ITURRALDE,LEY Nº 1 DEL 27 DE OCTUBRE DE 1982,LEY N° 119 DEL 30 DE DICIEMBRE DE 2013,GA 19965,GA 27443-A,107433.509082689,63673400.4513077,"1315","130711","1307"
626,"13",PANAMÁ OESTE,"07",LA CHORRERA,"12",LA REPRESA,LEY Nº 1 DEL 27 DE OCTUBRE DE 1982,LEY N° 119 DEL 30 DE DICIEMBRE DE 2013,GA 19965,GA 27443-A,67515.9221099185,38426665.3341198,"1315","130712","1307"
627,"13",PANAMÁ OESTE,"07",LA CHORRERA,"13",LOS DÍAZ,LEY Nº 1 DEL 27 DE OCTUBRE DE 1982,LEY N° 119 DEL 30 DE DICIEMBRE DE 2013,GA 19965,GA 27443-A,30597.0174678509,29367904.3507377,"1315","130713","1307"
628,"13",PANAMÁ OESTE,"07",LA CHORRERA,"14",MENDOZA,LEY Nº 1 DEL 27 DE OCTUBRE DE 1982,LEY N° 119 DEL 30 DE DICIEMBRE DE 2013,GA 19965,GA 27443-A,107970.784500634,54667356.7904813,"1315","130714","1307"
629,"13",PANAMÁ OESTE,"07",LA CHORRERA,"15",OBALDÍA,LEY Nº 1 DEL 27 DE OCTUBRE DE 1982,LEY N° 119 DEL 30 DE DICIEMBRE DE 2013,GA 19965,GA 27443-A,36583.9452301783,34556541.317303,"1315","130715","1307"
630,"13",PANAMÁ OESTE,"07",LA CHORRERA,"16",PLAYA LEONA,LEY Nº 1 DEL 27 DE OCTUBRE DE 1982,LEY N° 119 DEL 30 DE DICIEMBRE DE 2013,GA 19965,GA 27443-A,51539.8717792485,52518142.1949061,"1312","130716","1307"
631,"13",PANAMÁ OESTE,"07",LA CHORRERA,"17",PUERTO CAIMITO,LEY Nº 1 DEL 27 DE OCTUBRE DE 1982,LEY N° 119 DEL 30 DE DICIEMBRE DE 2013,GA 19965,GA 27443-A,34655.19222372,31432699.917449,"1312","130717","1307"
632,"13",PANAMÁ OESTE,"07",LA CHORRERA,"18",SANTA RITA,LEY Nº 1 DEL 27 DE OCTUBRE DE 1982,LEY N° 119 DEL 30 DE DICIEMBRE DE 2013,GA 19965,GA 27443-A,39654.106391206,32177651.1940238,"1315","130718","1307"
633,"13",PANAMÁ OESTE,"09",SAN CARLOS,"01",SAN CARLOS,LEY Nº 1 DEL 27 DE OCTUBRE DE 1982,LEY N° 119 DEL 30 DE DICIEMBRE DE 2013,GA 19965,GA 27443-A,31813.8030330478,28953177.0300358,"1316","130901","1309"
634,"13",PANAMÁ OESTE,"09",SAN CARLOS,"02",EL ESPINO,LEY Nº 1 DEL 27 DE OCTUBRE DE 1982,LEY N° 119 DEL 30 DE DICIEMBRE DE 2013,GA 19965,GA 27443-A,35249.9477910149,35092028.8147796,"1316","130902","1309"
635,"13",PANAMÁ OESTE,"09",SAN CARLOS,"03",EL HIGO,LEY Nº 1 DEL 27 DE OCTUBRE DE 1982,LEY N° 119 DEL 30 DE DICIEMBRE DE 2013,GA 19965,GA 27443-A,45247.273886361,43787294.6201641,"1316","130903","1309"
636,"13",PANAMÁ OESTE,"09",SAN CARLOS,"04",GUAYABITO,LEY Nº 1 DEL 27 DE OCTUBRE DE 1982,LEY N° 119 DEL 30 DE DICIEMBRE DE 2013,GA 19965,GA 27443-A,40100.5847037392,35708702.4734028,"1316","130904","1309"
637,"13",PANAMÁ OESTE,"09",SAN CARLOS,"05",LA ERMITA,LEY Nº 1 DEL 27 DE OCTUBRE DE 1982,LEY N° 119 DEL 30 DE DICIEMBRE DE 2013,GA 19965,GA 27443-A,46230.5089367476,32847801.8120664,"1316","130905","1309"
638,"13",PANAMÁ OESTE,"09",SAN CARLOS,"06",LA LAGUNA,LEY Nº 1 DEL 27 DE OCTUBRE DE 1982,LEY N° 119 DEL 30 DE DICIEMBRE DE 2013,GA 19965,GA 27443-A,36568.5655676748,53657461.7094859,"1316","130906","1309"
639,"13",PANAMÁ OESTE,"09",SAN CARLOS,"07",LAS UVAS,LEY Nº 1 DEL 27 DE OCTUBRE DE 1982,LEY N° 119 DEL 30 DE DICIEMBRE DE 2013,GA 19965,GA 27443-A,26546.9263508971,17894512.1007272,"1316","130907","1309"
640,"13",PANAMÁ OESTE,"09",SAN CARLOS,"08",LOS LLANITOS,LEY Nº 1 DEL 27 DE OCTUBRE DE 1982,LEY N° 119 DEL 30 DE DICIEMBRE DE 2013,GA 19965,GA 27443-A,51825.506461876,61804525.758788,"1316","130908","1309"
641,"13",PANAMÁ OESTE,"09",SAN CARLOS,"09",SAN JOSÉ,LEY Nº 1 DEL 27 DE OCTUBRE DE 1982,LEY N° 119 DEL 30 DE DICIEMBRE DE 2013,GA 19965,GA 27443-A,29859.4146372927,27185191.7429425,"1316","130909","1309"
642,"13",PANAMÁ OESTE,"03",CAPIRA,"04",CERMEÑO,LEY Nº 1 DEL 27 DE OCTUBRE DE 1982,LEY N° 119 DEL 30 DE DICIEMBRE DE 2013,GA 19965,GA 27443-A,73559.8950175506,93223748.026709,"1307","130304","1303"
643,"08",PANAMÁ,"08",PANAMÁ,"14",ANCÓN,LEY Nº 1 DEL 27 DE OCTUBRE DE 1982,LEY Nº 42 DEL 10 DE JULIO DE 2009,GA 20006,GA 26323,179582.295125199,193795109.357028,"0821","080814","0808"
644,"05",DARIÉN,"03",SANTA FE,"08",RÍO IGLESIAS,LEY N° 1 DEL 27 DE OCTUBRE DE 1982,"LEY N° 58 DEL 29 DE JULIO DE 1998, LEY N° 57 DEL 14 DE JULIO DE 2017",GA 20006,"GA 23602, 28322-A",172589.02640662,491592746.638749,"0504","050308","0503"
645,"05",DARIÉN,"01",CHEPIGANA,"02",CAMOGANTÍ,LEY N° 1 DEL 27 DE OCTUBRE DE 1982,N/A,GA 20006,N/A,159318.260127595,569789620.604646,"0501","050102","0501"
646,"09",VERAGUAS,"12",MARIATO,"05",TEBARIO,LEY N° 2 DEL 21 DE OCTUBRE DE 1981 (DEROGADA) CÓDIGO ADMINISTRATIVO 1916,LEY N° 37 DEL 24 DE JUNIO DE 2008,GA 22526,GA 26069,57332.2083487195,76965711.80318,"0913","091205","0912"
647,"03",COLÓN,"01",COLÓN,"07",ESCOBAL,LEY N° 1 DEL 27 DE OCTUBRE DE 1982,N/A,GA 20006,N/A,358254.671359393,78184237.9470125,"0306","030107","0301"
648,"01",BOCAS DEL TORO,"02",CHANGUINOLA,"23",LA MESA,LEY N° 40 DEL 30 DE ABRIL DE 2003,"LEY N° 18 DEL 26 DE FEBRERO DE 2009, LEY N° 172 DE 19 DE OCTUBRE DE 2020, LEY N° 188 DEL 4 DE DICIEMBREDE 2020",GA 24794,"GA 26233, GA 29169-B, GA 29170-A",26218.0972953092,24672425.3538286,"0102","010223","0102"
649,"01",BOCAS DEL TORO,"02",CHANGUINOLA,"14",EL SILENCIO,LEY N° 39 DEL 8 DE JUNIO DE 2015,LEY N° 172 DEL 19 DE OCTUBRE DE 2020,GA 27801-A,GA 29169-B,43635.4759844067,58212974.671202,"0103","010214","0102"
650,"01",BOCAS DEL TORO,"02",CHANGUINOLA,"16",FINCA 30,LEY N° 39 DEL 8 DE JUNIO DE 2015,LEY N° 172 DEL 19 DE OCTUBRE DE 2020,GA 27801-A,GA 29169-B,16427.1000275057,17004571.4428994,"0103","010216","0102"
651,"01",BOCAS DEL TORO,"02",CHANGUINOLA,"13",BARRIADA 4 DE ABRIL,LEY N° 39 DEL 8 DE JUNIO DE 2015,LEY N° 172 DEL 19 DE OCTUBRE DE 2020,GA 27801-A,GA 29169-B,17773.7070980927,12976612.8146278,"0102","010213","0102"
652,"01",BOCAS DEL TORO,"02",CHANGUINOLA,"01",CHANGUINOLA,LEY N° 1 DEL 27 DE OCTUBRE DE 1982,"LEY N° 5 DEL 19 DE ENERO DE 1998, LEY N° 40 DEL 30 DE ABRIL DE 2003, LEY N° 39 DEL 8 DE JUNIO DE 2015, LEY N° 172 DE 19 DE OCTUBRE DE 2020",GA 19956,"GA 23464, GA 24794, GA 27801-A, GA 29169-B",10904.8127200461,4486553.73722615,"0102","010201","0102"
653,"01",BOCAS DEL TORO,"02",CHANGUINOLA,"06",EL EMPALME,LEY N° 40 DEL 30 DE ABRIL DE 2003,"LEY N° 39 DEL 8 DE JUNIO DE 2015, LEY N° 172 DEL 19 DE OCTUBRE DE 2020",GA 24794,"GA 27801-A, GA 29169-B",14151.1087740263,9003835.90496356,"0103","010206","0102"
654,"01",BOCAS DEL TORO,"02",CHANGUINOLA,"20",FINCA 12,LEY N° 172 DEL 19 DE OCTUBRE DE 2020,N/A,GA 29169-B,N/A,8560.81434402862,2729459.6059762,"0102","010220","0102"
655,"01",BOCAS DEL TORO,"02",CHANGUINOLA,"22",FINCA 66,LEY N° 172 DEL 19 DE OCTUBRE DE 2020,N/A,GA 29169-B,N/A,10204.7950509522,2557317.54456867,"0102","010222","0102"
656,"01",BOCAS DEL TORO,"02",CHANGUINOLA,"19",FINCA 4,LEY N° 172 DEL 19 DE OCTUBRE DE 2020,N/A,GA 29169-B,N/A,26457.5672959339,18622951.882443,"0103","010219","0102"
657,"01",BOCAS DEL TORO,"02",CHANGUINOLA,"15",FINCA 6,LEY N° 39 DEL 8 DE JUNIO DE 2015,LEY N° 172 DEL 19 DE OCTUBRE DE 2020,GA 27801-A,GA 29169-B,39725.9329137059,28844406.1273767,"0102","010215","0102"
658,"01",BOCAS DEL TORO,"04",ALMIRANTE,"04",NANCE DE RISCÓ,LEY N° 18 DEL 26 DE FEBRERO DE 2009,LEY N° 39 DEL 8 DE JUNIO DE 2015,GA 26261,GA 27801-A,69184.7267037922,125331328.388831,"0104","010404","0104"
659,"01",BOCAS DEL TORO,"04",ALMIRANTE,"03",BARRIADA GUAYMÍ,LEY N° 39 DEL 8 DE JUNIO DE 2015,LEY N° 172 DEL 19 DE OCTUBRE DE 2020,GA 27801-A,GA 29169-B,38047.382303396,26703997.0532165,"0104","010403","0104"
660,"01",BOCAS DEL TORO,"01",BOCAS DEL TORO,"05",TIERRA OSCURA,LEY N° 69 DEL 28 DE OCTUBRE DE 1998,LEY N°172 DEL 19 DE OCTUBRE DE 2020,GA 23664,N/A,166959.712263792,49808842.0097082,"0101","010105","0101"
661,"01",BOCAS DEL TORO,"01",BOCAS DEL TORO,"07",SAN CRISTÓBAL,LEY N° 172 DEL 19 DE OCTUBRE DE 2020,N/A,GA 23664,N/A,91425.757996519,37989322.0166696,"0101","010107","0101"
662,"01",BOCAS DEL TORO,"04",ALMIRANTE,"01",ALMIRANTE,LEY N° 1 DEL 27 DE OCTUBRE DE 1982,"LEY N° 39 DEL 8 DE JUNIO DE 2015, LEY N° 172 DEL 19 DE OCTUBRE DE 2020",GA 19956,"GA 27801-A, GA 29169-B",22602.1959640675,16618763.7039902,"0104","010401","0104"
663,"01",BOCAS DEL TORO,"01",BOCAS DEL TORO,"01",BOCAS DEL TORO,LEY N° 1 DEL 27 DE OCTUBRE DE 1982,"LEY N° 69 DEL 28 DE OCTUBRE DE 1998, LEY N° 172 DE 19 DE OCTUBRE DE 2020",GA 19956,"GA 23664, GA 29169-B",71165.3920063725,35380837.5088291,"0101","010101","0101"
664,"01",BOCAS DEL TORO,"01",BOCAS DEL TORO,"06",BOCAS DEL DRAGO,LEY N° 172 DEL 19 DE OCTUBRE DE 2020,N/A,GA 29169-B,N/A,62852.2203259373,29935471.243547,"0101","010106","0101"
665,"01",BOCAS DEL TORO,"04",ALMIRANTE,"10",MIRAFLORES,LEY N° 172 DEL 19 DE OCTUBRE DE 2020,N/A,GA 29169-B,N/A,34157.6380382739,37023746.3154384,"0104","010410","0104"
666,"01",BOCAS DEL TORO,"04",ALMIRANTE,"06",VALLE DE RISCÓ,LEY N° 5 DEL 19 DE ENERO DE 1998,LEY N° 18 DEL 26 DE FEBRERO DE 2009,GA 23464,GA 26261,155822.59632946,306238274.314478,"0104","010406","0104"
667,"01",BOCAS DEL TORO,"02",CHANGUINOLA,"21",FINCA 51,LEY N° 172 DEL 19 DE OCTUBRE DE 2020,N/A,GA 29169-B,N/A,44644.1421774002,78313308.8042286,"0102","010221","0102"
668,"01",BOCAS DEL TORO,"04",ALMIRANTE,"05",VALLE DE AGUA ARRIBA,LEY N° 18 DEL 26 DE FEBRERO DE 2009,LEY N° 39 DEL 8 DE JUNIO DE 2015,GA 26261,GA 27801-A,96298.1126286844,70476445.3224841,"0104","010405","0104"
669,"04",CHIRIQUÍ,"02",BARÚ,"01",PUERTO ARMUELLES,LEY N° 1 DEL 27 DE OCTUBRE DE 1982,"LEY N° 5 DEL 19 DE ENERO DE 1998, LEY N° 46 DEL 14 DE AGOSTO DE 2018",GA 20047,"GA 23464, GA 28591-B",84733.5973265979,124050022.344751,"0402","040201","0402"
670,"04",CHIRIQUÍ,"02",BARÚ,"07",MANACA,LEY N° 46 DEL 14 DE AGOSTO DE 2018,N/A,GA 28591-B,N/A,75669.1789294023,80766501.0200886,"0403","040207","0402"
671,"02",COCLÉ,"06",PENONOMÉ,"14",LAS MINAS,LEY N° 2 DEL 21 DE OCTUBRE DE 1981 (DEROGADA) CÓDIGO ADMINISTRATIVO 1916,"LEY N° 58 DEL 29 DE JULIO DE 1998, LEY N° 296 DEL 26 DE ABRIL DE 2022",GA 22526,"GA 23602, GA 29524-B",50723.3168304255,71021344.0038029,"0209","020614","0206"
672,"02",COCLÉ,"06",PENONOMÉ,"11",BOCA DE TUCUÉ,LEY N° 296 DEL 26 DE ABRIL DE 2022,N/A,GA 29524-B,N/A,84003.5251365966,103445211.411778,"0209","020611","0206"
673,"02",COCLÉ,"06",PENONOMÉ,"15",RIECITO,LEY N° 296 DEL 26 DE ABRIL DE 2022,N/A,GA 29524-B,N/A,53234.8436920131,83345633.8504772,"0209","020615","0206"
674,"02",COCLÉ,"06",PENONOMÉ,"16",SAN MIGUEL,LEY N° 296 DEL 26 DE ABRIL DE 2022,N/A,GA 29524-B,N/A,70528.192212952,99787329.2395698,"0209","020616","0206"
675,"02",COCLÉ,"06",PENONOMÉ,"12",CANDELARIO OVALLE,LEY N° 296 DEL 26 DE ABRIL DE 2022,N/A,GA 29524-B,N/A,51519.4308194208,99105679.7281417,"0208","020612","0206"
676,"02",COCLÉ,"06",PENONOMÉ,"06",PAJONAL,LEY N° 2 DEL 21 DE OCTUBRE DE 1981 (DEROGADA) CÓDIGO ADMINISTRATIVO 1916,"LEY N° 58 DEL 29 DE JULIO DE 1998, LEY N° 296 DEL 26 DE ABRIL DE 2022",GA 29524-B,"GA 23602, GA 29524-B",56885.6918122989,63784811.0821978,"0208","020606","0206"
677,"13",PANAMÁ OESTE,"01",ARRAIJÁN,"06",VISTA ALEGRE,LEY Nº 1 DEL 27 DE OCTUBRE DE 1982,"LEY N° 42 DEL 30 DE ABRIL DE 2003, LEY N° 119 DEL 30 DE DICIEMBRE DE 2013",GA 19965,GA 27443-A,22216.3333558068,11371549.124075,"1304","130106","1301"
678,"05",DARIÉN,"03",SANTA FE,"17",ZAPALLAL,LEY N° 35 DEL 17 DE NOVIEMBRE DE 2014,LEY N° 57 DEL 14 DE JULIO DE 2017,GA 27666,GA 28322-A,101653.755847878,149554839.053827,"0505","050317","0503"
679,"05",DARIÉN,"02",PINOGANA,"08",METETÍ,LEY N° 58 DEL 29 DE JULIO DE 1998,LEY N° 57 DEL 14 DE JULIO DE 2017,GA 23602,GA 28322-A,346131.425530486,889779749.390132,"0504","050208","0502"
680,"05",DARIÉN,"01",CHEPIGANA,"01",LA PALMA,LEY N° 1 DEL 27 DE OCTUBRE DE 1982,LEY N° 58 DEL 29 DE JULIO DE 1998,GA 19965,GA 23602,367471.062054772,570945165.622516,"0501","050101","0501"
681,"05",DARIÉN,"01",CHEPIGANA,"04",GARACHINÉ,LEY N° 1 DEL 27 DE OCTUBRE DE 1982,LEY N° 22 DEL 8 DE NOVIEMBRE DE 1983,GA 19965,GA 19976,97065.3436962559,199514912.457757,"0501","050104","0501"
682,"03",COLÓN,"04",PORTOBELO,"01",PORTOBELO,LEY N° 1 DEL 27 DE OCTUBRE DE 1982,N/A,GA 19981,N/A,134248.490377805,244672154.299158,"0310","030401","0304"
683,"01",BOCAS DEL TORO,"02",CHANGUINOLA,"10",LAS DELICIAS,LEY N° 18 DEL 26 DE FEBRERO DE 2009,LEY N° 188 DEL 4 DE DICIEMBREDE 2020,GA 26261,GA 29170-A,83052.7157300247,181138156.255051,"0102","010210","0102"
684,"04",CHIRIQUÍ,"08",GUALACA,"02",HORNITO,LEY N° 1 DEL 27 DE OCTUBRE DE 1982,N/A,GA 20047,N/A,130054.663795729,171124990.898455,"0412","040802","0408"
685,"05",DARIÉN,"02",PINOGANA,"09",COMARCA KUNA DE WARGANDI,LEY N° 34 DEL 25 DE JULIO DE 2000,LEY N° 57 DEL 14 DE JULIO DE 2017,GA 24106,28322-A,198279.573850408,947221272.584574,"0505","050209","0502"
686,"05",DARIÉN,"03",SANTA FE,"13",AGUA FRÍA,LEY N° 58 DEL 29 DE JULIO DE 1998,LEY N° 57 DEL 14 DE JULIO DE 2017,GA 19965,28322-A,126056.649406398,306259884.176327,"0505","050313","0503"
687,"08",PANAMÁ,"05",CHEPO,"08",TORTÍ,LEY N° 58 DEL 29 DE JULIO DE 1998,LEY N° 57 DEL 14 DE JULIO DE 2017,GA 23602,GA 28322-A,286576.084035272,1029177254.87453,"0803","080508","0805"
688,"10",COMARCA KUNA YALA,"01",COMARCA KUNA YALA,"01",NARGANÁ,LEY N° 1 DEL 27 DE OCTUBRE DE 1982,N/A,GA 19960,N/A,592408.776002383,961181349.21612,"1001","100101","1001"
689,"13",PANAMÁ OESTE,"01",ARRAIJÁN,"04",SANTA CLARA,LEY Nº 1 DEL 27 DE OCTUBRE DE 1982,"LEY N° 42 DEL 30 DE ABRIL DE 2003, LEY N° 119 DEL 30 DE DICIEMBRE DE 2013",GA 19965,GA 27443-A,92329.4647524936,53368190.0973042,"1306","130104","1301"
690,"04",CHIRIQUÍ,"02",BARÚ,"03",PROGRESO,LEY N° 1 DEL 27 DE OCTUBRE DE 1982,LEY N° 5 DEL 19 DE ENERO DE 1998,GA 20047,GA 23464,70320.0531816778,55703041.0142653,"0403","040203","0402"
691,"04",CHIRIQUÍ,"10",RENACIMIENTO,"01",RÍO SERENO,LEY N° 1 DEL 27 DE OCTUBRE DE 1982,LEY N° 41 DEL 30 DE ABRIL DE 2003,GA 20047,GA 24794,90186.0049034624,77431230.2178956,"0415","041001","0410"
692,"04",CHIRIQUÍ,"10",RENACIMIENTO,"02",BREÑÓN,LEY N° 1 DEL 27 DE OCTUBRE DE 1982,LEY N° 41 DEL 30 DE ABRIL DE 2003,GA 20047,GA 24794,41279.3729715166,35548016.6522351,"0415","041002","0410"
693,"01",BOCAS DEL TORO,"02",CHANGUINOLA,"18",BARRANCO ADENTRO,LEY N° 40 DEL 30 DE ABRIL DE 2003,"LEY N° 18 DEL 26 DE FEBRERO DE 2009, LEY N° 172 DE 19 DE OCTUBRE DE 2020",GA 24794,"GA 26233, GA 29169-B",24181.2336176479,20023103.7850638,"0102","010218","0102"
694,"05",DARIÉN,"02",PINOGANA,"06",YAPE,LEY N° 1 DEL 27 DE OCTUBRE DE 1982,LEY N° 22 DEL 8 DE NOVIEMBRE DE 1983,GA 19965,GA 19976,197210.853227713,520670879.977048,"0503","050206","0502"
695,"03",COLÓN,"01",COLÓN,"06",CRISTÓBAL,LEY N° 1 DEL 27 DE OCTUBRE DE 1982,LEY N° 20 DEL 30 DE SEPTIEMBRE DE 2014,GA 19981,GA 27634-A,2378245.12835796,412102502.480266,"0305","030106","0301"
696,"04",CHIRIQUÍ,"02",BARÚ,"06",EL PALMAR,LEY N° 46 DEL 14 DE AGOSTO DE 2018,N/A,GA 28591-B,N/A,95066.6036493523,98197822.6826753,"0402","040206","0402"
697,"02",COCLÉ,"01",AGUADULCE,"01",AGUADULCE,LEY N° 2 DEL 21 DE OCTUBRE DE 1981 (DEROGADA) CÓDIGO ADMINISTRATIVO 1916,LEY N° 58 DEL 29 DE JULIO DE 1998,GA 22526,GA 23602,62412.3416569341,50412423.0160826,"0201","020101","0201"
698,"02",COCLÉ,"04",NATÁ,"01",NATÁ,LEY N° 2 DEL 21 DE OCTUBRE DE 1981 (DEROGADA) CÓDIGO ADMINISTRATIVO 1916,LEY N° 58 DEL 29 DE JULIO DE 1998,GA 22526,GA 23602,114997.093671089,175161654.121388,"0206","020401","0204"
699,"02",COCLÉ,"04",NATÁ,"02",CAPELLANÍA,LEY N° 2 DEL 21 DE OCTUBRE DE 1981 (DEROGADA) CÓDIGO ADMINISTRATIVO 1916,LEY N° 58 DEL 29 DE JULIO DE 1998,GA 22526,GA 23602,38199.1464788392,39421590.2682291,"0206","020402","0204"
